Source Table,Problem,DesignPt#,crn_across_solns,eta_1,eta_2,gamma_1,gamma_2,lambda_min,simple_solve,reuse_points,initial_solution,MacroRep#,Final Relative Optimality Gap,Area Under Progress Curve,0.05-Solve Time,0.05-Solved? (Y/N),0.1-Solve Time,0.1-Solved? (Y/N),0.2-Solve Time,0.2-Solved? (Y/N),0.5-Solve Time,0.5-Solved? (Y/N),budget,backorder_cost,demand_mean,warmup,variable_cost,fixed_cost,lead_mean,holding_cost,n_days,arc_costs,arcs,num_nodes
df_solver_results_new_sscont.jmp,SSCONT,0,True,0.425,0.65,1.625,0.9,4,True,True,"(600, 600)",0,-0.046306892,0.1334552184,0.144,1,0.144,1,0.104,1,0.072,1,1000,4,100,20,2,36,6,1,100,,,
df_solver_results_new_sscont.jmp,SSCONT,0,True,0.425,0.65,1.625,0.9,4,True,True,"(600, 600)",1,0.1059127718,0.2480724035,0.362,1,0.104,1,0.104,1,0.072,1,1000,4,100,20,2,36,6,1,100,,,
df_solver_results_new_sscont.jmp,SSCONT,0,True,0.425,0.65,1.625,0.9,4,True,True,"(600, 600)",2,0.713051772,0.2002915226,.,0,0.2,1,0.072,1,0.056,1,1000,4,100,20,2,36,6,1,100,,,
df_solver_results_new_sscont.jmp,SSCONT,0,True,0.425,0.65,1.625,0.9,4,True,True,"(600, 600)",3,0.409900061,0.3293847292,.,0,0.37,1,0.072,1,0.056,1,1000,4,100,20,2,36,6,1,100,,,
df_solver_results_new_sscont.jmp,SSCONT,0,True,0.425,0.65,1.625,0.9,4,True,True,"(600, 600)",4,0.0637737849,0.1800171039,0.18,1,0.072,1,0.072,1,0.056,1,1000,4,100,20,2,36,6,1,100,,,
df_solver_results_new_sscont.jmp,SSCONT,0,True,0.425,0.65,1.625,0.9,4,True,True,"(600, 600)",5,0.5435892069,0.3117844143,0.192,1,0.072,1,0.072,1,0.056,1,1000,4,100,20,2,36,6,1,100,,,
df_solver_results_new_sscont.jmp,SSCONT,0,True,0.425,0.65,1.625,0.9,4,True,True,"(600, 600)",6,0.0160152768,0.2255352396,0.689,1,0.574,1,0.088,1,0.088,1,1000,4,100,20,2,36,6,1,100,,,
df_solver_results_new_sscont.jmp,SSCONT,0,True,0.425,0.65,1.625,0.9,4,True,True,"(600, 600)",7,0.0516015644,0.2056465574,.,0,0.568,1,0.072,1,0.056,1,1000,4,100,20,2,36,6,1,100,,,
df_solver_results_new_sscont.jmp,SSCONT,0,True,0.425,0.65,1.625,0.9,4,True,True,"(600, 600)",8,0.2112696575,0.3711097546,0.256,1,0.212,1,0.124,1,0.056,1,1000,4,100,20,2,36,6,1,100,,,
df_solver_results_new_sscont.jmp,SSCONT,0,True,0.425,0.65,1.625,0.9,4,True,True,"(600, 600)",9,0.1026387198,0.1775473263,.,0,0.072,1,0.072,1,0.056,1,1000,4,100,20,2,36,6,1,100,,,
df_solver_results_new_sscont.jmp,SSCONT,1,True,0.45,0.725,1.125,0.3,4,True,True,"(600, 600)",0,0.5276661274,0.568343836,.,0,.,0,.,0,.,0,1000,4,100,20,2,36,6,1,100,,,
df_solver_results_new_sscont.jmp,SSCONT,1,True,0.45,0.725,1.125,0.3,4,True,True,"(600, 600)",1,0.4294823056,0.4645973143,.,0,.,0,.,0,0.072,1,1000,4,100,20,2,36,6,1,100,,,
df_solver_results_new_sscont.jmp,SSCONT,1,True,0.45,0.725,1.125,0.3,4,True,True,"(600, 600)",2,0.2416036374,0.2909395825,.,0,.,0,.,0,0.088,1,1000,4,100,20,2,36,6,1,100,,,
df_solver_results_new_sscont.jmp,SSCONT,1,True,0.45,0.725,1.125,0.3,4,True,True,"(600, 600)",3,0.3035756151,0.3510046745,.,0,.,0,.,0,0.072,1,1000,4,100,20,2,36,6,1,100,,,
df_solver_results_new_sscont.jmp,SSCONT,1,True,0.45,0.725,1.125,0.3,4,True,True,"(600, 600)",4,0.1317188136,0.1779299955,.,0,.,0,0.104,1,0.056,1,1000,4,100,20,2,36,6,1,100,,,
df_solver_results_new_sscont.jmp,SSCONT,1,True,0.45,0.725,1.125,0.3,4,True,True,"(600, 600)",5,0.0704362038,0.1233591772,.,0,0.12,1,0.088,1,0.056,1,1000,4,100,20,2,36,6,1,100,,,
df_solver_results_new_sscont.jmp,SSCONT,1,True,0.45,0.725,1.125,0.3,4,True,True,"(600, 600)",6,0.4244635001,0.4771284141,.,0,.,0,.,0,0.108,1,1000,4,100,20,2,36,6,1,100,,,
df_solver_results_new_sscont.jmp,SSCONT,1,True,0.45,0.725,1.125,0.3,4,True,True,"(600, 600)",7,0.170132137,0.2279773731,.,0,.,0,0.12,1,0.072,1,1000,4,100,20,2,36,6,1,100,,,
df_solver_results_new_sscont.jmp,SSCONT,1,True,0.45,0.725,1.125,0.3,4,True,True,"(600, 600)",8,0.2936559962,0.3432931777,.,0,.,0,.,0,0.088,1,1000,4,100,20,2,36,6,1,100,,,
df_solver_results_new_sscont.jmp,SSCONT,1,True,0.45,0.725,1.125,0.3,4,True,True,"(600, 600)",9,0.1067959759,0.1579382155,.,0,0.12,1,0.104,1,0.056,1,1000,4,100,20,2,36,6,1,100,,,
df_solver_results_new_sscont.jmp,SSCONT,2,True,0.125,0.6,1.25,0.45,4,True,True,"(600, 600)",0,0.1045177005,0.1701102941,.,0,0.12,1,0.104,1,0.056,1,1000,4,100,20,2,36,6,1,100,,,
df_solver_results_new_sscont.jmp,SSCONT,2,True,0.125,0.6,1.25,0.45,4,True,True,"(600, 600)",1,0.2727277034,0.3279336041,.,0,.,0,.,0,0.072,1,1000,4,100,20,2,36,6,1,100,,,
df_solver_results_new_sscont.jmp,SSCONT,2,True,0.125,0.6,1.25,0.45,4,True,True,"(600, 600)",2,0.33089394,0.3664720086,.,0,.,0,.,0,0.088,1,1000,4,100,20,2,36,6,1,100,,,
df_solver_results_new_sscont.jmp,SSCONT,2,True,0.125,0.6,1.25,0.45,4,True,True,"(600, 600)",3,0.2450529976,0.3008428792,.,0,.,0,.,0,0.072,1,1000,4,100,20,2,36,6,1,100,,,
df_solver_results_new_sscont.jmp,SSCONT,2,True,0.125,0.6,1.25,0.45,4,True,True,"(600, 600)",4,0.174594634,0.2086051707,.,0,.,0,0.088,1,0.056,1,1000,4,100,20,2,36,6,1,100,,,
df_solver_results_new_sscont.jmp,SSCONT,2,True,0.125,0.6,1.25,0.45,4,True,True,"(600, 600)",5,0.0943224916,0.1393670686,.,0,0.104,1,0.088,1,0.056,1,1000,4,100,20,2,36,6,1,100,,,
df_solver_results_new_sscont.jmp,SSCONT,2,True,0.125,0.6,1.25,0.45,4,True,True,"(600, 600)",6,0.3062272742,0.2767913601,0.21,1,0.21,1,0.188,1,0.088,1,1000,4,100,20,2,36,6,1,100,,,
df_solver_results_new_sscont.jmp,SSCONT,2,True,0.125,0.6,1.25,0.45,4,True,True,"(600, 600)",7,0.2587521613,0.3094564656,.,0,.,0,0.116,1,0.072,1,1000,4,100,20,2,36,6,1,100,,,
df_solver_results_new_sscont.jmp,SSCONT,2,True,0.125,0.6,1.25,0.45,4,True,True,"(600, 600)",8,0.2688862865,0.3171527706,.,0,.,0,.,0,0.072,1,1000,4,100,20,2,36,6,1,100,,,
df_solver_results_new_sscont.jmp,SSCONT,2,True,0.125,0.6,1.25,0.45,4,True,True,"(600, 600)",9,0.0596343788,0.1083656965,0.263,1,0.104,1,0.088,1,0.056,1,1000,4,100,20,2,36,6,1,100,,,
df_solver_results_new_sscont.jmp,SSCONT,3,True,0.225,0.9,1.375,0.6,4,True,True,"(600, 600)",0,0.0192848738,0.0918136419,0.188,1,0.188,1,0.104,1,0.072,1,1000,4,100,20,2,36,6,1,100,,,
df_solver_results_new_sscont.jmp,SSCONT,3,True,0.225,0.9,1.375,0.6,4,True,True,"(600, 600)",1,0.2543582373,0.2946267952,.,0,.,0,.,0,0.056,1,1000,4,100,20,2,36,6,1,100,,,
df_solver_results_new_sscont.jmp,SSCONT,3,True,0.225,0.9,1.375,0.6,4,True,True,"(600, 600)",2,0.0649093468,0.1399038854,0.314,1,0.188,1,0.088,1,0.072,1,1000,4,100,20,2,36,6,1,100,,,
df_solver_results_new_sscont.jmp,SSCONT,3,True,0.225,0.9,1.375,0.6,4,True,True,"(600, 600)",3,0.1953893691,0.2943797489,.,0,.,0,0.604,1,0.112,1,1000,4,100,20,2,36,6,1,100,,,
df_solver_results_new_sscont.jmp,SSCONT,3,True,0.225,0.9,1.375,0.6,4,True,True,"(600, 600)",4,0.0510576052,0.1157373441,.,0,0.104,1,0.088,1,0.056,1,1000,4,100,20,2,36,6,1,100,,,
df_solver_results_new_sscont.jmp,SSCONT,3,True,0.225,0.9,1.375,0.6,4,True,True,"(600, 600)",5,0.0060155376,0.1848539597,0.247,1,0.088,1,0.072,1,0.056,1,1000,4,100,20,2,36,6,1,100,,,
df_solver_results_new_sscont.jmp,SSCONT,3,True,0.225,0.9,1.375,0.6,4,True,True,"(600, 600)",6,0.3577381602,0.4348778177,.,0,.,0,.,0,0.056,1,1000,4,100,20,2,36,6,1,100,,,
df_solver_results_new_sscont.jmp,SSCONT,3,True,0.225,0.9,1.375,0.6,4,True,True,"(600, 600)",7,0.1633152896,0.229718108,.,0,.,0,0.088,1,0.072,1,1000,4,100,20,2,36,6,1,100,,,
df_solver_results_new_sscont.jmp,SSCONT,3,True,0.225,0.9,1.375,0.6,4,True,True,"(600, 600)",8,0.4046657537,0.4520699891,.,0,.,0,.,0,0.072,1,1000,4,100,20,2,36,6,1,100,,,
df_solver_results_new_sscont.jmp,SSCONT,3,True,0.225,0.9,1.375,0.6,4,True,True,"(600, 600)",9,0.0011449971,0.0561849571,0.116,1,0.088,1,0.088,1,0.056,1,1000,4,100,20,2,36,6,1,100,,,
df_solver_results_new_sscont.jmp,SSCONT,4,True,0.275,0.55,2.5,0.85,4,True,True,"(600, 600)",0,0.4131828447,0.3081432294,0.872,1,0.056,1,0.056,1,0.056,1,1000,4,100,20,2,36,6,1,100,,,
df_solver_results_new_sscont.jmp,SSCONT,4,True,0.275,0.55,2.5,0.85,4,True,True,"(600, 600)",1,0.0030553038,0.230386703,0.336,1,0.336,1,0.068,1,0.04,1,1000,4,100,20,2,36,6,1,100,,,
df_solver_results_new_sscont.jmp,SSCONT,4,True,0.275,0.55,2.5,0.85,4,True,True,"(600, 600)",2,0.4523249443,0.4568762077,0.797,1,0.436,1,0.056,1,0.056,1,1000,4,100,20,2,36,6,1,100,,,
df_solver_results_new_sscont.jmp,SSCONT,4,True,0.275,0.55,2.5,0.85,4,True,True,"(600, 600)",3,0.7261912073,0.4471021873,0.256,1,0.256,1,0.256,1,0.056,1,1000,4,100,20,2,36,6,1,100,,,
df_solver_results_new_sscont.jmp,SSCONT,4,True,0.275,0.55,2.5,0.85,4,True,True,"(600, 600)",4,0.1595917092,0.3893347035,.,0,0.843,1,0.056,1,0.04,1,1000,4,100,20,2,36,6,1,100,,,
df_solver_results_new_sscont.jmp,SSCONT,4,True,0.275,0.55,2.5,0.85,4,True,True,"(600, 600)",5,1.1874341656,0.7007801198,.,0,0.188,1,0.056,1,0.04,1,1000,4,100,20,2,36,6,1,100,,,
df_solver_results_new_sscont.jmp,SSCONT,4,True,0.275,0.55,2.5,0.85,4,True,True,"(600, 600)",6,0.8249333196,0.46704756,0.428,1,0.236,1,0.056,1,0.056,1,1000,4,100,20,2,36,6,1,100,,,
df_solver_results_new_sscont.jmp,SSCONT,4,True,0.275,0.55,2.5,0.85,4,True,True,"(600, 600)",7,0.1089194557,0.5403195219,.,0,0.452,1,0.056,1,0.056,1,1000,4,100,20,2,36,6,1,100,,,
df_solver_results_new_sscont.jmp,SSCONT,4,True,0.275,0.55,2.5,0.85,4,True,True,"(600, 600)",8,0.3972688231,0.4241061716,.,0,.,0,.,0,0.056,1,1000,4,100,20,2,36,6,1,100,,,
df_solver_results_new_sscont.jmp,SSCONT,4,True,0.275,0.55,2.5,0.85,4,True,True,"(600, 600)",9,1.1461868854,0.5951956772,.,0,0.432,1,0.056,1,0.04,1,1000,4,100,20,2,36,6,1,100,,,
df_solver_results_new_sscont.jmp,SSCONT,5,True,0.25,0.825,3,0.35,4,True,True,"(600, 600)",0,0.194918583,0.4673321799,.,0,0.068,1,0.068,1,0.04,1,1000,4,100,20,2,36,6,1,100,,,
df_solver_results_new_sscont.jmp,SSCONT,5,True,0.25,0.825,3,0.35,4,True,True,"(600, 600)",1,1.0256996547,0.5102076159,0.244,1,0.244,1,0.068,1,0.068,1,1000,4,100,20,2,36,6,1,100,,,
df_solver_results_new_sscont.jmp,SSCONT,5,True,0.25,0.825,3,0.35,4,True,True,"(600, 600)",2,0.357353308,0.3202852423,0.512,1,0.056,1,0.056,1,0.056,1,1000,4,100,20,2,36,6,1,100,,,
df_solver_results_new_sscont.jmp,SSCONT,5,True,0.25,0.825,3,0.35,4,True,True,"(600, 600)",3,0.0584734881,0.2144279457,.,0,0.492,1,0.068,1,0.068,1,1000,4,100,20,2,36,6,1,100,,,
df_solver_results_new_sscont.jmp,SSCONT,5,True,0.25,0.825,3,0.35,4,True,True,"(600, 600)",4,0.2575774383,0.405792068,.,0,.,0,0.056,1,0.04,1,1000,4,100,20,2,36,6,1,100,,,
df_solver_results_new_sscont.jmp,SSCONT,5,True,0.25,0.825,3,0.35,4,True,True,"(600, 600)",5,0.1305634437,0.1959512936,.,0,0.26,1,0.056,1,0.04,1,1000,4,100,20,2,36,6,1,100,,,
df_solver_results_new_sscont.jmp,SSCONT,5,True,0.25,0.825,3,0.35,4,True,True,"(600, 600)",6,0.0555451245,0.3717705036,0.444,1,0.444,1,0.444,1,0.128,1,1000,4,100,20,2,36,6,1,100,,,
df_solver_results_new_sscont.jmp,SSCONT,5,True,0.25,0.825,3,0.35,4,True,True,"(600, 600)",7,0.0466495153,0.4346118279,0.232,1,0.232,1,0.056,1,0.04,1,1000,4,100,20,2,36,6,1,100,,,
df_solver_results_new_sscont.jmp,SSCONT,5,True,0.25,0.825,3,0.35,4,True,True,"(600, 600)",8,0.0328115591,0.665333478,0.997,1,0.997,1,0.056,1,0.056,1,1000,4,100,20,2,36,6,1,100,,,
df_solver_results_new_sscont.jmp,SSCONT,5,True,0.25,0.825,3,0.35,4,True,True,"(600, 600)",9,0.3554089542,0.28740236,0.7,1,0.308,1,0.056,1,0.04,1,1000,4,100,20,2,36,6,1,100,,,
df_solver_results_new_sscont.jmp,SSCONT,6,True,0.5,0.625,2.25,0.25,4,True,True,"(600, 600)",0,0.0324720387,0.4138611056,0.296,1,0.296,1,0.296,1,0.056,1,1000,4,100,20,2,36,6,1,100,,,
df_solver_results_new_sscont.jmp,SSCONT,6,True,0.5,0.625,2.25,0.25,4,True,True,"(600, 600)",1,0.232923193,0.2632986837,.,0,.,0,0.056,1,0.04,1,1000,4,100,20,2,36,6,1,100,,,
df_solver_results_new_sscont.jmp,SSCONT,6,True,0.5,0.625,2.25,0.25,4,True,True,"(600, 600)",2,1.7142622245,0.3519588163,.,0,0.534,1,0.534,1,0.056,1,1000,4,100,20,2,36,6,1,100,,,
df_solver_results_new_sscont.jmp,SSCONT,6,True,0.5,0.625,2.25,0.25,4,True,True,"(600, 600)",3,0.094811102,0.4888528457,.,0,0.846,1,0.614,1,0.056,1,1000,4,100,20,2,36,6,1,100,,,
df_solver_results_new_sscont.jmp,SSCONT,6,True,0.5,0.625,2.25,0.25,4,True,True,"(600, 600)",4,0.2488393971,0.2310877332,.,0,.,0,0.056,1,0.04,1,1000,4,100,20,2,36,6,1,100,,,
df_solver_results_new_sscont.jmp,SSCONT,6,True,0.5,0.625,2.25,0.25,4,True,True,"(600, 600)",5,0.1798353527,0.2693360044,.,0,.,0,0.056,1,0.04,1,1000,4,100,20,2,36,6,1,100,,,
df_solver_results_new_sscont.jmp,SSCONT,6,True,0.5,0.625,2.25,0.25,4,True,True,"(600, 600)",6,-0.003093128,0.67504177,0.228,1,0.228,1,0.188,1,0.056,1,1000,4,100,20,2,36,6,1,100,,,
df_solver_results_new_sscont.jmp,SSCONT,6,True,0.5,0.625,2.25,0.25,4,True,True,"(600, 600)",7,0.0877929488,0.3568330864,0.184,1,0.184,1,0.056,1,0.056,1,1000,4,100,20,2,36,6,1,100,,,
df_solver_results_new_sscont.jmp,SSCONT,6,True,0.5,0.625,2.25,0.25,4,True,True,"(600, 600)",8,0.2575703444,0.4063256412,.,0,.,0,.,0,0.056,1,1000,4,100,20,2,36,6,1,100,,,
df_solver_results_new_sscont.jmp,SSCONT,6,True,0.5,0.625,2.25,0.25,4,True,True,"(600, 600)",9,0.0938465389,0.1246472267,0.29,1,0.172,1,0.056,1,0.04,1,1000,4,100,20,2,36,6,1,100,,,
df_solver_results_new_sscont.jmp,SSCONT,7,True,0.4,0.875,2.125,0.8,4,True,True,"(600, 600)",0,0.1993263695,0.2103959183,.,0,0.14,1,0.14,1,0.056,1,1000,4,100,20,2,36,6,1,100,,,
df_solver_results_new_sscont.jmp,SSCONT,7,True,0.4,0.875,2.125,0.8,4,True,True,"(600, 600)",1,0.0913766663,0.3495162926,.,0,0.224,1,0.056,1,0.056,1,1000,4,100,20,2,36,6,1,100,,,
df_solver_results_new_sscont.jmp,SSCONT,7,True,0.4,0.875,2.125,0.8,4,True,True,"(600, 600)",2,1.4901341193,0.688774335,0.084,1,0.084,1,0.084,1,0.056,1,1000,4,100,20,2,36,6,1,100,,,
df_solver_results_new_sscont.jmp,SSCONT,7,True,0.4,0.875,2.125,0.8,4,True,True,"(600, 600)",3,0.1906249232,0.3620054842,.,0,0.196,1,0.196,1,0.056,1,1000,4,100,20,2,36,6,1,100,,,
df_solver_results_new_sscont.jmp,SSCONT,7,True,0.4,0.875,2.125,0.8,4,True,True,"(600, 600)",4,0.2563326405,0.2546741766,0.16,1,0.16,1,0.072,1,0.056,1,1000,4,100,20,2,36,6,1,100,,,
df_solver_results_new_sscont.jmp,SSCONT,7,True,0.4,0.875,2.125,0.8,4,True,True,"(600, 600)",5,2.2923416519,0.3931636714,0.072,1,0.072,1,0.056,1,0.056,1,1000,4,100,20,2,36,6,1,100,,,
df_solver_results_new_sscont.jmp,SSCONT,7,True,0.4,0.875,2.125,0.8,4,True,True,"(600, 600)",6,-0.004810602,0.7553558756,0.108,1,0.108,1,0.108,1,0.056,1,1000,4,100,20,2,36,6,1,100,,,
df_solver_results_new_sscont.jmp,SSCONT,7,True,0.4,0.875,2.125,0.8,4,True,True,"(600, 600)",7,2.3165625076,0.7109036669,.,0,0.506,1,0.096,1,0.056,1,1000,4,100,20,2,36,6,1,100,,,
df_solver_results_new_sscont.jmp,SSCONT,7,True,0.4,0.875,2.125,0.8,4,True,True,"(600, 600)",8,0.2266802149,0.2715976086,.,0,.,0,0.12,1,0.056,1,1000,4,100,20,2,36,6,1,100,,,
df_solver_results_new_sscont.jmp,SSCONT,7,True,0.4,0.875,2.125,0.8,4,True,True,"(600, 600)",9,0.2463978982,0.2537892116,0.792,1,0.072,1,0.056,1,0.04,1,1000,4,100,20,2,36,6,1,100,,,
df_solver_results_new_sscont.jmp,SSCONT,8,True,0.3,0.7,2,0.5,4,True,True,"(600, 600)",0,0.0289942738,0.0773358586,0.072,1,0.072,1,0.072,1,0.056,1,1000,4,100,20,2,36,6,1,100,,,
df_solver_results_new_sscont.jmp,SSCONT,8,True,0.3,0.7,2,0.5,4,True,True,"(600, 600)",1,0.0655914349,0.3177670278,.,0,0.18,1,0.152,1,0.056,1,1000,4,100,20,2,36,6,1,100,,,
df_solver_results_new_sscont.jmp,SSCONT,8,True,0.3,0.7,2,0.5,4,True,True,"(600, 600)",2,0.1625979313,0.2632099558,0.864,1,0.464,1,0.084,1,0.056,1,1000,4,100,20,2,36,6,1,100,,,
df_solver_results_new_sscont.jmp,SSCONT,8,True,0.3,0.7,2,0.5,4,True,True,"(600, 600)",3,0.3464429724,0.4405455974,0.148,1,0.148,1,0.148,1,0.056,1,1000,4,100,20,2,36,6,1,100,,,
df_solver_results_new_sscont.jmp,SSCONT,8,True,0.3,0.7,2,0.5,4,True,True,"(600, 600)",4,0.0021714264,0.2531485979,0.108,1,0.108,1,0.056,1,0.056,1,1000,4,100,20,2,36,6,1,100,,,
df_solver_results_new_sscont.jmp,SSCONT,8,True,0.3,0.7,2,0.5,4,True,True,"(600, 600)",5,-0.03090139,0.4005483919,0.2,1,0.2,1,0.056,1,0.056,1,1000,4,100,20,2,36,6,1,100,,,
df_solver_results_new_sscont.jmp,SSCONT,8,True,0.3,0.7,2,0.5,4,True,True,"(600, 600)",6,0.113256672,0.186581713,.,0,.,0,0.156,1,0.056,1,1000,4,100,20,2,36,6,1,100,,,
df_solver_results_new_sscont.jmp,SSCONT,8,True,0.3,0.7,2,0.5,4,True,True,"(600, 600)",7,0.0511810227,0.2306768459,0.172,1,0.172,1,0.172,1,0.056,1,1000,4,100,20,2,36,6,1,100,,,
df_solver_results_new_sscont.jmp,SSCONT,8,True,0.3,0.7,2,0.5,4,True,True,"(600, 600)",8,0.2677421096,0.3683652722,.,0,.,0,0.108,1,0.056,1,1000,4,100,20,2,36,6,1,100,,,
df_solver_results_new_sscont.jmp,SSCONT,8,True,0.3,0.7,2,0.5,4,True,True,"(600, 600)",9,0.5936227416,0.4158585586,0.352,1,0.072,1,0.056,1,0.056,1,1000,4,100,20,2,36,6,1,100,,,
df_solver_results_new_sscont.jmp,SSCONT,9,True,0.175,0.75,2.375,0.1,4,True,True,"(600, 600)",0,0.0836288388,0.3167522588,.,0,0.326,1,0.056,1,0.056,1,1000,4,100,20,2,36,6,1,100,,,
df_solver_results_new_sscont.jmp,SSCONT,9,True,0.175,0.75,2.375,0.1,4,True,True,"(600, 600)",1,0.6494521535,0.6849370669,0.384,1,0.268,1,0.056,1,0.04,1,1000,4,100,20,2,36,6,1,100,,,
df_solver_results_new_sscont.jmp,SSCONT,9,True,0.175,0.75,2.375,0.1,4,True,True,"(600, 600)",2,0.0931652464,0.228784995,.,0,0.294,1,0.056,1,0.056,1,1000,4,100,20,2,36,6,1,100,,,
df_solver_results_new_sscont.jmp,SSCONT,9,True,0.175,0.75,2.375,0.1,4,True,True,"(600, 600)",3,0.2151624434,0.5019339873,.,0,.,0,0.056,1,0.056,1,1000,4,100,20,2,36,6,1,100,,,
df_solver_results_new_sscont.jmp,SSCONT,9,True,0.175,0.75,2.375,0.1,4,True,True,"(600, 600)",4,0.2404576478,0.3009168498,.,0,.,0,0.056,1,0.04,1,1000,4,100,20,2,36,6,1,100,,,
df_solver_results_new_sscont.jmp,SSCONT,9,True,0.175,0.75,2.375,0.1,4,True,True,"(600, 600)",5,0.1642485238,0.1879649073,.,0,0.208,1,0.056,1,0.04,1,1000,4,100,20,2,36,6,1,100,,,
df_solver_results_new_sscont.jmp,SSCONT,9,True,0.175,0.75,2.375,0.1,4,True,True,"(600, 600)",6,0.0209886853,0.433977791,0.982,1,0.982,1,0.056,1,0.056,1,1000,4,100,20,2,36,6,1,100,,,
df_solver_results_new_sscont.jmp,SSCONT,9,True,0.175,0.75,2.375,0.1,4,True,True,"(600, 600)",7,0.135033715,0.7236880579,.,0,.,0,0.056,1,0.056,1,1000,4,100,20,2,36,6,1,100,,,
df_solver_results_new_sscont.jmp,SSCONT,9,True,0.175,0.75,2.375,0.1,4,True,True,"(600, 600)",8,0.2183164187,0.3817726447,.,0,.,0,0.312,1,0.056,1,1000,4,100,20,2,36,6,1,100,,,
df_solver_results_new_sscont.jmp,SSCONT,9,True,0.175,0.75,2.375,0.1,4,True,True,"(600, 600)",9,0.0697131961,0.449258183,.,0,0.624,1,0.056,1,0.04,1,1000,4,100,20,2,36,6,1,100,,,
df_solver_results_new_sscont.jmp,SSCONT,10,True,0.15,0.675,2.875,0.7,4,True,True,"(600, 600)",0,0.3407719224,0.4042359434,.,0,0.056,1,0.056,1,0.04,1,1000,4,100,20,2,36,6,1,100,,,
df_solver_results_new_sscont.jmp,SSCONT,10,True,0.15,0.675,2.875,0.7,4,True,True,"(600, 600)",1,1.2156051643,0.7187219176,.,0,.,0,.,0,0.056,1,1000,4,100,20,2,36,6,1,100,,,
df_solver_results_new_sscont.jmp,SSCONT,10,True,0.15,0.675,2.875,0.7,4,True,True,"(600, 600)",2,0.7741399555,0.5958652053,.,0,0.056,1,0.056,1,0.056,1,1000,4,100,20,2,36,6,1,100,,,
df_solver_results_new_sscont.jmp,SSCONT,10,True,0.15,0.675,2.875,0.7,4,True,True,"(600, 600)",3,1.629397954,1.0143621908,.,0,.,0,0.068,1,0.068,1,1000,4,100,20,2,36,6,1,100,,,
df_solver_results_new_sscont.jmp,SSCONT,10,True,0.15,0.675,2.875,0.7,4,True,True,"(600, 600)",4,0.9685802043,1.3233512498,.,0,0.056,1,0.056,1,0.04,1,1000,4,100,20,2,36,6,1,100,,,
df_solver_results_new_sscont.jmp,SSCONT,10,True,0.15,0.675,2.875,0.7,4,True,True,"(600, 600)",5,1.0968607436,0.2376865342,0.722,1,0.332,1,0.056,1,0.04,1,1000,4,100,20,2,36,6,1,100,,,
df_solver_results_new_sscont.jmp,SSCONT,10,True,0.15,0.675,2.875,0.7,4,True,True,"(600, 600)",6,0.0420672671,0.3040864674,0.966,1,0.674,1,0.296,1,0.084,1,1000,4,100,20,2,36,6,1,100,,,
df_solver_results_new_sscont.jmp,SSCONT,10,True,0.15,0.675,2.875,0.7,4,True,True,"(600, 600)",7,0.7071634553,1.4666220558,.,0,.,0,0.056,1,0.04,1,1000,4,100,20,2,36,6,1,100,,,
df_solver_results_new_sscont.jmp,SSCONT,10,True,0.15,0.675,2.875,0.7,4,True,True,"(600, 600)",8,0.0614104828,0.20076968,.,0,0.2,1,0.056,1,0.056,1,1000,4,100,20,2,36,6,1,100,,,
df_solver_results_new_sscont.jmp,SSCONT,10,True,0.15,0.675,2.875,0.7,4,True,True,"(600, 600)",9,0.330896047,0.356710891,0.7,1,0.5,1,0.056,1,0.04,1,1000,4,100,20,2,36,6,1,100,,,
df_solver_results_new_sscont.jmp,SSCONT,11,True,0.475,0.8,2.75,0.55,4,True,True,"(600, 600)",0,0.1630908256,0.5780691485,0.056,1,0.056,1,0.056,1,0.056,1,1000,4,100,20,2,36,6,1,100,,,
df_solver_results_new_sscont.jmp,SSCONT,11,True,0.475,0.8,2.75,0.55,4,True,True,"(600, 600)",1,0.1734290215,0.3536032187,.,0,0.432,1,0.056,1,0.056,1,1000,4,100,20,2,36,6,1,100,,,
df_solver_results_new_sscont.jmp,SSCONT,11,True,0.475,0.8,2.75,0.55,4,True,True,"(600, 600)",2,0.7459276636,0.9255918703,.,0,0.913,1,0.056,1,0.056,1,1000,4,100,20,2,36,6,1,100,,,
df_solver_results_new_sscont.jmp,SSCONT,11,True,0.475,0.8,2.75,0.55,4,True,True,"(600, 600)",3,0.1596994452,0.6080685766,.,0,.,0,0.068,1,0.068,1,1000,4,100,20,2,36,6,1,100,,,
df_solver_results_new_sscont.jmp,SSCONT,11,True,0.475,0.8,2.75,0.55,4,True,True,"(600, 600)",4,0.3463740285,0.3174381062,.,0,.,0,0.056,1,0.04,1,1000,4,100,20,2,36,6,1,100,,,
df_solver_results_new_sscont.jmp,SSCONT,11,True,0.475,0.8,2.75,0.55,4,True,True,"(600, 600)",5,0.3004859732,0.5314781189,.,0,0.524,1,0.056,1,0.04,1,1000,4,100,20,2,36,6,1,100,,,
df_solver_results_new_sscont.jmp,SSCONT,11,True,0.475,0.8,2.75,0.55,4,True,True,"(600, 600)",6,0.0711673767,0.317879449,0.594,1,0.068,1,0.068,1,0.068,1,1000,4,100,20,2,36,6,1,100,,,
df_solver_results_new_sscont.jmp,SSCONT,11,True,0.475,0.8,2.75,0.55,4,True,True,"(600, 600)",7,0.5575536886,0.9669937639,0.288,1,0.288,1,0.288,1,0.04,1,1000,4,100,20,2,36,6,1,100,,,
df_solver_results_new_sscont.jmp,SSCONT,11,True,0.475,0.8,2.75,0.55,4,True,True,"(600, 600)",8,0.2101604562,0.6125402439,.,0,0.2,1,0.056,1,0.056,1,1000,4,100,20,2,36,6,1,100,,,
df_solver_results_new_sscont.jmp,SSCONT,11,True,0.475,0.8,2.75,0.55,4,True,True,"(600, 600)",9,0.4146309447,0.326888921,0.416,1,0.416,1,0.056,1,0.04,1,1000,4,100,20,2,36,6,1,100,,,
df_solver_results_new_sscont.jmp,SSCONT,12,True,0.375,0.5,2.625,0.4,4,True,True,"(600, 600)",0,0.1072359325,0.156272136,.,0,0.056,1,0.056,1,0.056,1,1000,4,100,20,2,36,6,1,100,,,
df_solver_results_new_sscont.jmp,SSCONT,12,True,0.375,0.5,2.625,0.4,4,True,True,"(600, 600)",1,0.7350429038,0.4923924788,.,0,0.608,1,0.056,1,0.056,1,1000,4,100,20,2,36,6,1,100,,,
df_solver_results_new_sscont.jmp,SSCONT,12,True,0.375,0.5,2.625,0.4,4,True,True,"(600, 600)",2,0.1704938276,0.7076415102,0.304,1,0.188,1,0.056,1,0.056,1,1000,4,100,20,2,36,6,1,100,,,
df_solver_results_new_sscont.jmp,SSCONT,12,True,0.375,0.5,2.625,0.4,4,True,True,"(600, 600)",3,0.1685202717,0.3627150849,.,0,.,0,0.056,1,0.056,1,1000,4,100,20,2,36,6,1,100,,,
df_solver_results_new_sscont.jmp,SSCONT,12,True,0.375,0.5,2.625,0.4,4,True,True,"(600, 600)",4,0.2463181635,0.3814329023,.,0,.,0,0.056,1,0.04,1,1000,4,100,20,2,36,6,1,100,,,
df_solver_results_new_sscont.jmp,SSCONT,12,True,0.375,0.5,2.625,0.4,4,True,True,"(600, 600)",5,0.6326168412,0.2674861075,.,0,.,0,0.056,1,0.04,1,1000,4,100,20,2,36,6,1,100,,,
df_solver_results_new_sscont.jmp,SSCONT,12,True,0.375,0.5,2.625,0.4,4,True,True,"(600, 600)",6,2.8954770394,0.6133063687,0.719,1,0.596,1,0.26,1,0.104,1,1000,4,100,20,2,36,6,1,100,,,
df_solver_results_new_sscont.jmp,SSCONT,12,True,0.375,0.5,2.625,0.4,4,True,True,"(600, 600)",7,0.4346840347,0.4805168964,.,0,0.876,1,0.156,1,0.056,1,1000,4,100,20,2,36,6,1,100,,,
df_solver_results_new_sscont.jmp,SSCONT,12,True,0.375,0.5,2.625,0.4,4,True,True,"(600, 600)",8,0.3448488881,0.3141475416,.,0,.,0,0.916,1,0.056,1,1000,4,100,20,2,36,6,1,100,,,
df_solver_results_new_sscont.jmp,SSCONT,12,True,0.375,0.5,2.625,0.4,4,True,True,"(600, 600)",9,0.1271014407,0.2739495736,0.568,1,0.212,1,0.056,1,0.04,1,1000,4,100,20,2,36,6,1,100,,,
df_solver_results_new_sscont.jmp,SSCONT,13,True,0.325,0.85,1.5,0.15,4,True,True,"(600, 600)",0,0.4500365561,0.4706891822,.,0,.,0,.,0,0.092,1,1000,4,100,20,2,36,6,1,100,,,
df_solver_results_new_sscont.jmp,SSCONT,13,True,0.325,0.85,1.5,0.15,4,True,True,"(600, 600)",1,0.0638106325,0.2889474434,0.881,1,0.881,1,0.072,1,0.056,1,1000,4,100,20,2,36,6,1,100,,,
df_solver_results_new_sscont.jmp,SSCONT,13,True,0.325,0.85,1.5,0.15,4,True,True,"(600, 600)",2,0.1304405874,0.1749949387,.,0,0.088,1,0.072,1,0.056,1,1000,4,100,20,2,36,6,1,100,,,
df_solver_results_new_sscont.jmp,SSCONT,13,True,0.325,0.85,1.5,0.15,4,True,True,"(600, 600)",3,0.1655230415,0.2403728179,.,0,.,0,0.248,1,0.072,1,1000,4,100,20,2,36,6,1,100,,,
df_solver_results_new_sscont.jmp,SSCONT,13,True,0.325,0.85,1.5,0.15,4,True,True,"(600, 600)",4,-0.007188856,0.1066917385,0.104,1,0.104,1,0.088,1,0.056,1,1000,4,100,20,2,36,6,1,100,,,
df_solver_results_new_sscont.jmp,SSCONT,13,True,0.325,0.85,1.5,0.15,4,True,True,"(600, 600)",5,0.0057878571,0.2457822582,0.638,1,0.638,1,0.072,1,0.056,1,1000,4,100,20,2,36,6,1,100,,,
df_solver_results_new_sscont.jmp,SSCONT,13,True,0.325,0.85,1.5,0.15,4,True,True,"(600, 600)",6,0.5017623371,0.5284521565,.,0,.,0,.,0,.,0,1000,4,100,20,2,36,6,1,100,,,
df_solver_results_new_sscont.jmp,SSCONT,13,True,0.325,0.85,1.5,0.15,4,True,True,"(600, 600)",7,0.170514201,0.213069328,.,0,.,0,0.124,1,0.056,1,1000,4,100,20,2,36,6,1,100,,,
df_solver_results_new_sscont.jmp,SSCONT,13,True,0.325,0.85,1.5,0.15,4,True,True,"(600, 600)",8,0.704426286,0.7239785799,.,0,.,0,.,0,.,0,1000,4,100,20,2,36,6,1,100,,,
df_solver_results_new_sscont.jmp,SSCONT,13,True,0.325,0.85,1.5,0.15,4,True,True,"(600, 600)",9,0.1376161606,0.1813042051,.,0,.,0,0.072,1,0.056,1,1000,4,100,20,2,36,6,1,100,,,
df_solver_results_new_sscont.jmp,SSCONT,14,True,0.35,0.575,1,0.65,4,True,True,"(600, 600)",0,0.185133728,0.2802739517,.,0,.,0,0.509,1,0.12,1,1000,4,100,20,2,36,6,1,100,,,
df_solver_results_new_sscont.jmp,SSCONT,14,True,0.35,0.575,1,0.65,4,True,True,"(600, 600)",1,0.2947916658,0.3495864235,.,0,.,0,.,0,0.088,1,1000,4,100,20,2,36,6,1,100,,,
df_solver_results_new_sscont.jmp,SSCONT,14,True,0.35,0.575,1,0.65,4,True,True,"(600, 600)",2,0.4794002715,0.5234243353,.,0,.,0,.,0,0.722,1,1000,4,100,20,2,36,6,1,100,,,
df_solver_results_new_sscont.jmp,SSCONT,14,True,0.35,0.575,1,0.65,4,True,True,"(600, 600)",3,0.5403897221,0.5814254129,.,0,.,0,.,0,.,0,1000,4,100,20,2,36,6,1,100,,,
df_solver_results_new_sscont.jmp,SSCONT,14,True,0.35,0.575,1,0.65,4,True,True,"(600, 600)",4,0.1573070196,0.2084699652,.,0,.,0,0.12,1,0.072,1,1000,4,100,20,2,36,6,1,100,,,
df_solver_results_new_sscont.jmp,SSCONT,14,True,0.35,0.575,1,0.65,4,True,True,"(600, 600)",5,0.2227489969,0.2856337683,.,0,.,0,.,0,0.072,1,1000,4,100,20,2,36,6,1,100,,,
df_solver_results_new_sscont.jmp,SSCONT,14,True,0.35,0.575,1,0.65,4,True,True,"(600, 600)",6,0.2649065236,0.3213769427,.,0,.,0,.,0,0.088,1,1000,4,100,20,2,36,6,1,100,,,
df_solver_results_new_sscont.jmp,SSCONT,14,True,0.35,0.575,1,0.65,4,True,True,"(600, 600)",7,0.3368529941,0.3910803697,.,0,.,0,.,0,0.088,1,1000,4,100,20,2,36,6,1,100,,,
df_solver_results_new_sscont.jmp,SSCONT,14,True,0.35,0.575,1,0.65,4,True,True,"(600, 600)",8,0.49145071,0.5491526144,.,0,.,0,.,0,0.785,1,1000,4,100,20,2,36,6,1,100,,,
df_solver_results_new_sscont.jmp,SSCONT,14,True,0.35,0.575,1,0.65,4,True,True,"(600, 600)",9,0.3137016245,0.3857393551,.,0,.,0,.,0,0.136,1,1000,4,100,20,2,36,6,1,100,,,
df_solver_results_new_sscont.jmp,SSCONT,15,True,0.1,0.775,1.75,0.75,4,True,True,"(600, 600)",0,-0.022991744,0.1862493988,0.314,1,0.212,1,0.12,1,0.056,1,1000,4,100,20,2,36,6,1,100,,,
df_solver_results_new_sscont.jmp,SSCONT,15,True,0.1,0.775,1.75,0.75,4,True,True,"(600, 600)",1,0.0528594119,0.3601401166,.,0,0.543,1,0.543,1,0.056,1,1000,4,100,20,2,36,6,1,100,,,
df_solver_results_new_sscont.jmp,SSCONT,15,True,0.1,0.775,1.75,0.75,4,True,True,"(600, 600)",2,0.1999739456,0.1823655108,.,0,0.072,1,0.072,1,0.056,1,1000,4,100,20,2,36,6,1,100,,,
df_solver_results_new_sscont.jmp,SSCONT,15,True,0.1,0.775,1.75,0.75,4,True,True,"(600, 600)",3,0.3434957018,0.4425632915,.,0,0.605,1,0.224,1,0.056,1,1000,4,100,20,2,36,6,1,100,,,
df_solver_results_new_sscont.jmp,SSCONT,15,True,0.1,0.775,1.75,0.75,4,True,True,"(600, 600)",4,0.256000765,0.1159193088,0.45,1,0.148,1,0.072,1,0.056,1,1000,4,100,20,2,36,6,1,100,,,
df_solver_results_new_sscont.jmp,SSCONT,15,True,0.1,0.775,1.75,0.75,4,True,True,"(600, 600)",5,0.6443571473,0.2971170893,0.128,1,0.072,1,0.072,1,0.056,1,1000,4,100,20,2,36,6,1,100,,,
df_solver_results_new_sscont.jmp,SSCONT,15,True,0.1,0.775,1.75,0.75,4,True,True,"(600, 600)",6,0.0798115085,0.2495432525,0.414,1,0.236,1,0.096,1,0.056,1,1000,4,100,20,2,36,6,1,100,,,
df_solver_results_new_sscont.jmp,SSCONT,15,True,0.1,0.775,1.75,0.75,4,True,True,"(600, 600)",7,0.2207879276,0.2322430351,.,0,0.188,1,0.072,1,0.056,1,1000,4,100,20,2,36,6,1,100,,,
df_solver_results_new_sscont.jmp,SSCONT,15,True,0.1,0.775,1.75,0.75,4,True,True,"(600, 600)",8,0.1798037416,0.2433154359,.,0,0.268,1,0.176,1,0.056,1,1000,4,100,20,2,36,6,1,100,,,
df_solver_results_new_sscont.jmp,SSCONT,15,True,0.1,0.775,1.75,0.75,4,True,True,"(600, 600)",9,0.0612726022,0.1845381184,0.344,1,0.316,1,0.072,1,0.056,1,1000,4,100,20,2,36,6,1,100,,,
df_solver_results_new_sscont.jmp,SSCONT,16,True,0.2,0.525,1.875,0.2,4,True,True,"(600, 600)",0,0.1265291775,0.1657847003,0.168,1,0.072,1,0.072,1,0.056,1,1000,4,100,20,2,36,6,1,100,,,
df_solver_results_new_sscont.jmp,SSCONT,16,True,0.2,0.525,1.875,0.2,4,True,True,"(600, 600)",1,0.5572837294,0.5783424708,.,0,.,0,.,0,.,0,1000,4,100,20,2,36,6,1,100,,,
df_solver_results_new_sscont.jmp,SSCONT,16,True,0.2,0.525,1.875,0.2,4,True,True,"(600, 600)",2,0.0733168782,0.3189652099,.,0,0.426,1,0.072,1,0.056,1,1000,4,100,20,2,36,6,1,100,,,
df_solver_results_new_sscont.jmp,SSCONT,16,True,0.2,0.525,1.875,0.2,4,True,True,"(600, 600)",3,0.2341448496,0.2728485882,.,0,.,0,.,0,0.056,1,1000,4,100,20,2,36,6,1,100,,,
df_solver_results_new_sscont.jmp,SSCONT,16,True,0.2,0.525,1.875,0.2,4,True,True,"(600, 600)",4,-0.058684577,0.0130582216,0.16,1,0.144,1,0.072,1,0.056,1,1000,4,100,20,2,36,6,1,100,,,
df_solver_results_new_sscont.jmp,SSCONT,16,True,0.2,0.525,1.875,0.2,4,True,True,"(600, 600)",5,0.0530941291,0.2638088012,0.454,1,0.112,1,0.072,1,0.056,1,1000,4,100,20,2,36,6,1,100,,,
df_solver_results_new_sscont.jmp,SSCONT,16,True,0.2,0.525,1.875,0.2,4,True,True,"(600, 600)",6,0.7229992925,0.766866482,.,0,.,0,.,0,.,0,1000,4,100,20,2,36,6,1,100,,,
df_solver_results_new_sscont.jmp,SSCONT,16,True,0.2,0.525,1.875,0.2,4,True,True,"(600, 600)",7,0.2437017026,0.2709477061,.,0,.,0,.,0,0.056,1,1000,4,100,20,2,36,6,1,100,,,
df_solver_results_new_sscont.jmp,SSCONT,16,True,0.2,0.525,1.875,0.2,4,True,True,"(600, 600)",8,0.1177746967,0.1662968913,.,0,.,0,0.084,1,0.056,1,1000,4,100,20,2,36,6,1,100,,,
df_solver_results_new_sscont.jmp,SSCONT,16,True,0.2,0.525,1.875,0.2,4,True,True,"(600, 600)",9,0.0972938834,0.2881200631,.,0,0.402,1,0.056,1,0.056,1,1000,4,100,20,2,36,6,1,100,,,
df_solver_results_new_sscont.jmp,SSCONT,17,True,0.25,0.6,3,0.75,4,True,True,"(600, 600)",0,0.194918583,0.4673321799,.,0,0.068,1,0.068,1,0.04,1,1000,4,100,20,2,36,6,1,100,,,
df_solver_results_new_sscont.jmp,SSCONT,17,True,0.25,0.6,3,0.75,4,True,True,"(600, 600)",1,1.0256996547,0.5102076159,0.244,1,0.244,1,0.068,1,0.068,1,1000,4,100,20,2,36,6,1,100,,,
df_solver_results_new_sscont.jmp,SSCONT,17,True,0.25,0.6,3,0.75,4,True,True,"(600, 600)",2,0.4328235367,0.3537120898,.,0,0.056,1,0.056,1,0.056,1,1000,4,100,20,2,36,6,1,100,,,
df_solver_results_new_sscont.jmp,SSCONT,17,True,0.25,0.6,3,0.75,4,True,True,"(600, 600)",3,0.1444233146,0.2053678413,.,0,0.492,1,0.068,1,0.068,1,1000,4,100,20,2,36,6,1,100,,,
df_solver_results_new_sscont.jmp,SSCONT,17,True,0.25,0.6,3,0.75,4,True,True,"(600, 600)",4,0.2575774383,0.405792068,.,0,.,0,0.056,1,0.04,1,1000,4,100,20,2,36,6,1,100,,,
df_solver_results_new_sscont.jmp,SSCONT,17,True,0.25,0.6,3,0.75,4,True,True,"(600, 600)",5,0.0998031308,0.2867350328,0.718,1,0.316,1,0.056,1,0.04,1,1000,4,100,20,2,36,6,1,100,,,
df_solver_results_new_sscont.jmp,SSCONT,17,True,0.25,0.6,3,0.75,4,True,True,"(600, 600)",6,0.2268579424,0.334249786,.,0,.,0,0.22,1,0.12,1,1000,4,100,20,2,36,6,1,100,,,
df_solver_results_new_sscont.jmp,SSCONT,17,True,0.25,0.6,3,0.75,4,True,True,"(600, 600)",7,0.2651747232,0.4000057427,0.232,1,0.232,1,0.056,1,0.04,1,1000,4,100,20,2,36,6,1,100,,,
df_solver_results_new_sscont.jmp,SSCONT,17,True,0.25,0.6,3,0.75,4,True,True,"(600, 600)",8,0.5254060851,0.5206247507,0.48,1,0.348,1,0.056,1,0.056,1,1000,4,100,20,2,36,6,1,100,,,
df_solver_results_new_sscont.jmp,SSCONT,17,True,0.25,0.6,3,0.75,4,True,True,"(600, 600)",9,0.3554089542,0.28740236,0.7,1,0.308,1,0.056,1,0.04,1,1000,4,100,20,2,36,6,1,100,,,
df_solver_results_new_sscont.jmp,SSCONT,18,True,0.325,0.5,1.5,0.8,4,True,True,"(600, 600)",0,0.0951097746,0.1619085867,0.432,1,0.174,1,0.152,1,0.104,1,1000,4,100,20,2,36,6,1,100,,,
df_solver_results_new_sscont.jmp,SSCONT,18,True,0.325,0.5,1.5,0.8,4,True,True,"(600, 600)",1,0.0638106325,0.2889474434,0.881,1,0.881,1,0.072,1,0.056,1,1000,4,100,20,2,36,6,1,100,,,
df_solver_results_new_sscont.jmp,SSCONT,18,True,0.325,0.5,1.5,0.8,4,True,True,"(600, 600)",2,0.0670540958,0.1664184552,0.491,1,0.088,1,0.072,1,0.056,1,1000,4,100,20,2,36,6,1,100,,,
df_solver_results_new_sscont.jmp,SSCONT,18,True,0.325,0.5,1.5,0.8,4,True,True,"(600, 600)",3,0.1869119469,0.2637528726,.,0,0.58,1,0.212,1,0.056,1,1000,4,100,20,2,36,6,1,100,,,
df_solver_results_new_sscont.jmp,SSCONT,18,True,0.325,0.5,1.5,0.8,4,True,True,"(600, 600)",4,-0.048480855,0.0955285333,0.284,1,0.196,1,0.072,1,0.056,1,1000,4,100,20,2,36,6,1,100,,,
df_solver_results_new_sscont.jmp,SSCONT,18,True,0.325,0.5,1.5,0.8,4,True,True,"(600, 600)",5,0.0149046441,0.246046645,0.638,1,0.638,1,0.072,1,0.056,1,1000,4,100,20,2,36,6,1,100,,,
df_solver_results_new_sscont.jmp,SSCONT,18,True,0.325,0.5,1.5,0.8,4,True,True,"(600, 600)",6,0.0777502413,0.1810143908,0.416,1,0.272,1,0.208,1,0.088,1,1000,4,100,20,2,36,6,1,100,,,
df_solver_results_new_sscont.jmp,SSCONT,18,True,0.325,0.5,1.5,0.8,4,True,True,"(600, 600)",7,0.4838876836,0.2760017634,.,0,0.435,1,0.124,1,0.056,1,1000,4,100,20,2,36,6,1,100,,,
df_solver_results_new_sscont.jmp,SSCONT,18,True,0.325,0.5,1.5,0.8,4,True,True,"(600, 600)",8,0.0636341434,0.16292149,0.479,1,0.248,1,0.104,1,0.088,1,1000,4,100,20,2,36,6,1,100,,,
df_solver_results_new_sscont.jmp,SSCONT,18,True,0.325,0.5,1.5,0.8,4,True,True,"(600, 600)",9,0.1162497653,0.1066464509,0.284,1,0.104,1,0.072,1,0.056,1,1000,4,100,20,2,36,6,1,100,,,
df_solver_results_new_sscont.jmp,SSCONT,19,True,0.2,0.75,1.875,0.15,4,True,True,"(600, 600)",0,0.0533094026,0.1248764802,0.168,1,0.072,1,0.072,1,0.056,1,1000,4,100,20,2,36,6,1,100,,,
df_solver_results_new_sscont.jmp,SSCONT,19,True,0.2,0.75,1.875,0.15,4,True,True,"(600, 600)",1,0.3777900399,0.4166211191,.,0,.,0,.,0,0.092,1,1000,4,100,20,2,36,6,1,100,,,
df_solver_results_new_sscont.jmp,SSCONT,19,True,0.2,0.75,1.875,0.15,4,True,True,"(600, 600)",2,0.0405819925,0.3017142577,0.482,1,0.446,1,0.072,1,0.056,1,1000,4,100,20,2,36,6,1,100,,,
df_solver_results_new_sscont.jmp,SSCONT,19,True,0.2,0.75,1.875,0.15,4,True,True,"(600, 600)",3,0.236975299,0.2820164001,.,0,.,0,.,0,0.056,1,1000,4,100,20,2,36,6,1,100,,,
df_solver_results_new_sscont.jmp,SSCONT,19,True,0.2,0.75,1.875,0.15,4,True,True,"(600, 600)",4,-0.047066986,0.0215490513,0.16,1,0.16,1,0.072,1,0.056,1,1000,4,100,20,2,36,6,1,100,,,
df_solver_results_new_sscont.jmp,SSCONT,19,True,0.2,0.75,1.875,0.15,4,True,True,"(600, 600)",5,0.0755818391,0.2700949234,0.454,1,0.112,1,0.072,1,0.056,1,1000,4,100,20,2,36,6,1,100,,,
df_solver_results_new_sscont.jmp,SSCONT,19,True,0.2,0.75,1.875,0.15,4,True,True,"(600, 600)",6,-0.039466564,0.5069368156,0.798,1,0.798,1,0.649,1,0.628,1,1000,4,100,20,2,36,6,1,100,,,
df_solver_results_new_sscont.jmp,SSCONT,19,True,0.2,0.75,1.875,0.15,4,True,True,"(600, 600)",7,0.2824929955,0.3125377851,.,0,.,0,.,0,0.056,1,1000,4,100,20,2,36,6,1,100,,,
df_solver_results_new_sscont.jmp,SSCONT,19,True,0.2,0.75,1.875,0.15,4,True,True,"(600, 600)",8,0.132089594,0.1762579282,.,0,.,0,0.084,1,0.056,1,1000,4,100,20,2,36,6,1,100,,,
df_solver_results_new_sscont.jmp,SSCONT,19,True,0.2,0.75,1.875,0.15,4,True,True,"(600, 600)",9,0.0965421939,0.2879163973,.,0,0.422,1,0.056,1,0.056,1,1000,4,100,20,2,36,6,1,100,,,
df_solver_results_new_sscont.jmp,SSCONT,20,True,0.5,0.725,2.25,0.35,4,True,True,"(600, 600)",0,0.2267335661,0.4538997143,0.296,1,0.296,1,0.296,1,0.056,1,1000,4,100,20,2,36,6,1,100,,,
df_solver_results_new_sscont.jmp,SSCONT,20,True,0.5,0.725,2.25,0.35,4,True,True,"(600, 600)",1,0.1509208586,0.1833928383,.,0,.,0,0.056,1,0.04,1,1000,4,100,20,2,36,6,1,100,,,
df_solver_results_new_sscont.jmp,SSCONT,20,True,0.5,0.725,2.25,0.35,4,True,True,"(600, 600)",2,0.1112027448,0.3982574645,.,0,0.534,1,0.534,1,0.056,1,1000,4,100,20,2,36,6,1,100,,,
df_solver_results_new_sscont.jmp,SSCONT,20,True,0.5,0.725,2.25,0.35,4,True,True,"(600, 600)",3,0.2547312269,0.494298769,.,0,0.846,1,0.614,1,0.056,1,1000,4,100,20,2,36,6,1,100,,,
df_solver_results_new_sscont.jmp,SSCONT,20,True,0.5,0.725,2.25,0.35,4,True,True,"(600, 600)",4,0.4949783604,0.3701079996,0.18,1,0.164,1,0.056,1,0.04,1,1000,4,100,20,2,36,6,1,100,,,
df_solver_results_new_sscont.jmp,SSCONT,20,True,0.5,0.725,2.25,0.35,4,True,True,"(600, 600)",5,1.3016175117,0.3545520451,0.827,1,0.827,1,0.056,1,0.04,1,1000,4,100,20,2,36,6,1,100,,,
df_solver_results_new_sscont.jmp,SSCONT,20,True,0.5,0.725,2.25,0.35,4,True,True,"(600, 600)",6,-0.003093128,0.67504177,0.228,1,0.228,1,0.188,1,0.056,1,1000,4,100,20,2,36,6,1,100,,,
df_solver_results_new_sscont.jmp,SSCONT,20,True,0.5,0.725,2.25,0.35,4,True,True,"(600, 600)",7,0.2317138884,0.3587632433,0.184,1,0.184,1,0.056,1,0.056,1,1000,4,100,20,2,36,6,1,100,,,
df_solver_results_new_sscont.jmp,SSCONT,20,True,0.5,0.725,2.25,0.35,4,True,True,"(600, 600)",8,0.2575703444,0.4063256412,.,0,.,0,.,0,0.056,1,1000,4,100,20,2,36,6,1,100,,,
df_solver_results_new_sscont.jmp,SSCONT,20,True,0.5,0.725,2.25,0.35,4,True,True,"(600, 600)",9,0.4666128345,0.1706547429,.,0,0.232,1,0.056,1,0.04,1,1000,4,100,20,2,36,6,1,100,,,
df_solver_results_new_sscont.jmp,SSCONT,21,True,0.15,0.625,2.875,0.45,4,True,True,"(600, 600)",0,0.175326245,0.3165194506,.,0,0.056,1,0.056,1,0.04,1,1000,4,100,20,2,36,6,1,100,,,
df_solver_results_new_sscont.jmp,SSCONT,21,True,0.15,0.625,2.875,0.45,4,True,True,"(600, 600)",1,1.2156051643,0.7187219176,.,0,.,0,.,0,0.056,1,1000,4,100,20,2,36,6,1,100,,,
df_solver_results_new_sscont.jmp,SSCONT,21,True,0.15,0.625,2.875,0.45,4,True,True,"(600, 600)",2,0.7741399555,0.5958652053,.,0,0.056,1,0.056,1,0.056,1,1000,4,100,20,2,36,6,1,100,,,
df_solver_results_new_sscont.jmp,SSCONT,21,True,0.15,0.625,2.875,0.45,4,True,True,"(600, 600)",3,1.629397954,1.0143621908,.,0,.,0,0.068,1,0.068,1,1000,4,100,20,2,36,6,1,100,,,
df_solver_results_new_sscont.jmp,SSCONT,21,True,0.15,0.625,2.875,0.45,4,True,True,"(600, 600)",4,0.9685802043,1.3233512498,.,0,0.056,1,0.056,1,0.04,1,1000,4,100,20,2,36,6,1,100,,,
df_solver_results_new_sscont.jmp,SSCONT,21,True,0.15,0.625,2.875,0.45,4,True,True,"(600, 600)",5,2.6993169284,0.5845873962,0.641,1,0.641,1,0.056,1,0.04,1,1000,4,100,20,2,36,6,1,100,,,
df_solver_results_new_sscont.jmp,SSCONT,21,True,0.15,0.625,2.875,0.45,4,True,True,"(600, 600)",6,0.3744332358,0.4749580803,0.654,1,0.654,1,0.272,1,0.084,1,1000,4,100,20,2,36,6,1,100,,,
df_solver_results_new_sscont.jmp,SSCONT,21,True,0.15,0.625,2.875,0.45,4,True,True,"(600, 600)",7,0.7071634553,1.4666220558,.,0,.,0,0.056,1,0.04,1,1000,4,100,20,2,36,6,1,100,,,
df_solver_results_new_sscont.jmp,SSCONT,21,True,0.15,0.625,2.875,0.45,4,True,True,"(600, 600)",8,0.8238490969,0.2872141735,0.722,1,0.2,1,0.056,1,0.056,1,1000,4,100,20,2,36,6,1,100,,,
df_solver_results_new_sscont.jmp,SSCONT,21,True,0.15,0.625,2.875,0.45,4,True,True,"(600, 600)",9,0.1649970639,0.3392920045,0.7,1,0.5,1,0.056,1,0.04,1,1000,4,100,20,2,36,6,1,100,,,
df_solver_results_new_sscont.jmp,SSCONT,22,True,0.425,0.525,1.625,0.4,4,True,True,"(600, 600)",0,0.0311606527,0.1931393391,0.256,1,0.256,1,0.22,1,0.124,1,1000,4,100,20,2,36,6,1,100,,,
df_solver_results_new_sscont.jmp,SSCONT,22,True,0.425,0.525,1.625,0.4,4,True,True,"(600, 600)",1,0.5303388321,0.5605845333,.,0,.,0,.,0,.,0,1000,4,100,20,2,36,6,1,100,,,
df_solver_results_new_sscont.jmp,SSCONT,22,True,0.425,0.525,1.625,0.4,4,True,True,"(600, 600)",2,0.1161525525,0.1573984607,.,0,.,0,0.072,1,0.056,1,1000,4,100,20,2,36,6,1,100,,,
df_solver_results_new_sscont.jmp,SSCONT,22,True,0.425,0.525,1.625,0.4,4,True,True,"(600, 600)",3,0.1618475352,0.2516730075,.,0,.,0,0.072,1,0.056,1,1000,4,100,20,2,36,6,1,100,,,
df_solver_results_new_sscont.jmp,SSCONT,22,True,0.425,0.525,1.625,0.4,4,True,True,"(600, 600)",4,0.0769688756,0.1174718129,.,0,0.072,1,0.072,1,0.056,1,1000,4,100,20,2,36,6,1,100,,,
df_solver_results_new_sscont.jmp,SSCONT,22,True,0.425,0.525,1.625,0.4,4,True,True,"(600, 600)",5,-0.011440888,0.3007628907,0.192,1,0.072,1,0.072,1,0.056,1,1000,4,100,20,2,36,6,1,100,,,
df_solver_results_new_sscont.jmp,SSCONT,22,True,0.425,0.525,1.625,0.4,4,True,True,"(600, 600)",6,0.26065632,0.3307498554,.,0,.,0,.,0,0.104,1,1000,4,100,20,2,36,6,1,100,,,
df_solver_results_new_sscont.jmp,SSCONT,22,True,0.425,0.525,1.625,0.4,4,True,True,"(600, 600)",7,0.1490883848,0.1921855142,.,0,.,0,0.072,1,0.056,1,1000,4,100,20,2,36,6,1,100,,,
df_solver_results_new_sscont.jmp,SSCONT,22,True,0.425,0.525,1.625,0.4,4,True,True,"(600, 600)",8,0.2111169182,0.3689445275,0.256,1,0.212,1,0.124,1,0.056,1,1000,4,100,20,2,36,6,1,100,,,
df_solver_results_new_sscont.jmp,SSCONT,22,True,0.425,0.525,1.625,0.4,4,True,True,"(600, 600)",9,0.0729925024,0.1162606039,.,0,0.072,1,0.072,1,0.056,1,1000,4,100,20,2,36,6,1,100,,,
df_solver_results_new_sscont.jmp,SSCONT,23,True,0.225,0.85,1.375,0.9,4,True,True,"(600, 600)",0,0.1372376111,0.1703087303,0.188,1,0.188,1,0.104,1,0.072,1,1000,4,100,20,2,36,6,1,100,,,
df_solver_results_new_sscont.jmp,SSCONT,23,True,0.225,0.85,1.375,0.9,4,True,True,"(600, 600)",1,0.1807233269,0.2124295574,.,0,.,0,0.16,1,0.056,1,1000,4,100,20,2,36,6,1,100,,,
df_solver_results_new_sscont.jmp,SSCONT,23,True,0.225,0.85,1.375,0.9,4,True,True,"(600, 600)",2,0.1328096754,0.1812938892,.,0,0.172,1,0.088,1,0.072,1,1000,4,100,20,2,36,6,1,100,,,
df_solver_results_new_sscont.jmp,SSCONT,23,True,0.225,0.85,1.375,0.9,4,True,True,"(600, 600)",3,0.1953893691,0.2943797489,.,0,.,0,0.604,1,0.112,1,1000,4,100,20,2,36,6,1,100,,,
df_solver_results_new_sscont.jmp,SSCONT,23,True,0.225,0.85,1.375,0.9,4,True,True,"(600, 600)",4,0.2001183908,0.1720512083,.,0,0.104,1,0.088,1,0.056,1,1000,4,100,20,2,36,6,1,100,,,
df_solver_results_new_sscont.jmp,SSCONT,23,True,0.225,0.85,1.375,0.9,4,True,True,"(600, 600)",5,0.1639310493,0.2092141655,.,0,0.088,1,0.072,1,0.056,1,1000,4,100,20,2,36,6,1,100,,,
df_solver_results_new_sscont.jmp,SSCONT,23,True,0.225,0.85,1.375,0.9,4,True,True,"(600, 600)",6,0.138553412,0.3010053928,.,0,0.29,1,0.218,1,0.056,1,1000,4,100,20,2,36,6,1,100,,,
df_solver_results_new_sscont.jmp,SSCONT,23,True,0.225,0.85,1.375,0.9,4,True,True,"(600, 600)",7,0.0757206207,0.2112019085,0.698,1,0.454,1,0.088,1,0.072,1,1000,4,100,20,2,36,6,1,100,,,
df_solver_results_new_sscont.jmp,SSCONT,23,True,0.225,0.85,1.375,0.9,4,True,True,"(600, 600)",8,0.2732304842,0.3495753629,.,0,.,0,.,0,0.072,1,1000,4,100,20,2,36,6,1,100,,,
df_solver_results_new_sscont.jmp,SSCONT,23,True,0.225,0.85,1.375,0.9,4,True,True,"(600, 600)",9,0.0918862563,0.16106193,0.116,1,0.088,1,0.088,1,0.056,1,1000,4,100,20,2,36,6,1,100,,,
df_solver_results_new_sscont.jmp,SSCONT,24,True,0.475,0.825,2.75,0.7,4,True,True,"(600, 600)",0,0.1630908256,0.5780691485,0.056,1,0.056,1,0.056,1,0.056,1,1000,4,100,20,2,36,6,1,100,,,
df_solver_results_new_sscont.jmp,SSCONT,24,True,0.475,0.825,2.75,0.7,4,True,True,"(600, 600)",1,0.1734290215,0.3536032187,.,0,0.432,1,0.056,1,0.056,1,1000,4,100,20,2,36,6,1,100,,,
df_solver_results_new_sscont.jmp,SSCONT,24,True,0.475,0.825,2.75,0.7,4,True,True,"(600, 600)",2,0.050282353,0.9229229388,.,0,0.913,1,0.056,1,0.056,1,1000,4,100,20,2,36,6,1,100,,,
df_solver_results_new_sscont.jmp,SSCONT,24,True,0.475,0.825,2.75,0.7,4,True,True,"(600, 600)",3,0.1982207081,0.6208132477,.,0,.,0,0.068,1,0.068,1,1000,4,100,20,2,36,6,1,100,,,
df_solver_results_new_sscont.jmp,SSCONT,24,True,0.475,0.825,2.75,0.7,4,True,True,"(600, 600)",4,0.3463740285,0.3174381062,.,0,.,0,0.056,1,0.04,1,1000,4,100,20,2,36,6,1,100,,,
df_solver_results_new_sscont.jmp,SSCONT,24,True,0.475,0.825,2.75,0.7,4,True,True,"(600, 600)",5,0.1515832904,0.3406085143,0.212,1,0.212,1,0.056,1,0.04,1,1000,4,100,20,2,36,6,1,100,,,
df_solver_results_new_sscont.jmp,SSCONT,24,True,0.475,0.825,2.75,0.7,4,True,True,"(600, 600)",6,0.3209722278,0.3317952954,0.594,1,0.068,1,0.068,1,0.068,1,1000,4,100,20,2,36,6,1,100,,,
df_solver_results_new_sscont.jmp,SSCONT,24,True,0.475,0.825,2.75,0.7,4,True,True,"(600, 600)",7,1.2852834463,1.1698780905,0.823,1,0.823,1,0.288,1,0.04,1,1000,4,100,20,2,36,6,1,100,,,
df_solver_results_new_sscont.jmp,SSCONT,24,True,0.475,0.825,2.75,0.7,4,True,True,"(600, 600)",8,0.1854915279,0.5914524609,.,0,0.2,1,0.056,1,0.056,1,1000,4,100,20,2,36,6,1,100,,,
df_solver_results_new_sscont.jmp,SSCONT,24,True,0.475,0.825,2.75,0.7,4,True,True,"(600, 600)",9,0.4979319451,0.2628900777,0.872,1,0.4,1,0.056,1,0.04,1,1000,4,100,20,2,36,6,1,100,,,
df_solver_results_new_sscont.jmp,SSCONT,25,True,0.35,0.8,1,0.25,4,True,True,"(600, 600)",0,0.5235510281,0.5586440718,.,0,.,0,.,0,.,0,1000,4,100,20,2,36,6,1,100,,,
df_solver_results_new_sscont.jmp,SSCONT,25,True,0.35,0.8,1,0.25,4,True,True,"(600, 600)",1,0.3696623705,0.4103808574,.,0,.,0,.,0,0.088,1,1000,4,100,20,2,36,6,1,100,,,
df_solver_results_new_sscont.jmp,SSCONT,25,True,0.35,0.8,1,0.25,4,True,True,"(600, 600)",2,0.5151920122,0.5390944795,.,0,.,0,.,0,.,0,1000,4,100,20,2,36,6,1,100,,,
df_solver_results_new_sscont.jmp,SSCONT,25,True,0.35,0.8,1,0.25,4,True,True,"(600, 600)",3,0.5527113371,0.5822857552,.,0,.,0,.,0,.,0,1000,4,100,20,2,36,6,1,100,,,
df_solver_results_new_sscont.jmp,SSCONT,25,True,0.35,0.8,1,0.25,4,True,True,"(600, 600)",4,0.1552329042,0.2055126173,.,0,.,0,0.12,1,0.072,1,1000,4,100,20,2,36,6,1,100,,,
df_solver_results_new_sscont.jmp,SSCONT,25,True,0.35,0.8,1,0.25,4,True,True,"(600, 600)",5,0.2771434257,0.3209510203,.,0,.,0,.,0,0.072,1,1000,4,100,20,2,36,6,1,100,,,
df_solver_results_new_sscont.jmp,SSCONT,25,True,0.35,0.8,1,0.25,4,True,True,"(600, 600)",6,0.3582132078,0.3943767532,.,0,.,0,.,0,0.088,1,1000,4,100,20,2,36,6,1,100,,,
df_solver_results_new_sscont.jmp,SSCONT,25,True,0.35,0.8,1,0.25,4,True,True,"(600, 600)",7,0.3893962585,0.4142713435,.,0,.,0,.,0,0.088,1,1000,4,100,20,2,36,6,1,100,,,
df_solver_results_new_sscont.jmp,SSCONT,25,True,0.35,0.8,1,0.25,4,True,True,"(600, 600)",8,0.604436207,0.6348084649,.,0,.,0,.,0,.,0,1000,4,100,20,2,36,6,1,100,,,
df_solver_results_new_sscont.jmp,SSCONT,25,True,0.35,0.8,1,0.25,4,True,True,"(600, 600)",9,0.4238835802,0.4589579929,.,0,.,0,.,0,0.104,1,1000,4,100,20,2,36,6,1,100,,,
df_solver_results_new_sscont.jmp,SSCONT,26,True,0.275,0.9,2.5,0.2,4,True,True,"(600, 600)",0,0.1095410713,0.4939239443,0.601,1,0.056,1,0.056,1,0.056,1,1000,4,100,20,2,36,6,1,100,,,
df_solver_results_new_sscont.jmp,SSCONT,26,True,0.275,0.9,2.5,0.2,4,True,True,"(600, 600)",1,0.0030553038,0.230386703,0.336,1,0.336,1,0.068,1,0.04,1,1000,4,100,20,2,36,6,1,100,,,
df_solver_results_new_sscont.jmp,SSCONT,26,True,0.275,0.9,2.5,0.2,4,True,True,"(600, 600)",2,0.1104123613,0.1497540271,.,0,0.192,1,0.056,1,0.056,1,1000,4,100,20,2,36,6,1,100,,,
df_solver_results_new_sscont.jmp,SSCONT,26,True,0.275,0.9,2.5,0.2,4,True,True,"(600, 600)",3,0.1630180776,0.4177248637,0.256,1,0.256,1,0.256,1,0.056,1,1000,4,100,20,2,36,6,1,100,,,
df_solver_results_new_sscont.jmp,SSCONT,26,True,0.275,0.9,2.5,0.2,4,True,True,"(600, 600)",4,0.5832757695,0.4379525344,.,0,.,0,0.056,1,0.04,1,1000,4,100,20,2,36,6,1,100,,,
df_solver_results_new_sscont.jmp,SSCONT,26,True,0.275,0.9,2.5,0.2,4,True,True,"(600, 600)",5,0.1208470041,0.3615502871,.,0,.,0,0.056,1,0.04,1,1000,4,100,20,2,36,6,1,100,,,
df_solver_results_new_sscont.jmp,SSCONT,26,True,0.275,0.9,2.5,0.2,4,True,True,"(600, 600)",6,0.8249333196,0.46704756,0.428,1,0.236,1,0.056,1,0.056,1,1000,4,100,20,2,36,6,1,100,,,
df_solver_results_new_sscont.jmp,SSCONT,26,True,0.275,0.9,2.5,0.2,4,True,True,"(600, 600)",7,0.1901388444,0.2790992335,.,0,0.452,1,0.056,1,0.056,1,1000,4,100,20,2,36,6,1,100,,,
df_solver_results_new_sscont.jmp,SSCONT,26,True,0.275,0.9,2.5,0.2,4,True,True,"(600, 600)",8,0.3972688231,0.4241061716,.,0,.,0,.,0,0.056,1,1000,4,100,20,2,36,6,1,100,,,
df_solver_results_new_sscont.jmp,SSCONT,26,True,0.275,0.9,2.5,0.2,4,True,True,"(600, 600)",9,0.0812007341,0.3057845749,0.572,1,0.572,1,0.056,1,0.04,1,1000,4,100,20,2,36,6,1,100,,,
df_solver_results_new_sscont.jmp,SSCONT,27,True,0.4,0.65,2.125,0.85,4,True,True,"(600, 600)",0,0.1169431693,0.4396975961,0.462,1,0.462,1,0.364,1,0.056,1,1000,4,100,20,2,36,6,1,100,,,
df_solver_results_new_sscont.jmp,SSCONT,27,True,0.4,0.65,2.125,0.85,4,True,True,"(600, 600)",1,0.2439329817,0.2290475827,0.67,1,0.486,1,0.056,1,0.056,1,1000,4,100,20,2,36,6,1,100,,,
df_solver_results_new_sscont.jmp,SSCONT,27,True,0.4,0.65,2.125,0.85,4,True,True,"(600, 600)",2,1.8374681854,0.6496958489,0.084,1,0.084,1,0.084,1,0.056,1,1000,4,100,20,2,36,6,1,100,,,
df_solver_results_new_sscont.jmp,SSCONT,27,True,0.4,0.65,2.125,0.85,4,True,True,"(600, 600)",3,0.2132856422,0.3854768256,.,0,0.196,1,0.196,1,0.056,1,1000,4,100,20,2,36,6,1,100,,,
df_solver_results_new_sscont.jmp,SSCONT,27,True,0.4,0.65,2.125,0.85,4,True,True,"(600, 600)",4,0.1830017,0.2428641739,.,0,.,0,0.056,1,0.056,1,1000,4,100,20,2,36,6,1,100,,,
df_solver_results_new_sscont.jmp,SSCONT,27,True,0.4,0.65,2.125,0.85,4,True,True,"(600, 600)",5,-0.00264101,0.1518457429,0.072,1,0.072,1,0.056,1,0.056,1,1000,4,100,20,2,36,6,1,100,,,
df_solver_results_new_sscont.jmp,SSCONT,27,True,0.4,0.65,2.125,0.85,4,True,True,"(600, 600)",6,-0.005459697,0.7553500338,0.108,1,0.108,1,0.108,1,0.056,1,1000,4,100,20,2,36,6,1,100,,,
df_solver_results_new_sscont.jmp,SSCONT,27,True,0.4,0.65,2.125,0.85,4,True,True,"(600, 600)",7,0.9698751104,0.4533773256,.,0,.,0,0.364,1,0.056,1,1000,4,100,20,2,36,6,1,100,,,
df_solver_results_new_sscont.jmp,SSCONT,27,True,0.4,0.65,2.125,0.85,4,True,True,"(600, 600)",8,0.160758611,0.2747570966,.,0,.,0,0.12,1,0.056,1,1000,4,100,20,2,36,6,1,100,,,
df_solver_results_new_sscont.jmp,SSCONT,27,True,0.4,0.65,2.125,0.85,4,True,True,"(600, 600)",9,-0.002448978,0.3049923197,0.12,1,0.12,1,0.056,1,0.04,1,1000,4,100,20,2,36,6,1,100,,,
df_solver_results_new_sscont.jmp,SSCONT,28,True,0.1,0.675,1.75,0.65,4,True,True,"(600, 600)",0,0.2360345717,0.2715692165,.,0,0.257,1,0.136,1,0.056,1,1000,4,100,20,2,36,6,1,100,,,
df_solver_results_new_sscont.jmp,SSCONT,28,True,0.1,0.675,1.75,0.65,4,True,True,"(600, 600)",1,0.4293476,0.3639000134,.,0,.,0,0.571,1,0.056,1,1000,4,100,20,2,36,6,1,100,,,
df_solver_results_new_sscont.jmp,SSCONT,28,True,0.1,0.675,1.75,0.65,4,True,True,"(600, 600)",2,0.0757575318,0.1688367636,.,0,0.072,1,0.072,1,0.056,1,1000,4,100,20,2,36,6,1,100,,,
df_solver_results_new_sscont.jmp,SSCONT,28,True,0.1,0.675,1.75,0.65,4,True,True,"(600, 600)",3,0.28394132,0.2793633886,.,0,.,0,0.084,1,0.056,1,1000,4,100,20,2,36,6,1,100,,,
df_solver_results_new_sscont.jmp,SSCONT,28,True,0.1,0.675,1.75,0.65,4,True,True,"(600, 600)",4,-0.052505142,0.0837540021,0.45,1,0.148,1,0.072,1,0.056,1,1000,4,100,20,2,36,6,1,100,,,
df_solver_results_new_sscont.jmp,SSCONT,28,True,0.1,0.675,1.75,0.65,4,True,True,"(600, 600)",5,0.0689236529,0.1562430965,0.128,1,0.072,1,0.072,1,0.056,1,1000,4,100,20,2,36,6,1,100,,,
df_solver_results_new_sscont.jmp,SSCONT,28,True,0.1,0.675,1.75,0.65,4,True,True,"(600, 600)",6,0.0709981512,0.2528541784,0.414,1,0.236,1,0.096,1,0.056,1,1000,4,100,20,2,36,6,1,100,,,
df_solver_results_new_sscont.jmp,SSCONT,28,True,0.1,0.675,1.75,0.65,4,True,True,"(600, 600)",7,1.4272473931,0.1781444864,0.387,1,0.224,1,0.072,1,0.056,1,1000,4,100,20,2,36,6,1,100,,,
df_solver_results_new_sscont.jmp,SSCONT,28,True,0.1,0.675,1.75,0.65,4,True,True,"(600, 600)",8,0.1797353425,0.2408714464,.,0,0.268,1,0.176,1,0.056,1,1000,4,100,20,2,36,6,1,100,,,
df_solver_results_new_sscont.jmp,SSCONT,28,True,0.1,0.675,1.75,0.65,4,True,True,"(600, 600)",9,0.2599953938,0.257002218,0.304,1,0.304,1,0.072,1,0.056,1,1000,4,100,20,2,36,6,1,100,,,
df_solver_results_new_sscont.jmp,SSCONT,29,True,0.45,0.775,1.125,0.55,4,True,True,"(600, 600)",0,0.5252899918,0.5563101812,.,0,.,0,.,0,.,0,1000,4,100,20,2,36,6,1,100,,,
df_solver_results_new_sscont.jmp,SSCONT,29,True,0.45,0.775,1.125,0.55,4,True,True,"(600, 600)",1,0.3857434232,0.4234888766,.,0,.,0,.,0,0.072,1,1000,4,100,20,2,36,6,1,100,,,
df_solver_results_new_sscont.jmp,SSCONT,29,True,0.45,0.775,1.125,0.55,4,True,True,"(600, 600)",2,0.2515085098,0.3004272033,.,0,.,0,.,0,0.088,1,1000,4,100,20,2,36,6,1,100,,,
df_solver_results_new_sscont.jmp,SSCONT,29,True,0.45,0.775,1.125,0.55,4,True,True,"(600, 600)",3,0.2813220191,0.3377334488,.,0,.,0,.,0,0.072,1,1000,4,100,20,2,36,6,1,100,,,
df_solver_results_new_sscont.jmp,SSCONT,29,True,0.45,0.775,1.125,0.55,4,True,True,"(600, 600)",4,0.1388498547,0.174844615,.,0,.,0,0.104,1,0.056,1,1000,4,100,20,2,36,6,1,100,,,
df_solver_results_new_sscont.jmp,SSCONT,29,True,0.45,0.775,1.125,0.55,4,True,True,"(600, 600)",5,0.0658646901,0.1201015373,.,0,0.12,1,0.088,1,0.056,1,1000,4,100,20,2,36,6,1,100,,,
df_solver_results_new_sscont.jmp,SSCONT,29,True,0.45,0.775,1.125,0.55,4,True,True,"(600, 600)",6,0.3131809364,0.3858794969,.,0,.,0,.,0,0.092,1,1000,4,100,20,2,36,6,1,100,,,
df_solver_results_new_sscont.jmp,SSCONT,29,True,0.45,0.775,1.125,0.55,4,True,True,"(600, 600)",7,0.156680931,0.2116111151,.,0,.,0,0.132,1,0.072,1,1000,4,100,20,2,36,6,1,100,,,
df_solver_results_new_sscont.jmp,SSCONT,29,True,0.45,0.775,1.125,0.55,4,True,True,"(600, 600)",8,0.3098667096,0.3570611933,.,0,.,0,.,0,0.088,1,1000,4,100,20,2,36,6,1,100,,,
df_solver_results_new_sscont.jmp,SSCONT,29,True,0.45,0.775,1.125,0.55,4,True,True,"(600, 600)",9,0.0824347705,0.1498753801,.,0,0.12,1,0.104,1,0.056,1,1000,4,100,20,2,36,6,1,100,,,
df_solver_results_new_sscont.jmp,SSCONT,30,True,0.175,0.875,2.375,0.6,4,True,True,"(600, 600)",0,0.0643020543,0.8623631004,0.336,1,0.308,1,0.056,1,0.056,1,1000,4,100,20,2,36,6,1,100,,,
df_solver_results_new_sscont.jmp,SSCONT,30,True,0.175,0.875,2.375,0.6,4,True,True,"(600, 600)",1,0.6494521535,0.6849370669,0.384,1,0.268,1,0.056,1,0.04,1,1000,4,100,20,2,36,6,1,100,,,
df_solver_results_new_sscont.jmp,SSCONT,30,True,0.175,0.875,2.375,0.6,4,True,True,"(600, 600)",2,0.2567827282,0.3412241916,0.352,1,0.288,1,0.056,1,0.056,1,1000,4,100,20,2,36,6,1,100,,,
df_solver_results_new_sscont.jmp,SSCONT,30,True,0.175,0.875,2.375,0.6,4,True,True,"(600, 600)",3,0.1775442814,0.4993383342,.,0,.,0,0.056,1,0.056,1,1000,4,100,20,2,36,6,1,100,,,
df_solver_results_new_sscont.jmp,SSCONT,30,True,0.175,0.875,2.375,0.6,4,True,True,"(600, 600)",4,0.421669956,0.3766347404,.,0,.,0,0.056,1,0.04,1,1000,4,100,20,2,36,6,1,100,,,
df_solver_results_new_sscont.jmp,SSCONT,30,True,0.175,0.875,2.375,0.6,4,True,True,"(600, 600)",5,0.1711896416,0.2463528424,0.764,1,0.764,1,0.056,1,0.04,1,1000,4,100,20,2,36,6,1,100,,,
df_solver_results_new_sscont.jmp,SSCONT,30,True,0.175,0.875,2.375,0.6,4,True,True,"(600, 600)",6,0.1798757941,0.4375376566,.,0,.,0,0.056,1,0.056,1,1000,4,100,20,2,36,6,1,100,,,
df_solver_results_new_sscont.jmp,SSCONT,30,True,0.175,0.875,2.375,0.6,4,True,True,"(600, 600)",7,1.0301052935,0.5455945769,.,0,0.084,1,0.056,1,0.056,1,1000,4,100,20,2,36,6,1,100,,,
df_solver_results_new_sscont.jmp,SSCONT,30,True,0.175,0.875,2.375,0.6,4,True,True,"(600, 600)",8,0.0850230338,0.4319041769,.,0,0.985,1,0.312,1,0.056,1,1000,4,100,20,2,36,6,1,100,,,
df_solver_results_new_sscont.jmp,SSCONT,30,True,0.175,0.875,2.375,0.6,4,True,True,"(600, 600)",9,0.0289913854,0.3846366423,0.884,1,0.356,1,0.056,1,0.04,1,1000,4,100,20,2,36,6,1,100,,,
df_solver_results_new_sscont.jmp,SSCONT,31,True,0.375,0.55,2.625,0.1,4,True,True,"(600, 600)",0,0.1329722448,0.1595473555,.,0,0.056,1,0.056,1,0.056,1,1000,4,100,20,2,36,6,1,100,,,
df_solver_results_new_sscont.jmp,SSCONT,31,True,0.375,0.55,2.625,0.1,4,True,True,"(600, 600)",1,0.7350429038,0.4923924788,.,0,0.608,1,0.056,1,0.056,1,1000,4,100,20,2,36,6,1,100,,,
df_solver_results_new_sscont.jmp,SSCONT,31,True,0.375,0.55,2.625,0.1,4,True,True,"(600, 600)",2,0.0899429332,0.1538024319,.,0,0.204,1,0.056,1,0.056,1,1000,4,100,20,2,36,6,1,100,,,
df_solver_results_new_sscont.jmp,SSCONT,31,True,0.375,0.55,2.625,0.1,4,True,True,"(600, 600)",3,0.0907287601,0.3794237427,.,0,0.944,1,0.056,1,0.056,1,1000,4,100,20,2,36,6,1,100,,,
df_solver_results_new_sscont.jmp,SSCONT,31,True,0.375,0.55,2.625,0.1,4,True,True,"(600, 600)",4,0.2463181635,0.3814329023,.,0,.,0,0.056,1,0.04,1,1000,4,100,20,2,36,6,1,100,,,
df_solver_results_new_sscont.jmp,SSCONT,31,True,0.375,0.55,2.625,0.1,4,True,True,"(600, 600)",5,0.3254185403,0.3994037928,.,0,.,0,0.056,1,0.04,1,1000,4,100,20,2,36,6,1,100,,,
df_solver_results_new_sscont.jmp,SSCONT,31,True,0.375,0.55,2.625,0.1,4,True,True,"(600, 600)",6,0.3276229865,0.379893826,.,0,.,0,.,0,0.088,1,1000,4,100,20,2,36,6,1,100,,,
df_solver_results_new_sscont.jmp,SSCONT,31,True,0.375,0.55,2.625,0.1,4,True,True,"(600, 600)",7,0.4346840347,0.4805168964,.,0,0.876,1,0.156,1,0.056,1,1000,4,100,20,2,36,6,1,100,,,
df_solver_results_new_sscont.jmp,SSCONT,31,True,0.375,0.55,2.625,0.1,4,True,True,"(600, 600)",8,0.269254198,0.3050076623,.,0,.,0,.,0,0.056,1,1000,4,100,20,2,36,6,1,100,,,
df_solver_results_new_sscont.jmp,SSCONT,31,True,0.375,0.55,2.625,0.1,4,True,True,"(600, 600)",9,0.071361718,0.1681813512,.,0,0.212,1,0.056,1,0.04,1,1000,4,100,20,2,36,6,1,100,,,
df_solver_results_new_sscont.jmp,SSCONT,32,True,0.125,0.575,1.25,0.3,4,True,True,"(600, 600)",0,0.0999984918,0.1670569191,.,0,0.12,1,0.104,1,0.056,1,1000,4,100,20,2,36,6,1,100,,,
df_solver_results_new_sscont.jmp,SSCONT,32,True,0.125,0.575,1.25,0.3,4,True,True,"(600, 600)",1,0.2574908678,0.3050182641,.,0,.,0,.,0,0.072,1,1000,4,100,20,2,36,6,1,100,,,
df_solver_results_new_sscont.jmp,SSCONT,32,True,0.125,0.575,1.25,0.3,4,True,True,"(600, 600)",2,0.4686213258,0.4944817908,.,0,.,0,.,0,0.108,1,1000,4,100,20,2,36,6,1,100,,,
df_solver_results_new_sscont.jmp,SSCONT,32,True,0.125,0.575,1.25,0.3,4,True,True,"(600, 600)",3,0.2640634421,0.3114310984,.,0,.,0,.,0,0.072,1,1000,4,100,20,2,36,6,1,100,,,
df_solver_results_new_sscont.jmp,SSCONT,32,True,0.125,0.575,1.25,0.3,4,True,True,"(600, 600)",4,0.1650452237,0.2055933416,.,0,.,0,0.088,1,0.056,1,1000,4,100,20,2,36,6,1,100,,,
df_solver_results_new_sscont.jmp,SSCONT,32,True,0.125,0.575,1.25,0.3,4,True,True,"(600, 600)",5,0.0441271923,0.1024578863,0.357,1,0.104,1,0.088,1,0.056,1,1000,4,100,20,2,36,6,1,100,,,
df_solver_results_new_sscont.jmp,SSCONT,32,True,0.125,0.575,1.25,0.3,4,True,True,"(600, 600)",6,-0.004486967,0.1124683281,0.21,1,0.21,1,0.188,1,0.088,1,1000,4,100,20,2,36,6,1,100,,,
df_solver_results_new_sscont.jmp,SSCONT,32,True,0.125,0.575,1.25,0.3,4,True,True,"(600, 600)",7,0.3276991643,0.3316483272,.,0,.,0,0.116,1,0.072,1,1000,4,100,20,2,36,6,1,100,,,
df_solver_results_new_sscont.jmp,SSCONT,32,True,0.125,0.575,1.25,0.3,4,True,True,"(600, 600)",8,0.326306466,0.3678243704,.,0,.,0,.,0,0.072,1,1000,4,100,20,2,36,6,1,100,,,
df_solver_results_new_sscont.jmp,SSCONT,32,True,0.125,0.575,1.25,0.3,4,True,True,"(600, 600)",9,0.0808579659,0.1429507554,.,0,0.104,1,0.088,1,0.056,1,1000,4,100,20,2,36,6,1,100,,,
df_solver_results_new_sscont.jmp,SSCONT,33,True,0.2,0.875,2.625,0.4,4,True,True,"(600, 600)",0,0.1669219743,0.33871233,0.424,1,0.056,1,0.056,1,0.056,1,1000,4,100,20,2,36,6,1,100,,,
df_solver_results_new_sscont.jmp,SSCONT,33,True,0.2,0.875,2.625,0.4,4,True,True,"(600, 600)",1,0.7350429038,0.4923924788,.,0,0.608,1,0.056,1,0.056,1,1000,4,100,20,2,36,6,1,100,,,
df_solver_results_new_sscont.jmp,SSCONT,33,True,0.2,0.875,2.625,0.4,4,True,True,"(600, 600)",2,0.1704938276,0.7076415102,0.304,1,0.188,1,0.056,1,0.056,1,1000,4,100,20,2,36,6,1,100,,,
df_solver_results_new_sscont.jmp,SSCONT,33,True,0.2,0.875,2.625,0.4,4,True,True,"(600, 600)",3,0.1685202717,0.3627150849,.,0,.,0,0.056,1,0.056,1,1000,4,100,20,2,36,6,1,100,,,
df_solver_results_new_sscont.jmp,SSCONT,33,True,0.2,0.875,2.625,0.4,4,True,True,"(600, 600)",4,0.2463181635,0.3814329023,.,0,.,0,0.056,1,0.04,1,1000,4,100,20,2,36,6,1,100,,,
df_solver_results_new_sscont.jmp,SSCONT,33,True,0.2,0.875,2.625,0.4,4,True,True,"(600, 600)",5,0.5869811012,0.3071740214,.,0,0.562,1,0.056,1,0.04,1,1000,4,100,20,2,36,6,1,100,,,
df_solver_results_new_sscont.jmp,SSCONT,33,True,0.2,0.875,2.625,0.4,4,True,True,"(600, 600)",6,2.8954770394,0.6133063687,0.719,1,0.596,1,0.26,1,0.104,1,1000,4,100,20,2,36,6,1,100,,,
df_solver_results_new_sscont.jmp,SSCONT,33,True,0.2,0.875,2.625,0.4,4,True,True,"(600, 600)",7,0.4346840347,0.4805168964,.,0,0.876,1,0.156,1,0.056,1,1000,4,100,20,2,36,6,1,100,,,
df_solver_results_new_sscont.jmp,SSCONT,33,True,0.2,0.875,2.625,0.4,4,True,True,"(600, 600)",8,0.3448488881,0.3141475416,.,0,.,0,0.916,1,0.056,1,1000,4,100,20,2,36,6,1,100,,,
df_solver_results_new_sscont.jmp,SSCONT,33,True,0.2,0.875,2.625,0.4,4,True,True,"(600, 600)",9,0.0582601473,0.1810293791,.,0,0.14,1,0.056,1,0.04,1,1000,4,100,20,2,36,6,1,100,,,
df_solver_results_new_sscont.jmp,SSCONT,34,True,0.1,0.625,2.75,0.55,4,True,True,"(600, 600)",0,0.1630908256,0.5780691485,0.056,1,0.056,1,0.056,1,0.056,1,1000,4,100,20,2,36,6,1,100,,,
df_solver_results_new_sscont.jmp,SSCONT,34,True,0.1,0.625,2.75,0.55,4,True,True,"(600, 600)",1,0.1734290215,0.3536032187,.,0,0.432,1,0.056,1,0.056,1,1000,4,100,20,2,36,6,1,100,,,
df_solver_results_new_sscont.jmp,SSCONT,34,True,0.1,0.625,2.75,0.55,4,True,True,"(600, 600)",2,0.7459276636,0.9255918703,.,0,0.913,1,0.056,1,0.056,1,1000,4,100,20,2,36,6,1,100,,,
df_solver_results_new_sscont.jmp,SSCONT,34,True,0.1,0.625,2.75,0.55,4,True,True,"(600, 600)",3,0.1596994452,0.6080685766,.,0,.,0,0.068,1,0.068,1,1000,4,100,20,2,36,6,1,100,,,
df_solver_results_new_sscont.jmp,SSCONT,34,True,0.1,0.625,2.75,0.55,4,True,True,"(600, 600)",4,0.3463740285,0.3174381062,.,0,.,0,0.056,1,0.04,1,1000,4,100,20,2,36,6,1,100,,,
df_solver_results_new_sscont.jmp,SSCONT,34,True,0.1,0.625,2.75,0.55,4,True,True,"(600, 600)",5,0.0350570125,0.4893696511,0.999,1,0.524,1,0.056,1,0.04,1,1000,4,100,20,2,36,6,1,100,,,
df_solver_results_new_sscont.jmp,SSCONT,34,True,0.1,0.625,2.75,0.55,4,True,True,"(600, 600)",6,0.0711673767,0.317879449,0.594,1,0.068,1,0.068,1,0.068,1,1000,4,100,20,2,36,6,1,100,,,
df_solver_results_new_sscont.jmp,SSCONT,34,True,0.1,0.625,2.75,0.55,4,True,True,"(600, 600)",7,0.5575536886,0.9669937639,0.288,1,0.288,1,0.288,1,0.04,1,1000,4,100,20,2,36,6,1,100,,,
df_solver_results_new_sscont.jmp,SSCONT,34,True,0.1,0.625,2.75,0.55,4,True,True,"(600, 600)",8,0.2101604562,0.6125402439,.,0,0.2,1,0.056,1,0.056,1,1000,4,100,20,2,36,6,1,100,,,
df_solver_results_new_sscont.jmp,SSCONT,34,True,0.1,0.625,2.75,0.55,4,True,True,"(600, 600)",9,0.4146309447,0.326888921,0.416,1,0.416,1,0.056,1,0.04,1,1000,4,100,20,2,36,6,1,100,,,
df_solver_results_new_sscont.jmp,SSCONT,35,True,0.35,0.825,1.125,0.3,4,True,True,"(600, 600)",0,0.5276661274,0.568343836,.,0,.,0,.,0,.,0,1000,4,100,20,2,36,6,1,100,,,
df_solver_results_new_sscont.jmp,SSCONT,35,True,0.35,0.825,1.125,0.3,4,True,True,"(600, 600)",1,0.4294823056,0.4645973143,.,0,.,0,.,0,0.072,1,1000,4,100,20,2,36,6,1,100,,,
df_solver_results_new_sscont.jmp,SSCONT,35,True,0.35,0.825,1.125,0.3,4,True,True,"(600, 600)",2,0.2416036374,0.2909395825,.,0,.,0,.,0,0.088,1,1000,4,100,20,2,36,6,1,100,,,
df_solver_results_new_sscont.jmp,SSCONT,35,True,0.35,0.825,1.125,0.3,4,True,True,"(600, 600)",3,0.2511325448,0.3032207724,.,0,.,0,.,0,0.072,1,1000,4,100,20,2,36,6,1,100,,,
df_solver_results_new_sscont.jmp,SSCONT,35,True,0.35,0.825,1.125,0.3,4,True,True,"(600, 600)",4,0.1317188136,0.1779299955,.,0,.,0,0.104,1,0.056,1,1000,4,100,20,2,36,6,1,100,,,
df_solver_results_new_sscont.jmp,SSCONT,35,True,0.35,0.825,1.125,0.3,4,True,True,"(600, 600)",5,0.0704362038,0.1233591772,.,0,0.12,1,0.088,1,0.056,1,1000,4,100,20,2,36,6,1,100,,,
df_solver_results_new_sscont.jmp,SSCONT,35,True,0.35,0.825,1.125,0.3,4,True,True,"(600, 600)",6,0.4244635001,0.4771284141,.,0,.,0,.,0,0.108,1,1000,4,100,20,2,36,6,1,100,,,
df_solver_results_new_sscont.jmp,SSCONT,35,True,0.35,0.825,1.125,0.3,4,True,True,"(600, 600)",7,0.157273569,0.2101490894,.,0,.,0,0.132,1,0.072,1,1000,4,100,20,2,36,6,1,100,,,
df_solver_results_new_sscont.jmp,SSCONT,35,True,0.35,0.825,1.125,0.3,4,True,True,"(600, 600)",8,0.2936559962,0.3432931777,.,0,.,0,.,0,0.088,1,1000,4,100,20,2,36,6,1,100,,,
df_solver_results_new_sscont.jmp,SSCONT,35,True,0.35,0.825,1.125,0.3,4,True,True,"(600, 600)",9,0.1067959759,0.1579382155,.,0,0.12,1,0.104,1,0.056,1,1000,4,100,20,2,36,6,1,100,,,
df_solver_results_new_sscont.jmp,SSCONT,36,True,0.325,0.55,1.625,0.9,4,True,True,"(600, 600)",0,-0.046306892,0.1334552184,0.144,1,0.144,1,0.104,1,0.072,1,1000,4,100,20,2,36,6,1,100,,,
df_solver_results_new_sscont.jmp,SSCONT,36,True,0.325,0.55,1.625,0.9,4,True,True,"(600, 600)",1,0.1059127718,0.2480724035,0.362,1,0.104,1,0.104,1,0.072,1,1000,4,100,20,2,36,6,1,100,,,
df_solver_results_new_sscont.jmp,SSCONT,36,True,0.325,0.55,1.625,0.9,4,True,True,"(600, 600)",2,0.713051772,0.2002915226,.,0,0.2,1,0.072,1,0.056,1,1000,4,100,20,2,36,6,1,100,,,
df_solver_results_new_sscont.jmp,SSCONT,36,True,0.325,0.55,1.625,0.9,4,True,True,"(600, 600)",3,0.409900061,0.3293847292,.,0,0.37,1,0.072,1,0.056,1,1000,4,100,20,2,36,6,1,100,,,
df_solver_results_new_sscont.jmp,SSCONT,36,True,0.325,0.55,1.625,0.9,4,True,True,"(600, 600)",4,0.0637737849,0.1800171039,0.18,1,0.072,1,0.072,1,0.056,1,1000,4,100,20,2,36,6,1,100,,,
df_solver_results_new_sscont.jmp,SSCONT,36,True,0.325,0.55,1.625,0.9,4,True,True,"(600, 600)",5,0.5435892069,0.3117844143,0.192,1,0.072,1,0.072,1,0.056,1,1000,4,100,20,2,36,6,1,100,,,
df_solver_results_new_sscont.jmp,SSCONT,36,True,0.325,0.55,1.625,0.9,4,True,True,"(600, 600)",6,0.0160152768,0.2255352396,0.689,1,0.574,1,0.088,1,0.088,1,1000,4,100,20,2,36,6,1,100,,,
df_solver_results_new_sscont.jmp,SSCONT,36,True,0.325,0.55,1.625,0.9,4,True,True,"(600, 600)",7,0.0516015644,0.2056465574,.,0,0.568,1,0.072,1,0.056,1,1000,4,100,20,2,36,6,1,100,,,
df_solver_results_new_sscont.jmp,SSCONT,36,True,0.325,0.55,1.625,0.9,4,True,True,"(600, 600)",8,0.2068911355,0.3704135696,0.256,1,0.212,1,0.124,1,0.056,1,1000,4,100,20,2,36,6,1,100,,,
df_solver_results_new_sscont.jmp,SSCONT,36,True,0.325,0.55,1.625,0.9,4,True,True,"(600, 600)",9,0.0957954633,0.1394121028,0.96,1,0.072,1,0.072,1,0.056,1,1000,4,100,20,2,36,6,1,100,,,
df_solver_results_new_sscont.jmp,SSCONT,37,True,0.225,0.5,1.875,0.2,4,True,True,"(600, 600)",0,0.1265291775,0.1657847003,0.168,1,0.072,1,0.072,1,0.056,1,1000,4,100,20,2,36,6,1,100,,,
df_solver_results_new_sscont.jmp,SSCONT,37,True,0.225,0.5,1.875,0.2,4,True,True,"(600, 600)",1,0.5572837294,0.5783424708,.,0,.,0,.,0,.,0,1000,4,100,20,2,36,6,1,100,,,
df_solver_results_new_sscont.jmp,SSCONT,37,True,0.225,0.5,1.875,0.2,4,True,True,"(600, 600)",2,0.0733168782,0.3189652099,.,0,0.426,1,0.072,1,0.056,1,1000,4,100,20,2,36,6,1,100,,,
df_solver_results_new_sscont.jmp,SSCONT,37,True,0.225,0.5,1.875,0.2,4,True,True,"(600, 600)",3,0.2341448496,0.2728485882,.,0,.,0,.,0,0.056,1,1000,4,100,20,2,36,6,1,100,,,
df_solver_results_new_sscont.jmp,SSCONT,37,True,0.225,0.5,1.875,0.2,4,True,True,"(600, 600)",4,0.1636983687,0.1208015213,0.16,1,0.144,1,0.072,1,0.056,1,1000,4,100,20,2,36,6,1,100,,,
df_solver_results_new_sscont.jmp,SSCONT,37,True,0.225,0.5,1.875,0.2,4,True,True,"(600, 600)",5,0.0530941291,0.2638088012,0.454,1,0.112,1,0.072,1,0.056,1,1000,4,100,20,2,36,6,1,100,,,
df_solver_results_new_sscont.jmp,SSCONT,37,True,0.225,0.5,1.875,0.2,4,True,True,"(600, 600)",6,0.7229992925,0.766866482,.,0,.,0,.,0,.,0,1000,4,100,20,2,36,6,1,100,,,
df_solver_results_new_sscont.jmp,SSCONT,37,True,0.225,0.5,1.875,0.2,4,True,True,"(600, 600)",7,0.2437017026,0.2709477061,.,0,.,0,.,0,0.056,1,1000,4,100,20,2,36,6,1,100,,,
df_solver_results_new_sscont.jmp,SSCONT,37,True,0.225,0.5,1.875,0.2,4,True,True,"(600, 600)",8,0.1177746967,0.1662968913,.,0,.,0,0.084,1,0.056,1,1000,4,100,20,2,36,6,1,100,,,
df_solver_results_new_sscont.jmp,SSCONT,37,True,0.225,0.5,1.875,0.2,4,True,True,"(600, 600)",9,0.0972938834,0.2881200631,.,0,0.402,1,0.056,1,0.056,1,1000,4,100,20,2,36,6,1,100,,,
df_solver_results_new_sscont.jmp,SSCONT,38,True,0.125,0.8,1.75,0.75,4,True,True,"(600, 600)",0,-0.022991744,0.1862493988,0.314,1,0.212,1,0.12,1,0.056,1,1000,4,100,20,2,36,6,1,100,,,
df_solver_results_new_sscont.jmp,SSCONT,38,True,0.125,0.8,1.75,0.75,4,True,True,"(600, 600)",1,0.0528594119,0.3601401166,.,0,0.543,1,0.543,1,0.056,1,1000,4,100,20,2,36,6,1,100,,,
df_solver_results_new_sscont.jmp,SSCONT,38,True,0.125,0.8,1.75,0.75,4,True,True,"(600, 600)",2,0.1999739456,0.1823655108,.,0,0.072,1,0.072,1,0.056,1,1000,4,100,20,2,36,6,1,100,,,
df_solver_results_new_sscont.jmp,SSCONT,38,True,0.125,0.8,1.75,0.75,4,True,True,"(600, 600)",3,0.3434957018,0.4425632915,.,0,0.605,1,0.224,1,0.056,1,1000,4,100,20,2,36,6,1,100,,,
df_solver_results_new_sscont.jmp,SSCONT,38,True,0.125,0.8,1.75,0.75,4,True,True,"(600, 600)",4,0.256000765,0.1159193088,0.45,1,0.148,1,0.072,1,0.056,1,1000,4,100,20,2,36,6,1,100,,,
df_solver_results_new_sscont.jmp,SSCONT,38,True,0.125,0.8,1.75,0.75,4,True,True,"(600, 600)",5,0.6443571473,0.2971170893,0.128,1,0.072,1,0.072,1,0.056,1,1000,4,100,20,2,36,6,1,100,,,
df_solver_results_new_sscont.jmp,SSCONT,38,True,0.125,0.8,1.75,0.75,4,True,True,"(600, 600)",6,0.0798115085,0.2495432525,0.414,1,0.236,1,0.096,1,0.056,1,1000,4,100,20,2,36,6,1,100,,,
df_solver_results_new_sscont.jmp,SSCONT,38,True,0.125,0.8,1.75,0.75,4,True,True,"(600, 600)",7,0.2207879276,0.2322430351,.,0,0.188,1,0.072,1,0.056,1,1000,4,100,20,2,36,6,1,100,,,
df_solver_results_new_sscont.jmp,SSCONT,38,True,0.125,0.8,1.75,0.75,4,True,True,"(600, 600)",8,0.1798037416,0.2433154359,.,0,0.268,1,0.176,1,0.056,1,1000,4,100,20,2,36,6,1,100,,,
df_solver_results_new_sscont.jmp,SSCONT,38,True,0.125,0.8,1.75,0.75,4,True,True,"(600, 600)",9,0.0612726022,0.1845381184,0.344,1,0.316,1,0.072,1,0.056,1,1000,4,100,20,2,36,6,1,100,,,
df_solver_results_new_sscont.jmp,SSCONT,39,True,0.45,0.675,3,0.35,4,True,True,"(600, 600)",0,0.194918583,0.4673321799,.,0,0.068,1,0.068,1,0.04,1,1000,4,100,20,2,36,6,1,100,,,
df_solver_results_new_sscont.jmp,SSCONT,39,True,0.45,0.675,3,0.35,4,True,True,"(600, 600)",1,0.9164562593,0.3458971332,.,0,.,0,0.264,1,0.084,1,1000,4,100,20,2,36,6,1,100,,,
df_solver_results_new_sscont.jmp,SSCONT,39,True,0.45,0.675,3,0.35,4,True,True,"(600, 600)",2,0.357353308,0.3202852423,0.512,1,0.056,1,0.056,1,0.056,1,1000,4,100,20,2,36,6,1,100,,,
df_solver_results_new_sscont.jmp,SSCONT,39,True,0.45,0.675,3,0.35,4,True,True,"(600, 600)",3,0.0584734881,0.2144279457,.,0,0.492,1,0.068,1,0.068,1,1000,4,100,20,2,36,6,1,100,,,
df_solver_results_new_sscont.jmp,SSCONT,39,True,0.45,0.675,3,0.35,4,True,True,"(600, 600)",4,0.2575774383,0.405792068,.,0,.,0,0.056,1,0.04,1,1000,4,100,20,2,36,6,1,100,,,
df_solver_results_new_sscont.jmp,SSCONT,39,True,0.45,0.675,3,0.35,4,True,True,"(600, 600)",5,0.2561131845,0.659780805,0.436,1,0.26,1,0.056,1,0.04,1,1000,4,100,20,2,36,6,1,100,,,
df_solver_results_new_sscont.jmp,SSCONT,39,True,0.45,0.675,3,0.35,4,True,True,"(600, 600)",6,0.0555451245,0.3717705036,0.444,1,0.444,1,0.444,1,0.128,1,1000,4,100,20,2,36,6,1,100,,,
df_solver_results_new_sscont.jmp,SSCONT,39,True,0.45,0.675,3,0.35,4,True,True,"(600, 600)",7,0.2651747232,0.4000057427,0.232,1,0.232,1,0.056,1,0.04,1,1000,4,100,20,2,36,6,1,100,,,
df_solver_results_new_sscont.jmp,SSCONT,39,True,0.45,0.675,3,0.35,4,True,True,"(600, 600)",8,0.0328115591,0.665333478,0.997,1,0.997,1,0.056,1,0.056,1,1000,4,100,20,2,36,6,1,100,,,
df_solver_results_new_sscont.jmp,SSCONT,39,True,0.45,0.675,3,0.35,4,True,True,"(600, 600)",9,0.3554089542,0.28740236,0.7,1,0.308,1,0.056,1,0.04,1,1000,4,100,20,2,36,6,1,100,,,
df_solver_results_new_sscont.jmp,SSCONT,40,True,0.425,0.75,2.5,0.85,4,True,True,"(600, 600)",0,0.4131828447,0.3081432294,0.872,1,0.056,1,0.056,1,0.056,1,1000,4,100,20,2,36,6,1,100,,,
df_solver_results_new_sscont.jmp,SSCONT,40,True,0.425,0.75,2.5,0.85,4,True,True,"(600, 600)",1,0.0030553038,0.230386703,0.336,1,0.336,1,0.068,1,0.04,1,1000,4,100,20,2,36,6,1,100,,,
df_solver_results_new_sscont.jmp,SSCONT,40,True,0.425,0.75,2.5,0.85,4,True,True,"(600, 600)",2,0.4523249443,0.4568762077,0.797,1,0.436,1,0.056,1,0.056,1,1000,4,100,20,2,36,6,1,100,,,
df_solver_results_new_sscont.jmp,SSCONT,40,True,0.425,0.75,2.5,0.85,4,True,True,"(600, 600)",3,0.7261912073,0.4471021873,0.256,1,0.256,1,0.256,1,0.056,1,1000,4,100,20,2,36,6,1,100,,,
df_solver_results_new_sscont.jmp,SSCONT,40,True,0.425,0.75,2.5,0.85,4,True,True,"(600, 600)",4,0.1595917092,0.3893347035,.,0,0.843,1,0.056,1,0.04,1,1000,4,100,20,2,36,6,1,100,,,
df_solver_results_new_sscont.jmp,SSCONT,40,True,0.425,0.75,2.5,0.85,4,True,True,"(600, 600)",5,0.1810046647,0.2794625812,.,0,.,0,0.056,1,0.04,1,1000,4,100,20,2,36,6,1,100,,,
df_solver_results_new_sscont.jmp,SSCONT,40,True,0.425,0.75,2.5,0.85,4,True,True,"(600, 600)",6,0.8249333196,0.46704756,0.428,1,0.236,1,0.056,1,0.056,1,1000,4,100,20,2,36,6,1,100,,,
df_solver_results_new_sscont.jmp,SSCONT,40,True,0.425,0.75,2.5,0.85,4,True,True,"(600, 600)",7,0.1089194557,0.5403195219,.,0,0.452,1,0.056,1,0.056,1,1000,4,100,20,2,36,6,1,100,,,
df_solver_results_new_sscont.jmp,SSCONT,40,True,0.425,0.75,2.5,0.85,4,True,True,"(600, 600)",8,0.3972688231,0.4241061716,.,0,.,0,.,0,0.056,1,1000,4,100,20,2,36,6,1,100,,,
df_solver_results_new_sscont.jmp,SSCONT,40,True,0.425,0.75,2.5,0.85,4,True,True,"(600, 600)",9,1.1461868854,0.5951956772,.,0,0.432,1,0.056,1,0.04,1,1000,4,100,20,2,36,6,1,100,,,
df_solver_results_new_sscont.jmp,SSCONT,41,True,0.4,0.525,1.375,0.6,4,True,True,"(600, 600)",0,0.0893214469,0.1337219239,0.291,1,0.136,1,0.12,1,0.088,1,1000,4,100,20,2,36,6,1,100,,,
df_solver_results_new_sscont.jmp,SSCONT,41,True,0.4,0.525,1.375,0.6,4,True,True,"(600, 600)",1,0.2543582373,0.2946267952,.,0,.,0,.,0,0.056,1,1000,4,100,20,2,36,6,1,100,,,
df_solver_results_new_sscont.jmp,SSCONT,41,True,0.4,0.525,1.375,0.6,4,True,True,"(600, 600)",2,0.1183204672,0.1649703025,.,0,0.188,1,0.088,1,0.072,1,1000,4,100,20,2,36,6,1,100,,,
df_solver_results_new_sscont.jmp,SSCONT,41,True,0.4,0.525,1.375,0.6,4,True,True,"(600, 600)",3,0.1953893691,0.2943797489,.,0,.,0,0.604,1,0.112,1,1000,4,100,20,2,36,6,1,100,,,
df_solver_results_new_sscont.jmp,SSCONT,41,True,0.4,0.525,1.375,0.6,4,True,True,"(600, 600)",4,0.2499296516,0.243812184,.,0,.,0,0.088,1,0.056,1,1000,4,100,20,2,36,6,1,100,,,
df_solver_results_new_sscont.jmp,SSCONT,41,True,0.4,0.525,1.375,0.6,4,True,True,"(600, 600)",5,0.0060155376,0.1848539597,0.247,1,0.088,1,0.072,1,0.056,1,1000,4,100,20,2,36,6,1,100,,,
df_solver_results_new_sscont.jmp,SSCONT,41,True,0.4,0.525,1.375,0.6,4,True,True,"(600, 600)",6,0.3577381602,0.4348778177,.,0,.,0,.,0,0.056,1,1000,4,100,20,2,36,6,1,100,,,
df_solver_results_new_sscont.jmp,SSCONT,41,True,0.4,0.525,1.375,0.6,4,True,True,"(600, 600)",7,0.1633152896,0.229718108,.,0,.,0,0.088,1,0.072,1,1000,4,100,20,2,36,6,1,100,,,
df_solver_results_new_sscont.jmp,SSCONT,41,True,0.4,0.525,1.375,0.6,4,True,True,"(600, 600)",8,0.2149867961,0.2276845861,0.272,1,0.22,1,0.128,1,0.072,1,1000,4,100,20,2,36,6,1,100,,,
df_solver_results_new_sscont.jmp,SSCONT,41,True,0.4,0.525,1.375,0.6,4,True,True,"(600, 600)",9,-0.033720551,0.0447929462,0.116,1,0.088,1,0.088,1,0.056,1,1000,4,100,20,2,36,6,1,100,,,
df_solver_results_new_sscont.jmp,SSCONT,42,True,0.5,0.775,1.25,0.45,4,True,True,"(600, 600)",0,0.1214657722,0.1782873877,.,0,.,0,0.12,1,0.072,1,1000,4,100,20,2,36,6,1,100,,,
df_solver_results_new_sscont.jmp,SSCONT,42,True,0.5,0.775,1.25,0.45,4,True,True,"(600, 600)",1,0.4472409357,0.4822441183,.,0,.,0,.,0,0.124,1,1000,4,100,20,2,36,6,1,100,,,
df_solver_results_new_sscont.jmp,SSCONT,42,True,0.5,0.775,1.25,0.45,4,True,True,"(600, 600)",2,0.2709772086,0.3183497241,.,0,.,0,.,0,0.088,1,1000,4,100,20,2,36,6,1,100,,,
df_solver_results_new_sscont.jmp,SSCONT,42,True,0.5,0.775,1.25,0.45,4,True,True,"(600, 600)",3,0.2608969336,0.3168260464,.,0,.,0,.,0,0.072,1,1000,4,100,20,2,36,6,1,100,,,
df_solver_results_new_sscont.jmp,SSCONT,42,True,0.5,0.775,1.25,0.45,4,True,True,"(600, 600)",4,0.174594634,0.2086051707,.,0,.,0,0.088,1,0.056,1,1000,4,100,20,2,36,6,1,100,,,
df_solver_results_new_sscont.jmp,SSCONT,42,True,0.5,0.775,1.25,0.45,4,True,True,"(600, 600)",5,0.0943224916,0.1393670686,.,0,0.104,1,0.088,1,0.056,1,1000,4,100,20,2,36,6,1,100,,,
df_solver_results_new_sscont.jmp,SSCONT,42,True,0.5,0.775,1.25,0.45,4,True,True,"(600, 600)",6,0.3648609342,0.4100935637,.,0,.,0,.,0,0.108,1,1000,4,100,20,2,36,6,1,100,,,
df_solver_results_new_sscont.jmp,SSCONT,42,True,0.5,0.775,1.25,0.45,4,True,True,"(600, 600)",7,0.167560807,0.2091689156,0.467,1,0.467,1,0.104,1,0.072,1,1000,4,100,20,2,36,6,1,100,,,
df_solver_results_new_sscont.jmp,SSCONT,42,True,0.5,0.775,1.25,0.45,4,True,True,"(600, 600)",8,0.3297743369,0.3680971688,.,0,.,0,.,0,0.072,1,1000,4,100,20,2,36,6,1,100,,,
df_solver_results_new_sscont.jmp,SSCONT,42,True,0.5,0.775,1.25,0.45,4,True,True,"(600, 600)",9,0.0524446622,0.1083656965,0.263,1,0.104,1,0.088,1,0.056,1,1000,4,100,20,2,36,6,1,100,,,
df_solver_results_new_sscont.jmp,SSCONT,43,True,0.25,0.575,2.875,0.7,4,True,True,"(600, 600)",0,0.3407719224,0.4042359434,.,0,0.056,1,0.056,1,0.04,1,1000,4,100,20,2,36,6,1,100,,,
df_solver_results_new_sscont.jmp,SSCONT,43,True,0.25,0.575,2.875,0.7,4,True,True,"(600, 600)",1,1.2156051643,0.7187219176,.,0,.,0,.,0,0.056,1,1000,4,100,20,2,36,6,1,100,,,
df_solver_results_new_sscont.jmp,SSCONT,43,True,0.25,0.575,2.875,0.7,4,True,True,"(600, 600)",2,0.7741399555,0.5958652053,.,0,0.056,1,0.056,1,0.056,1,1000,4,100,20,2,36,6,1,100,,,
df_solver_results_new_sscont.jmp,SSCONT,43,True,0.25,0.575,2.875,0.7,4,True,True,"(600, 600)",3,1.629397954,1.0143621908,.,0,.,0,0.068,1,0.068,1,1000,4,100,20,2,36,6,1,100,,,
df_solver_results_new_sscont.jmp,SSCONT,43,True,0.25,0.575,2.875,0.7,4,True,True,"(600, 600)",4,0.9685802043,1.3233512498,.,0,0.056,1,0.056,1,0.04,1,1000,4,100,20,2,36,6,1,100,,,
df_solver_results_new_sscont.jmp,SSCONT,43,True,0.25,0.575,2.875,0.7,4,True,True,"(600, 600)",5,1.0968607436,0.2376865342,0.722,1,0.332,1,0.056,1,0.04,1,1000,4,100,20,2,36,6,1,100,,,
df_solver_results_new_sscont.jmp,SSCONT,43,True,0.25,0.575,2.875,0.7,4,True,True,"(600, 600)",6,0.0420672671,0.3040864674,0.966,1,0.674,1,0.296,1,0.084,1,1000,4,100,20,2,36,6,1,100,,,
df_solver_results_new_sscont.jmp,SSCONT,43,True,0.25,0.575,2.875,0.7,4,True,True,"(600, 600)",7,0.7071634553,1.4666220558,.,0,.,0,0.056,1,0.04,1,1000,4,100,20,2,36,6,1,100,,,
df_solver_results_new_sscont.jmp,SSCONT,43,True,0.25,0.575,2.875,0.7,4,True,True,"(600, 600)",8,0.0614104828,0.20076968,.,0,0.2,1,0.056,1,0.056,1,1000,4,100,20,2,36,6,1,100,,,
df_solver_results_new_sscont.jmp,SSCONT,43,True,0.25,0.575,2.875,0.7,4,True,True,"(600, 600)",9,0.330896047,0.356710891,0.7,1,0.5,1,0.056,1,0.04,1,1000,4,100,20,2,36,6,1,100,,,
df_solver_results_new_sscont.jmp,SSCONT,44,True,0.275,0.85,2.375,0.1,4,True,True,"(600, 600)",0,0.0836288388,0.3167522588,.,0,0.326,1,0.056,1,0.056,1,1000,4,100,20,2,36,6,1,100,,,
df_solver_results_new_sscont.jmp,SSCONT,44,True,0.275,0.85,2.375,0.1,4,True,True,"(600, 600)",1,0.6494521535,0.6849370669,0.384,1,0.268,1,0.056,1,0.04,1,1000,4,100,20,2,36,6,1,100,,,
df_solver_results_new_sscont.jmp,SSCONT,44,True,0.275,0.85,2.375,0.1,4,True,True,"(600, 600)",2,0.0931652464,0.228784995,.,0,0.294,1,0.056,1,0.056,1,1000,4,100,20,2,36,6,1,100,,,
df_solver_results_new_sscont.jmp,SSCONT,44,True,0.275,0.85,2.375,0.1,4,True,True,"(600, 600)",3,0.1775442814,0.4993383342,.,0,.,0,0.056,1,0.056,1,1000,4,100,20,2,36,6,1,100,,,
df_solver_results_new_sscont.jmp,SSCONT,44,True,0.275,0.85,2.375,0.1,4,True,True,"(600, 600)",4,0.2572833831,0.3040371321,.,0,.,0,0.056,1,0.04,1,1000,4,100,20,2,36,6,1,100,,,
df_solver_results_new_sscont.jmp,SSCONT,44,True,0.275,0.85,2.375,0.1,4,True,True,"(600, 600)",5,0.1642485238,0.1879649073,.,0,0.208,1,0.056,1,0.04,1,1000,4,100,20,2,36,6,1,100,,,
df_solver_results_new_sscont.jmp,SSCONT,44,True,0.275,0.85,2.375,0.1,4,True,True,"(600, 600)",6,0.0209886853,0.433977791,0.982,1,0.982,1,0.056,1,0.056,1,1000,4,100,20,2,36,6,1,100,,,
df_solver_results_new_sscont.jmp,SSCONT,44,True,0.275,0.85,2.375,0.1,4,True,True,"(600, 600)",7,1.0301052935,0.5455945769,.,0,0.084,1,0.056,1,0.056,1,1000,4,100,20,2,36,6,1,100,,,
df_solver_results_new_sscont.jmp,SSCONT,44,True,0.275,0.85,2.375,0.1,4,True,True,"(600, 600)",8,0.2183164187,0.3817726447,.,0,.,0,0.312,1,0.056,1,1000,4,100,20,2,36,6,1,100,,,
df_solver_results_new_sscont.jmp,SSCONT,44,True,0.275,0.85,2.375,0.1,4,True,True,"(600, 600)",9,0.0697131961,0.449258183,.,0,0.624,1,0.056,1,0.04,1,1000,4,100,20,2,36,6,1,100,,,
df_solver_results_new_sscont.jmp,SSCONT,45,True,0.375,0.9,2.125,0.8,4,True,True,"(600, 600)",0,0.1993263695,0.2103959183,.,0,0.14,1,0.14,1,0.056,1,1000,4,100,20,2,36,6,1,100,,,
df_solver_results_new_sscont.jmp,SSCONT,45,True,0.375,0.9,2.125,0.8,4,True,True,"(600, 600)",1,0.0913766663,0.3495162926,.,0,0.224,1,0.056,1,0.056,1,1000,4,100,20,2,36,6,1,100,,,
df_solver_results_new_sscont.jmp,SSCONT,45,True,0.375,0.9,2.125,0.8,4,True,True,"(600, 600)",2,1.4901341193,0.688774335,0.084,1,0.084,1,0.084,1,0.056,1,1000,4,100,20,2,36,6,1,100,,,
df_solver_results_new_sscont.jmp,SSCONT,45,True,0.375,0.9,2.125,0.8,4,True,True,"(600, 600)",3,0.1906249232,0.3620054842,.,0,0.196,1,0.196,1,0.056,1,1000,4,100,20,2,36,6,1,100,,,
df_solver_results_new_sscont.jmp,SSCONT,45,True,0.375,0.9,2.125,0.8,4,True,True,"(600, 600)",4,0.2563326405,0.2546741766,0.16,1,0.16,1,0.072,1,0.056,1,1000,4,100,20,2,36,6,1,100,,,
df_solver_results_new_sscont.jmp,SSCONT,45,True,0.375,0.9,2.125,0.8,4,True,True,"(600, 600)",5,2.2923416519,0.3931636714,0.072,1,0.072,1,0.056,1,0.056,1,1000,4,100,20,2,36,6,1,100,,,
df_solver_results_new_sscont.jmp,SSCONT,45,True,0.375,0.9,2.125,0.8,4,True,True,"(600, 600)",6,-0.004810602,0.7553558756,0.108,1,0.108,1,0.108,1,0.056,1,1000,4,100,20,2,36,6,1,100,,,
df_solver_results_new_sscont.jmp,SSCONT,45,True,0.375,0.9,2.125,0.8,4,True,True,"(600, 600)",7,2.3165625076,0.7109036669,.,0,0.506,1,0.096,1,0.056,1,1000,4,100,20,2,36,6,1,100,,,
df_solver_results_new_sscont.jmp,SSCONT,45,True,0.375,0.9,2.125,0.8,4,True,True,"(600, 600)",8,0.2266802149,0.2715976086,.,0,.,0,0.12,1,0.056,1,1000,4,100,20,2,36,6,1,100,,,
df_solver_results_new_sscont.jmp,SSCONT,45,True,0.375,0.9,2.125,0.8,4,True,True,"(600, 600)",9,0.2463978982,0.2537892116,0.792,1,0.072,1,0.056,1,0.04,1,1000,4,100,20,2,36,6,1,100,,,
df_solver_results_new_sscont.jmp,SSCONT,46,True,0.475,0.6,2.25,0.25,4,True,True,"(600, 600)",0,0.0324720387,0.4138611056,0.296,1,0.296,1,0.296,1,0.056,1,1000,4,100,20,2,36,6,1,100,,,
df_solver_results_new_sscont.jmp,SSCONT,46,True,0.475,0.6,2.25,0.25,4,True,True,"(600, 600)",1,0.232923193,0.2632986837,.,0,.,0,0.056,1,0.04,1,1000,4,100,20,2,36,6,1,100,,,
df_solver_results_new_sscont.jmp,SSCONT,46,True,0.475,0.6,2.25,0.25,4,True,True,"(600, 600)",2,1.7142622245,0.3519588163,.,0,0.534,1,0.534,1,0.056,1,1000,4,100,20,2,36,6,1,100,,,
df_solver_results_new_sscont.jmp,SSCONT,46,True,0.475,0.6,2.25,0.25,4,True,True,"(600, 600)",3,0.094811102,0.4888528457,.,0,0.846,1,0.614,1,0.056,1,1000,4,100,20,2,36,6,1,100,,,
df_solver_results_new_sscont.jmp,SSCONT,46,True,0.475,0.6,2.25,0.25,4,True,True,"(600, 600)",4,0.2488393971,0.2310877332,.,0,.,0,0.056,1,0.04,1,1000,4,100,20,2,36,6,1,100,,,
df_solver_results_new_sscont.jmp,SSCONT,46,True,0.475,0.6,2.25,0.25,4,True,True,"(600, 600)",5,0.1798353527,0.2693360044,.,0,.,0,0.056,1,0.04,1,1000,4,100,20,2,36,6,1,100,,,
df_solver_results_new_sscont.jmp,SSCONT,46,True,0.475,0.6,2.25,0.25,4,True,True,"(600, 600)",6,-0.003093128,0.67504177,0.228,1,0.228,1,0.188,1,0.056,1,1000,4,100,20,2,36,6,1,100,,,
df_solver_results_new_sscont.jmp,SSCONT,46,True,0.475,0.6,2.25,0.25,4,True,True,"(600, 600)",7,0.0877929488,0.3568330864,0.184,1,0.184,1,0.056,1,0.056,1,1000,4,100,20,2,36,6,1,100,,,
df_solver_results_new_sscont.jmp,SSCONT,46,True,0.475,0.6,2.25,0.25,4,True,True,"(600, 600)",8,0.2575703444,0.4063256412,.,0,.,0,.,0,0.056,1,1000,4,100,20,2,36,6,1,100,,,
df_solver_results_new_sscont.jmp,SSCONT,46,True,0.475,0.6,2.25,0.25,4,True,True,"(600, 600)",9,0.0938465389,0.1246472267,0.29,1,0.172,1,0.056,1,0.04,1,1000,4,100,20,2,36,6,1,100,,,
df_solver_results_new_sscont.jmp,SSCONT,47,True,0.15,0.725,1,0.65,4,True,True,"(600, 600)",0,0.185133728,0.2802739517,.,0,.,0,0.509,1,0.12,1,1000,4,100,20,2,36,6,1,100,,,
df_solver_results_new_sscont.jmp,SSCONT,47,True,0.15,0.725,1,0.65,4,True,True,"(600, 600)",1,0.2947916658,0.3495864235,.,0,.,0,.,0,0.088,1,1000,4,100,20,2,36,6,1,100,,,
df_solver_results_new_sscont.jmp,SSCONT,47,True,0.15,0.725,1,0.65,4,True,True,"(600, 600)",2,0.4794002715,0.5234243353,.,0,.,0,.,0,0.722,1,1000,4,100,20,2,36,6,1,100,,,
df_solver_results_new_sscont.jmp,SSCONT,47,True,0.15,0.725,1,0.65,4,True,True,"(600, 600)",3,0.5403897221,0.5814254129,.,0,.,0,.,0,.,0,1000,4,100,20,2,36,6,1,100,,,
df_solver_results_new_sscont.jmp,SSCONT,47,True,0.15,0.725,1,0.65,4,True,True,"(600, 600)",4,0.1573070196,0.2084699652,.,0,.,0,0.12,1,0.072,1,1000,4,100,20,2,36,6,1,100,,,
df_solver_results_new_sscont.jmp,SSCONT,47,True,0.15,0.725,1,0.65,4,True,True,"(600, 600)",5,0.2227489969,0.2856337683,.,0,.,0,.,0,0.072,1,1000,4,100,20,2,36,6,1,100,,,
df_solver_results_new_sscont.jmp,SSCONT,47,True,0.15,0.725,1,0.65,4,True,True,"(600, 600)",6,0.2649065236,0.3213769427,.,0,.,0,.,0,0.088,1,1000,4,100,20,2,36,6,1,100,,,
df_solver_results_new_sscont.jmp,SSCONT,47,True,0.15,0.725,1,0.65,4,True,True,"(600, 600)",7,0.3368529941,0.3910803697,.,0,.,0,.,0,0.088,1,1000,4,100,20,2,36,6,1,100,,,
df_solver_results_new_sscont.jmp,SSCONT,47,True,0.15,0.725,1,0.65,4,True,True,"(600, 600)",8,0.49145071,0.5491526144,.,0,.,0,.,0,0.785,1,1000,4,100,20,2,36,6,1,100,,,
df_solver_results_new_sscont.jmp,SSCONT,47,True,0.15,0.725,1,0.65,4,True,True,"(600, 600)",9,0.3137016245,0.3857393551,.,0,.,0,.,0,0.136,1,1000,4,100,20,2,36,6,1,100,,,
df_solver_results_new_sscont.jmp,SSCONT,48,True,0.175,0.65,1.5,0.15,4,True,True,"(600, 600)",0,0.4500365561,0.4706891822,.,0,.,0,.,0,0.092,1,1000,4,100,20,2,36,6,1,100,,,
df_solver_results_new_sscont.jmp,SSCONT,48,True,0.175,0.65,1.5,0.15,4,True,True,"(600, 600)",1,0.0638106325,0.2889474434,0.881,1,0.881,1,0.072,1,0.056,1,1000,4,100,20,2,36,6,1,100,,,
df_solver_results_new_sscont.jmp,SSCONT,48,True,0.175,0.65,1.5,0.15,4,True,True,"(600, 600)",2,0.1304405874,0.1749949387,.,0,0.088,1,0.072,1,0.056,1,1000,4,100,20,2,36,6,1,100,,,
df_solver_results_new_sscont.jmp,SSCONT,48,True,0.175,0.65,1.5,0.15,4,True,True,"(600, 600)",3,0.2643044611,0.2980024307,.,0,.,0,.,0,0.056,1,1000,4,100,20,2,36,6,1,100,,,
df_solver_results_new_sscont.jmp,SSCONT,48,True,0.175,0.65,1.5,0.15,4,True,True,"(600, 600)",4,0.082812422,0.132817452,.,0,0.196,1,0.072,1,0.056,1,1000,4,100,20,2,36,6,1,100,,,
df_solver_results_new_sscont.jmp,SSCONT,48,True,0.175,0.65,1.5,0.15,4,True,True,"(600, 600)",5,0.0057878571,0.2457822582,0.638,1,0.638,1,0.072,1,0.056,1,1000,4,100,20,2,36,6,1,100,,,
df_solver_results_new_sscont.jmp,SSCONT,48,True,0.175,0.65,1.5,0.15,4,True,True,"(600, 600)",6,0.4338018607,0.4722558841,.,0,.,0,.,0,0.104,1,1000,4,100,20,2,36,6,1,100,,,
df_solver_results_new_sscont.jmp,SSCONT,48,True,0.175,0.65,1.5,0.15,4,True,True,"(600, 600)",7,0.170514201,0.213069328,.,0,.,0,0.124,1,0.056,1,1000,4,100,20,2,36,6,1,100,,,
df_solver_results_new_sscont.jmp,SSCONT,48,True,0.175,0.65,1.5,0.15,4,True,True,"(600, 600)",8,0.7119854502,0.7244621787,.,0,.,0,.,0,.,0,1000,4,100,20,2,36,6,1,100,,,
df_solver_results_new_sscont.jmp,SSCONT,48,True,0.175,0.65,1.5,0.15,4,True,True,"(600, 600)",9,0.1376161606,0.1813042051,.,0,.,0,0.072,1,0.056,1,1000,4,100,20,2,36,6,1,100,,,
df_solver_results_new_san.jmp,SAN,0,True,0.425,0.65,1.625,0.9,4,True,True,"(8, 8, 8, 8, 8, 8, 8, 8, 8, 8, 8, 8, 8)",0,0.2160949253,0.284640671,,0,,0,0.6858,1,0.0636,1,10000,,,,,,,,,"(1, 1, 1, 1, 1, 1, 1, 1, 1, 1, 1, 1, 1)","[(1, 2), (1, 3), (2, 3), (2, 4), (2, 6), (3, 6), (4, 5), (4, 7), (5, 6), (5, 8), (6, 9), (7, 8), (8, 9)]",9
df_solver_results_new_san.jmp,SAN,0,True,0.425,0.65,1.625,0.9,4,True,True,"(8, 8, 8, 8, 8, 8, 8, 8, 8, 8, 8, 8, 8)",1,0.1551584815,0.3083899467,,0,,0,0.7583,1,0.0636,1,10000,,,,,,,,,"(1, 1, 1, 1, 1, 1, 1, 1, 1, 1, 1, 1, 1)","[(1, 2), (1, 3), (2, 3), (2, 4), (2, 6), (3, 6), (4, 5), (4, 7), (5, 6), (5, 8), (6, 9), (7, 8), (8, 9)]",9
df_solver_results_new_san.jmp,SAN,0,True,0.425,0.65,1.625,0.9,4,True,True,"(8, 8, 8, 8, 8, 8, 8, 8, 8, 8, 8, 8, 8)",2,0.1018356437,0.2420611112,,0,,0,0.3756,1,0.0636,1,10000,,,,,,,,,"(1, 1, 1, 1, 1, 1, 1, 1, 1, 1, 1, 1, 1)","[(1, 2), (1, 3), (2, 3), (2, 4), (2, 6), (3, 6), (4, 5), (4, 7), (5, 6), (5, 8), (6, 9), (7, 8), (8, 9)]",9
df_solver_results_new_san.jmp,SAN,0,True,0.425,0.65,1.625,0.9,4,True,True,"(8, 8, 8, 8, 8, 8, 8, 8, 8, 8, 8, 8, 8)",3,0.1743780173,0.3455341795,,0,,0,0.8675,1,0.0948,1,10000,,,,,,,,,"(1, 1, 1, 1, 1, 1, 1, 1, 1, 1, 1, 1, 1)","[(1, 2), (1, 3), (2, 3), (2, 4), (2, 6), (3, 6), (4, 5), (4, 7), (5, 6), (5, 8), (6, 9), (7, 8), (8, 9)]",9
df_solver_results_new_san.jmp,SAN,0,True,0.425,0.65,1.625,0.9,4,True,True,"(8, 8, 8, 8, 8, 8, 8, 8, 8, 8, 8, 8, 8)",4,0.280127058,0.4745425901,,0,,0,.,0,0.0636,1,10000,,,,,,,,,"(1, 1, 1, 1, 1, 1, 1, 1, 1, 1, 1, 1, 1)","[(1, 2), (1, 3), (2, 3), (2, 4), (2, 6), (3, 6), (4, 5), (4, 7), (5, 6), (5, 8), (6, 9), (7, 8), (8, 9)]",9
df_solver_results_new_san.jmp,SAN,0,True,0.425,0.65,1.625,0.9,4,True,True,"(8, 8, 8, 8, 8, 8, 8, 8, 8, 8, 8, 8, 8)",5,0.1119221983,0.246691034,,0,,0,0.3444,1,0.0636,1,10000,,,,,,,,,"(1, 1, 1, 1, 1, 1, 1, 1, 1, 1, 1, 1, 1)","[(1, 2), (1, 3), (2, 3), (2, 4), (2, 6), (3, 6), (4, 5), (4, 7), (5, 6), (5, 8), (6, 9), (7, 8), (8, 9)]",9
df_solver_results_new_san.jmp,SAN,0,True,0.425,0.65,1.625,0.9,4,True,True,"(8, 8, 8, 8, 8, 8, 8, 8, 8, 8, 8, 8, 8)",6,0.2379436232,0.2997088737,,0,,0,0.6677,1,0.0636,1,10000,,,,,,,,,"(1, 1, 1, 1, 1, 1, 1, 1, 1, 1, 1, 1, 1)","[(1, 2), (1, 3), (2, 3), (2, 4), (2, 6), (3, 6), (4, 5), (4, 7), (5, 6), (5, 8), (6, 9), (7, 8), (8, 9)]",9
df_solver_results_new_san.jmp,SAN,0,True,0.425,0.65,1.625,0.9,4,True,True,"(8, 8, 8, 8, 8, 8, 8, 8, 8, 8, 8, 8, 8)",7,0.4493712381,0.4433670001,,0,,0,.,0,0.0636,1,10000,,,,,,,,,"(1, 1, 1, 1, 1, 1, 1, 1, 1, 1, 1, 1, 1)","[(1, 2), (1, 3), (2, 3), (2, 4), (2, 6), (3, 6), (4, 5), (4, 7), (5, 6), (5, 8), (6, 9), (7, 8), (8, 9)]",9
df_solver_results_new_san.jmp,SAN,0,True,0.425,0.65,1.625,0.9,4,True,True,"(8, 8, 8, 8, 8, 8, 8, 8, 8, 8, 8, 8, 8)",8,0.0958429285,0.3128521815,,0,0.8135,1,0.5946,1,0.1572,1,10000,,,,,,,,,"(1, 1, 1, 1, 1, 1, 1, 1, 1, 1, 1, 1, 1)","[(1, 2), (1, 3), (2, 3), (2, 4), (2, 6), (3, 6), (4, 5), (4, 7), (5, 6), (5, 8), (6, 9), (7, 8), (8, 9)]",9
df_solver_results_new_san.jmp,SAN,0,True,0.425,0.65,1.625,0.9,4,True,True,"(8, 8, 8, 8, 8, 8, 8, 8, 8, 8, 8, 8, 8)",9,0.111219832,0.3104327987,,0,.,0,0.438,1,0.1884,1,10000,,,,,,,,,"(1, 1, 1, 1, 1, 1, 1, 1, 1, 1, 1, 1, 1)","[(1, 2), (1, 3), (2, 3), (2, 4), (2, 6), (3, 6), (4, 5), (4, 7), (5, 6), (5, 8), (6, 9), (7, 8), (8, 9)]",9
df_solver_results_new_san.jmp,SAN,1,True,0.45,0.725,1.125,0.3,4,True,True,"(8, 8, 8, 8, 8, 8, 8, 8, 8, 8, 8, 8, 8)",0,0.0678082859,0.1801890322,,0,0.3762,1,0.2514,1,0.0948,1,10000,,,,,,,,,"(1, 1, 1, 1, 1, 1, 1, 1, 1, 1, 1, 1, 1)","[(1, 2), (1, 3), (2, 3), (2, 4), (2, 6), (3, 6), (4, 5), (4, 7), (5, 6), (5, 8), (6, 9), (7, 8), (8, 9)]",9
df_solver_results_new_san.jmp,SAN,1,True,0.45,0.725,1.125,0.3,4,True,True,"(8, 8, 8, 8, 8, 8, 8, 8, 8, 8, 8, 8, 8)",1,0.0237024181,0.1798083188,0.5408,1,0.4548,1,0.2664,1,0.0948,1,10000,,,,,,,,,"(1, 1, 1, 1, 1, 1, 1, 1, 1, 1, 1, 1, 1)","[(1, 2), (1, 3), (2, 3), (2, 4), (2, 6), (3, 6), (4, 5), (4, 7), (5, 6), (5, 8), (6, 9), (7, 8), (8, 9)]",9
df_solver_results_new_san.jmp,SAN,1,True,0.45,0.725,1.125,0.3,4,True,True,"(8, 8, 8, 8, 8, 8, 8, 8, 8, 8, 8, 8, 8)",2,0.0419868302,0.1587192607,0.408,1,0.2982,1,0.2514,1,0.0948,1,10000,,,,,,,,,"(1, 1, 1, 1, 1, 1, 1, 1, 1, 1, 1, 1, 1)","[(1, 2), (1, 3), (2, 3), (2, 4), (2, 6), (3, 6), (4, 5), (4, 7), (5, 6), (5, 8), (6, 9), (7, 8), (8, 9)]",9
df_solver_results_new_san.jmp,SAN,1,True,0.45,0.725,1.125,0.3,4,True,True,"(8, 8, 8, 8, 8, 8, 8, 8, 8, 8, 8, 8, 8)",3,0.1388151688,0.2233038404,.,0,.,0,0.1884,1,0.0948,1,10000,,,,,,,,,"(1, 1, 1, 1, 1, 1, 1, 1, 1, 1, 1, 1, 1)","[(1, 2), (1, 3), (2, 3), (2, 4), (2, 6), (3, 6), (4, 5), (4, 7), (5, 6), (5, 8), (6, 9), (7, 8), (8, 9)]",9
df_solver_results_new_san.jmp,SAN,1,True,0.45,0.725,1.125,0.3,4,True,True,"(8, 8, 8, 8, 8, 8, 8, 8, 8, 8, 8, 8, 8)",4,0.0426658417,0.1584524934,0.408,1,0.3138,1,0.2514,1,0.0948,1,10000,,,,,,,,,"(1, 1, 1, 1, 1, 1, 1, 1, 1, 1, 1, 1, 1)","[(1, 2), (1, 3), (2, 3), (2, 4), (2, 6), (3, 6), (4, 5), (4, 7), (5, 6), (5, 8), (6, 9), (7, 8), (8, 9)]",9
df_solver_results_new_san.jmp,SAN,1,True,0.45,0.725,1.125,0.3,4,True,True,"(8, 8, 8, 8, 8, 8, 8, 8, 8, 8, 8, 8, 8)",5,0.0838497035,0.174062752,.,0,0.3027,1,0.1935,1,0.0948,1,10000,,,,,,,,,"(1, 1, 1, 1, 1, 1, 1, 1, 1, 1, 1, 1, 1)","[(1, 2), (1, 3), (2, 3), (2, 4), (2, 6), (3, 6), (4, 5), (4, 7), (5, 6), (5, 8), (6, 9), (7, 8), (8, 9)]",9
df_solver_results_new_san.jmp,SAN,1,True,0.45,0.725,1.125,0.3,4,True,True,"(8, 8, 8, 8, 8, 8, 8, 8, 8, 8, 8, 8, 8)",6,0.0609156491,0.1778760783,.,0,0.3456,1,0.267,1,0.0948,1,10000,,,,,,,,,"(1, 1, 1, 1, 1, 1, 1, 1, 1, 1, 1, 1, 1)","[(1, 2), (1, 3), (2, 3), (2, 4), (2, 6), (3, 6), (4, 5), (4, 7), (5, 6), (5, 8), (6, 9), (7, 8), (8, 9)]",9
df_solver_results_new_san.jmp,SAN,1,True,0.45,0.725,1.125,0.3,4,True,True,"(8, 8, 8, 8, 8, 8, 8, 8, 8, 8, 8, 8, 8)",7,0.0628744261,0.2185269376,.,0,0.522,1,0.3912,1,0.0948,1,10000,,,,,,,,,"(1, 1, 1, 1, 1, 1, 1, 1, 1, 1, 1, 1, 1)","[(1, 2), (1, 3), (2, 3), (2, 4), (2, 6), (3, 6), (4, 5), (4, 7), (5, 6), (5, 8), (6, 9), (7, 8), (8, 9)]",9
df_solver_results_new_san.jmp,SAN,1,True,0.45,0.725,1.125,0.3,4,True,True,"(8, 8, 8, 8, 8, 8, 8, 8, 8, 8, 8, 8, 8)",8,0.4926357825,0.535202018,.,0,.,0,.,0,0.4001,1,10000,,,,,,,,,"(1, 1, 1, 1, 1, 1, 1, 1, 1, 1, 1, 1, 1)","[(1, 2), (1, 3), (2, 3), (2, 4), (2, 6), (3, 6), (4, 5), (4, 7), (5, 6), (5, 8), (6, 9), (7, 8), (8, 9)]",9
df_solver_results_new_san.jmp,SAN,1,True,0.45,0.725,1.125,0.3,4,True,True,"(8, 8, 8, 8, 8, 8, 8, 8, 8, 8, 8, 8, 8)",9,0.268529611,0.33488246,.,0,.,0,.,0,0.0948,1,10000,,,,,,,,,"(1, 1, 1, 1, 1, 1, 1, 1, 1, 1, 1, 1, 1)","[(1, 2), (1, 3), (2, 3), (2, 4), (2, 6), (3, 6), (4, 5), (4, 7), (5, 6), (5, 8), (6, 9), (7, 8), (8, 9)]",9
df_solver_results_new_san.jmp,SAN,2,True,0.125,0.6,1.25,0.45,4,True,True,"(8, 8, 8, 8, 8, 8, 8, 8, 8, 8, 8, 8, 8)",0,0.0229841331,0.1442689369,0.4554,1,0.33,1,0.2046,1,0.0792,1,10000,,,,,,,,,"(1, 1, 1, 1, 1, 1, 1, 1, 1, 1, 1, 1, 1)","[(1, 2), (1, 3), (2, 3), (2, 4), (2, 6), (3, 6), (4, 5), (4, 7), (5, 6), (5, 8), (6, 9), (7, 8), (8, 9)]",9
df_solver_results_new_san.jmp,SAN,2,True,0.125,0.6,1.25,0.45,4,True,True,"(8, 8, 8, 8, 8, 8, 8, 8, 8, 8, 8, 8, 8)",1,0.0251727015,0.1685326957,0.5221,1,0.3294,1,0.267,1,0.0792,1,10000,,,,,,,,,"(1, 1, 1, 1, 1, 1, 1, 1, 1, 1, 1, 1, 1)","[(1, 2), (1, 3), (2, 3), (2, 4), (2, 6), (3, 6), (4, 5), (4, 7), (5, 6), (5, 8), (6, 9), (7, 8), (8, 9)]",9
df_solver_results_new_san.jmp,SAN,2,True,0.125,0.6,1.25,0.45,4,True,True,"(8, 8, 8, 8, 8, 8, 8, 8, 8, 8, 8, 8, 8)",2,0.0048121344,0.1240270617,0.3762,1,0.2358,1,0.189,1,0.0792,1,10000,,,,,,,,,"(1, 1, 1, 1, 1, 1, 1, 1, 1, 1, 1, 1, 1)","[(1, 2), (1, 3), (2, 3), (2, 4), (2, 6), (3, 6), (4, 5), (4, 7), (5, 6), (5, 8), (6, 9), (7, 8), (8, 9)]",9
df_solver_results_new_san.jmp,SAN,2,True,0.125,0.6,1.25,0.45,4,True,True,"(8, 8, 8, 8, 8, 8, 8, 8, 8, 8, 8, 8, 8)",3,0.0100768193,0.132132798,0.3444,1,0.282,1,0.2196,1,0.0792,1,10000,,,,,,,,,"(1, 1, 1, 1, 1, 1, 1, 1, 1, 1, 1, 1, 1)","[(1, 2), (1, 3), (2, 3), (2, 4), (2, 6), (3, 6), (4, 5), (4, 7), (5, 6), (5, 8), (6, 9), (7, 8), (8, 9)]",9
df_solver_results_new_san.jmp,SAN,2,True,0.125,0.6,1.25,0.45,4,True,True,"(8, 8, 8, 8, 8, 8, 8, 8, 8, 8, 8, 8, 8)",4,-0.010122916,0.1322756379,0.4704,1,0.33,1,0.2202,1,0.0792,1,10000,,,,,,,,,"(1, 1, 1, 1, 1, 1, 1, 1, 1, 1, 1, 1, 1)","[(1, 2), (1, 3), (2, 3), (2, 4), (2, 6), (3, 6), (4, 5), (4, 7), (5, 6), (5, 8), (6, 9), (7, 8), (8, 9)]",9
df_solver_results_new_san.jmp,SAN,2,True,0.125,0.6,1.25,0.45,4,True,True,"(8, 8, 8, 8, 8, 8, 8, 8, 8, 8, 8, 8, 8)",5,0.0203029302,0.1179935905,0.2826,1,0.2202,1,0.1578,1,0.0792,1,10000,,,,,,,,,"(1, 1, 1, 1, 1, 1, 1, 1, 1, 1, 1, 1, 1)","[(1, 2), (1, 3), (2, 3), (2, 4), (2, 6), (3, 6), (4, 5), (4, 7), (5, 6), (5, 8), (6, 9), (7, 8), (8, 9)]",9
df_solver_results_new_san.jmp,SAN,2,True,0.125,0.6,1.25,0.45,4,True,True,"(8, 8, 8, 8, 8, 8, 8, 8, 8, 8, 8, 8, 8)",6,0.0167227661,0.1253859852,0.3132,1,0.2508,1,0.1728,1,0.0792,1,10000,,,,,,,,,"(1, 1, 1, 1, 1, 1, 1, 1, 1, 1, 1, 1, 1)","[(1, 2), (1, 3), (2, 3), (2, 4), (2, 6), (3, 6), (4, 5), (4, 7), (5, 6), (5, 8), (6, 9), (7, 8), (8, 9)]",9
df_solver_results_new_san.jmp,SAN,2,True,0.125,0.6,1.25,0.45,4,True,True,"(8, 8, 8, 8, 8, 8, 8, 8, 8, 8, 8, 8, 8)",7,0.0468814501,0.1621271966,0.4536,1,0.3132,1,0.2352,1,0.0948,1,10000,,,,,,,,,"(1, 1, 1, 1, 1, 1, 1, 1, 1, 1, 1, 1, 1)","[(1, 2), (1, 3), (2, 3), (2, 4), (2, 6), (3, 6), (4, 5), (4, 7), (5, 6), (5, 8), (6, 9), (7, 8), (8, 9)]",9
df_solver_results_new_san.jmp,SAN,2,True,0.125,0.6,1.25,0.45,4,True,True,"(8, 8, 8, 8, 8, 8, 8, 8, 8, 8, 8, 8, 8)",8,0.0298780206,0.1639475376,0.4074,1,0.3138,1,0.2358,1,0.0948,1,10000,,,,,,,,,"(1, 1, 1, 1, 1, 1, 1, 1, 1, 1, 1, 1, 1)","[(1, 2), (1, 3), (2, 3), (2, 4), (2, 6), (3, 6), (4, 5), (4, 7), (5, 6), (5, 8), (6, 9), (7, 8), (8, 9)]",9
df_solver_results_new_san.jmp,SAN,2,True,0.125,0.6,1.25,0.45,4,True,True,"(8, 8, 8, 8, 8, 8, 8, 8, 8, 8, 8, 8, 8)",9,0.2621223272,0.3278361368,.,0,.,0,.,0,0.126,1,10000,,,,,,,,,"(1, 1, 1, 1, 1, 1, 1, 1, 1, 1, 1, 1, 1)","[(1, 2), (1, 3), (2, 3), (2, 4), (2, 6), (3, 6), (4, 5), (4, 7), (5, 6), (5, 8), (6, 9), (7, 8), (8, 9)]",9
df_solver_results_new_san.jmp,SAN,3,True,0.225,0.9,1.375,0.6,4,True,True,"(8, 8, 8, 8, 8, 8, 8, 8, 8, 8, 8, 8, 8)",0,0.048182789,0.2015652668,0.4398,1,0.3618,1,0.3306,1,0.0792,1,10000,,,,,,,,,"(1, 1, 1, 1, 1, 1, 1, 1, 1, 1, 1, 1, 1)","[(1, 2), (1, 3), (2, 3), (2, 4), (2, 6), (3, 6), (4, 5), (4, 7), (5, 6), (5, 8), (6, 9), (7, 8), (8, 9)]",9
df_solver_results_new_san.jmp,SAN,3,True,0.225,0.9,1.375,0.6,4,True,True,"(8, 8, 8, 8, 8, 8, 8, 8, 8, 8, 8, 8, 8)",1,0.0300805034,0.154127148,0.7052,1,0.3138,1,0.189,1,0.0792,1,10000,,,,,,,,,"(1, 1, 1, 1, 1, 1, 1, 1, 1, 1, 1, 1, 1)","[(1, 2), (1, 3), (2, 3), (2, 4), (2, 6), (3, 6), (4, 5), (4, 7), (5, 6), (5, 8), (6, 9), (7, 8), (8, 9)]",9
df_solver_results_new_san.jmp,SAN,3,True,0.225,0.9,1.375,0.6,4,True,True,"(8, 8, 8, 8, 8, 8, 8, 8, 8, 8, 8, 8, 8)",2,-0.001900765,0.165217988,0.5402,1,0.423,1,0.3138,1,0.0636,1,10000,,,,,,,,,"(1, 1, 1, 1, 1, 1, 1, 1, 1, 1, 1, 1, 1)","[(1, 2), (1, 3), (2, 3), (2, 4), (2, 6), (3, 6), (4, 5), (4, 7), (5, 6), (5, 8), (6, 9), (7, 8), (8, 9)]",9
df_solver_results_new_san.jmp,SAN,3,True,0.225,0.9,1.375,0.6,4,True,True,"(8, 8, 8, 8, 8, 8, 8, 8, 8, 8, 8, 8, 8)",3,0.0322762986,0.2109657038,0.8493,1,0.5032,1,0.4068,1,0.0792,1,10000,,,,,,,,,"(1, 1, 1, 1, 1, 1, 1, 1, 1, 1, 1, 1, 1)","[(1, 2), (1, 3), (2, 3), (2, 4), (2, 6), (3, 6), (4, 5), (4, 7), (5, 6), (5, 8), (6, 9), (7, 8), (8, 9)]",9
df_solver_results_new_san.jmp,SAN,3,True,0.225,0.9,1.375,0.6,4,True,True,"(8, 8, 8, 8, 8, 8, 8, 8, 8, 8, 8, 8, 8)",4,-0.012096271,0.1292504688,0.36,1,0.3132,1,0.2508,1,0.0792,1,10000,,,,,,,,,"(1, 1, 1, 1, 1, 1, 1, 1, 1, 1, 1, 1, 1)","[(1, 2), (1, 3), (2, 3), (2, 4), (2, 6), (3, 6), (4, 5), (4, 7), (5, 6), (5, 8), (6, 9), (7, 8), (8, 9)]",9
df_solver_results_new_san.jmp,SAN,3,True,0.225,0.9,1.375,0.6,4,True,True,"(8, 8, 8, 8, 8, 8, 8, 8, 8, 8, 8, 8, 8)",5,0.0098606635,0.1349272103,0.4224,1,0.3288,1,0.2196,1,0.0636,1,10000,,,,,,,,,"(1, 1, 1, 1, 1, 1, 1, 1, 1, 1, 1, 1, 1)","[(1, 2), (1, 3), (2, 3), (2, 4), (2, 6), (3, 6), (4, 5), (4, 7), (5, 6), (5, 8), (6, 9), (7, 8), (8, 9)]",9
df_solver_results_new_san.jmp,SAN,3,True,0.225,0.9,1.375,0.6,4,True,True,"(8, 8, 8, 8, 8, 8, 8, 8, 8, 8, 8, 8, 8)",6,0.0265156312,0.1327093302,0.3768,1,0.2832,1,0.174,1,0.0792,1,10000,,,,,,,,,"(1, 1, 1, 1, 1, 1, 1, 1, 1, 1, 1, 1, 1)","[(1, 2), (1, 3), (2, 3), (2, 4), (2, 6), (3, 6), (4, 5), (4, 7), (5, 6), (5, 8), (6, 9), (7, 8), (8, 9)]",9
df_solver_results_new_san.jmp,SAN,3,True,0.225,0.9,1.375,0.6,4,True,True,"(8, 8, 8, 8, 8, 8, 8, 8, 8, 8, 8, 8, 8)",7,0.0737767482,0.2495559418,.,0,0.5597,1,0.4554,1,0.0792,1,10000,,,,,,,,,"(1, 1, 1, 1, 1, 1, 1, 1, 1, 1, 1, 1, 1)","[(1, 2), (1, 3), (2, 3), (2, 4), (2, 6), (3, 6), (4, 5), (4, 7), (5, 6), (5, 8), (6, 9), (7, 8), (8, 9)]",9
df_solver_results_new_san.jmp,SAN,3,True,0.225,0.9,1.375,0.6,4,True,True,"(8, 8, 8, 8, 8, 8, 8, 8, 8, 8, 8, 8, 8)",8,0.021148425,0.1625952779,0.5032,1,0.3288,1,0.2508,1,0.0792,1,10000,,,,,,,,,"(1, 1, 1, 1, 1, 1, 1, 1, 1, 1, 1, 1, 1)","[(1, 2), (1, 3), (2, 3), (2, 4), (2, 6), (3, 6), (4, 5), (4, 7), (5, 6), (5, 8), (6, 9), (7, 8), (8, 9)]",9
df_solver_results_new_san.jmp,SAN,3,True,0.225,0.9,1.375,0.6,4,True,True,"(8, 8, 8, 8, 8, 8, 8, 8, 8, 8, 8, 8, 8)",9,0.0175038305,0.184196864,0.5514,1,0.486,1,0.3138,1,0.0792,1,10000,,,,,,,,,"(1, 1, 1, 1, 1, 1, 1, 1, 1, 1, 1, 1, 1)","[(1, 2), (1, 3), (2, 3), (2, 4), (2, 6), (3, 6), (4, 5), (4, 7), (5, 6), (5, 8), (6, 9), (7, 8), (8, 9)]",9
df_solver_results_new_san.jmp,SAN,4,True,0.275,0.55,2.5,0.85,4,True,True,"(8, 8, 8, 8, 8, 8, 8, 8, 8, 8, 8, 8, 8)",0,0.2056637759,0.3842081331,.,0,.,0,.,0,0.1884,1,10000,,,,,,,,,"(1, 1, 1, 1, 1, 1, 1, 1, 1, 1, 1, 1, 1)","[(1, 2), (1, 3), (2, 3), (2, 4), (2, 6), (3, 6), (4, 5), (4, 7), (5, 6), (5, 8), (6, 9), (7, 8), (8, 9)]",9
df_solver_results_new_san.jmp,SAN,4,True,0.275,0.55,2.5,0.85,4,True,True,"(8, 8, 8, 8, 8, 8, 8, 8, 8, 8, 8, 8, 8)",1,0.3029854684,0.4191334095,.,0,.,0,.,0,0.3288,1,10000,,,,,,,,,"(1, 1, 1, 1, 1, 1, 1, 1, 1, 1, 1, 1, 1)","[(1, 2), (1, 3), (2, 3), (2, 4), (2, 6), (3, 6), (4, 5), (4, 7), (5, 6), (5, 8), (6, 9), (7, 8), (8, 9)]",9
df_solver_results_new_san.jmp,SAN,4,True,0.275,0.55,2.5,0.85,4,True,True,"(8, 8, 8, 8, 8, 8, 8, 8, 8, 8, 8, 8, 8)",2,0.333413609,0.4606540061,.,0,.,0,.,0,0.2664,1,10000,,,,,,,,,"(1, 1, 1, 1, 1, 1, 1, 1, 1, 1, 1, 1, 1)","[(1, 2), (1, 3), (2, 3), (2, 4), (2, 6), (3, 6), (4, 5), (4, 7), (5, 6), (5, 8), (6, 9), (7, 8), (8, 9)]",9
df_solver_results_new_san.jmp,SAN,4,True,0.275,0.55,2.5,0.85,4,True,True,"(8, 8, 8, 8, 8, 8, 8, 8, 8, 8, 8, 8, 8)",3,0.2763390983,0.4342872328,.,0,.,0,.,0,0.2976,1,10000,,,,,,,,,"(1, 1, 1, 1, 1, 1, 1, 1, 1, 1, 1, 1, 1)","[(1, 2), (1, 3), (2, 3), (2, 4), (2, 6), (3, 6), (4, 5), (4, 7), (5, 6), (5, 8), (6, 9), (7, 8), (8, 9)]",9
df_solver_results_new_san.jmp,SAN,4,True,0.275,0.55,2.5,0.85,4,True,True,"(8, 8, 8, 8, 8, 8, 8, 8, 8, 8, 8, 8, 8)",4,0.2447524973,0.3978427626,.,0,.,0,.,0,0.0642,1,10000,,,,,,,,,"(1, 1, 1, 1, 1, 1, 1, 1, 1, 1, 1, 1, 1)","[(1, 2), (1, 3), (2, 3), (2, 4), (2, 6), (3, 6), (4, 5), (4, 7), (5, 6), (5, 8), (6, 9), (7, 8), (8, 9)]",9
df_solver_results_new_san.jmp,SAN,4,True,0.275,0.55,2.5,0.85,4,True,True,"(8, 8, 8, 8, 8, 8, 8, 8, 8, 8, 8, 8, 8)",5,0.4423649296,0.5166732178,.,0,.,0,.,0,0.1884,1,10000,,,,,,,,,"(1, 1, 1, 1, 1, 1, 1, 1, 1, 1, 1, 1, 1)","[(1, 2), (1, 3), (2, 3), (2, 4), (2, 6), (3, 6), (4, 5), (4, 7), (5, 6), (5, 8), (6, 9), (7, 8), (8, 9)]",9
df_solver_results_new_san.jmp,SAN,4,True,0.275,0.55,2.5,0.85,4,True,True,"(8, 8, 8, 8, 8, 8, 8, 8, 8, 8, 8, 8, 8)",6,0.2041784399,0.4017492339,.,0,.,0,.,0,0.0636,1,10000,,,,,,,,,"(1, 1, 1, 1, 1, 1, 1, 1, 1, 1, 1, 1, 1)","[(1, 2), (1, 3), (2, 3), (2, 4), (2, 6), (3, 6), (4, 5), (4, 7), (5, 6), (5, 8), (6, 9), (7, 8), (8, 9)]",9
df_solver_results_new_san.jmp,SAN,4,True,0.275,0.55,2.5,0.85,4,True,True,"(8, 8, 8, 8, 8, 8, 8, 8, 8, 8, 8, 8, 8)",7,0.48052373,0.5566497534,.,0,.,0,.,0,0.7041,1,10000,,,,,,,,,"(1, 1, 1, 1, 1, 1, 1, 1, 1, 1, 1, 1, 1)","[(1, 2), (1, 3), (2, 3), (2, 4), (2, 6), (3, 6), (4, 5), (4, 7), (5, 6), (5, 8), (6, 9), (7, 8), (8, 9)]",9
df_solver_results_new_san.jmp,SAN,4,True,0.275,0.55,2.5,0.85,4,True,True,"(8, 8, 8, 8, 8, 8, 8, 8, 8, 8, 8, 8, 8)",8,0.4343766931,0.5526008587,.,0,.,0,.,0,0.5398,1,10000,,,,,,,,,"(1, 1, 1, 1, 1, 1, 1, 1, 1, 1, 1, 1, 1)","[(1, 2), (1, 3), (2, 3), (2, 4), (2, 6), (3, 6), (4, 5), (4, 7), (5, 6), (5, 8), (6, 9), (7, 8), (8, 9)]",9
df_solver_results_new_san.jmp,SAN,4,True,0.275,0.55,2.5,0.85,4,True,True,"(8, 8, 8, 8, 8, 8, 8, 8, 8, 8, 8, 8, 8)",9,0.3315527162,0.5241567279,.,0,.,0,.,0,0.5032,1,10000,,,,,,,,,"(1, 1, 1, 1, 1, 1, 1, 1, 1, 1, 1, 1, 1)","[(1, 2), (1, 3), (2, 3), (2, 4), (2, 6), (3, 6), (4, 5), (4, 7), (5, 6), (5, 8), (6, 9), (7, 8), (8, 9)]",9
df_solver_results_new_san.jmp,SAN,5,True,0.25,0.825,3,0.35,4,True,True,"(8, 8, 8, 8, 8, 8, 8, 8, 8, 8, 8, 8, 8)",0,0.0477165965,0.2337603533,0.8695,1,0.4542,1,0.3606,1,0.0636,1,10000,,,,,,,,,"(1, 1, 1, 1, 1, 1, 1, 1, 1, 1, 1, 1, 1)","[(1, 2), (1, 3), (2, 3), (2, 4), (2, 6), (3, 6), (4, 5), (4, 7), (5, 6), (5, 8), (6, 9), (7, 8), (8, 9)]",9
df_solver_results_new_san.jmp,SAN,5,True,0.25,0.825,3,0.35,4,True,True,"(8, 8, 8, 8, 8, 8, 8, 8, 8, 8, 8, 8, 8)",1,0.0468145884,0.1842694118,0.6684,1,0.423,1,0.3294,1,0.0948,1,10000,,,,,,,,,"(1, 1, 1, 1, 1, 1, 1, 1, 1, 1, 1, 1, 1)","[(1, 2), (1, 3), (2, 3), (2, 4), (2, 6), (3, 6), (4, 5), (4, 7), (5, 6), (5, 8), (6, 9), (7, 8), (8, 9)]",9
df_solver_results_new_san.jmp,SAN,5,True,0.25,0.825,3,0.35,4,True,True,"(8, 8, 8, 8, 8, 8, 8, 8, 8, 8, 8, 8, 8)",2,0.0108974237,0.1606719765,0.686,1,0.4542,1,0.267,1,0.0636,1,10000,,,,,,,,,"(1, 1, 1, 1, 1, 1, 1, 1, 1, 1, 1, 1, 1)","[(1, 2), (1, 3), (2, 3), (2, 4), (2, 6), (3, 6), (4, 5), (4, 7), (5, 6), (5, 8), (6, 9), (7, 8), (8, 9)]",9
df_solver_results_new_san.jmp,SAN,5,True,0.25,0.825,3,0.35,4,True,True,"(8, 8, 8, 8, 8, 8, 8, 8, 8, 8, 8, 8, 8)",3,0.0384986915,0.2107937362,0.7415,1,0.4854,1,0.3132,1,0.1572,1,10000,,,,,,,,,"(1, 1, 1, 1, 1, 1, 1, 1, 1, 1, 1, 1, 1)","[(1, 2), (1, 3), (2, 3), (2, 4), (2, 6), (3, 6), (4, 5), (4, 7), (5, 6), (5, 8), (6, 9), (7, 8), (8, 9)]",9
df_solver_results_new_san.jmp,SAN,5,True,0.25,0.825,3,0.35,4,True,True,"(8, 8, 8, 8, 8, 8, 8, 8, 8, 8, 8, 8, 8)",4,-0.001264387,0.2472657284,0.6691,1,0.5962,1,0.4866,1,0.1584,1,10000,,,,,,,,,"(1, 1, 1, 1, 1, 1, 1, 1, 1, 1, 1, 1, 1)","[(1, 2), (1, 3), (2, 3), (2, 4), (2, 6), (3, 6), (4, 5), (4, 7), (5, 6), (5, 8), (6, 9), (7, 8), (8, 9)]",9
df_solver_results_new_san.jmp,SAN,5,True,0.25,0.825,3,0.35,4,True,True,"(8, 8, 8, 8, 8, 8, 8, 8, 8, 8, 8, 8, 8)",5,0.0275800458,0.2071934987,0.7225,1,0.6133,1,0.3606,1,0.1266,1,10000,,,,,,,,,"(1, 1, 1, 1, 1, 1, 1, 1, 1, 1, 1, 1, 1)","[(1, 2), (1, 3), (2, 3), (2, 4), (2, 6), (3, 6), (4, 5), (4, 7), (5, 6), (5, 8), (6, 9), (7, 8), (8, 9)]",9
df_solver_results_new_san.jmp,SAN,5,True,0.25,0.825,3,0.35,4,True,True,"(8, 8, 8, 8, 8, 8, 8, 8, 8, 8, 8, 8, 8)",6,0.0349211033,0.2762200285,0.7953,1,0.6678,1,0.5221,1,0.1578,1,10000,,,,,,,,,"(1, 1, 1, 1, 1, 1, 1, 1, 1, 1, 1, 1, 1)","[(1, 2), (1, 3), (2, 3), (2, 4), (2, 6), (3, 6), (4, 5), (4, 7), (5, 6), (5, 8), (6, 9), (7, 8), (8, 9)]",9
df_solver_results_new_san.jmp,SAN,5,True,0.25,0.825,3,0.35,4,True,True,"(8, 8, 8, 8, 8, 8, 8, 8, 8, 8, 8, 8, 8)",7,0.1157370515,0.355365016,.,0,.,0,0.7045,1,0.1422,1,10000,,,,,,,,,"(1, 1, 1, 1, 1, 1, 1, 1, 1, 1, 1, 1, 1)","[(1, 2), (1, 3), (2, 3), (2, 4), (2, 6), (3, 6), (4, 5), (4, 7), (5, 6), (5, 8), (6, 9), (7, 8), (8, 9)]",9
df_solver_results_new_san.jmp,SAN,5,True,0.25,0.825,3,0.35,4,True,True,"(8, 8, 8, 8, 8, 8, 8, 8, 8, 8, 8, 8, 8)",8,0.0621549948,0.2143831482,.,0,0.6504,1,0.267,1,0.0948,1,10000,,,,,,,,,"(1, 1, 1, 1, 1, 1, 1, 1, 1, 1, 1, 1, 1)","[(1, 2), (1, 3), (2, 3), (2, 4), (2, 6), (3, 6), (4, 5), (4, 7), (5, 6), (5, 8), (6, 9), (7, 8), (8, 9)]",9
df_solver_results_new_san.jmp,SAN,5,True,0.25,0.825,3,0.35,4,True,True,"(8, 8, 8, 8, 8, 8, 8, 8, 8, 8, 8, 8, 8)",9,0.1820201014,0.3171749895,.,0,.,0,0.4548,1,0.174,1,10000,,,,,,,,,"(1, 1, 1, 1, 1, 1, 1, 1, 1, 1, 1, 1, 1)","[(1, 2), (1, 3), (2, 3), (2, 4), (2, 6), (3, 6), (4, 5), (4, 7), (5, 6), (5, 8), (6, 9), (7, 8), (8, 9)]",9
df_solver_results_new_san.jmp,SAN,6,True,0.5,0.625,2.25,0.25,4,True,True,"(8, 8, 8, 8, 8, 8, 8, 8, 8, 8, 8, 8, 8)",0,0.0365766658,0.2827860704,0.8205,1,0.747,1,0.508,1,0.1266,1,10000,,,,,,,,,"(1, 1, 1, 1, 1, 1, 1, 1, 1, 1, 1, 1, 1)","[(1, 2), (1, 3), (2, 3), (2, 4), (2, 6), (3, 6), (4, 5), (4, 7), (5, 6), (5, 8), (6, 9), (7, 8), (8, 9)]",9
df_solver_results_new_san.jmp,SAN,6,True,0.5,0.625,2.25,0.25,4,True,True,"(8, 8, 8, 8, 8, 8, 8, 8, 8, 8, 8, 8, 8)",1,0.0339459646,0.1817444349,0.5968,1,0.4872,1,0.3156,1,0.0792,1,10000,,,,,,,,,"(1, 1, 1, 1, 1, 1, 1, 1, 1, 1, 1, 1, 1)","[(1, 2), (1, 3), (2, 3), (2, 4), (2, 6), (3, 6), (4, 5), (4, 7), (5, 6), (5, 8), (6, 9), (7, 8), (8, 9)]",9
df_solver_results_new_san.jmp,SAN,6,True,0.5,0.625,2.25,0.25,4,True,True,"(8, 8, 8, 8, 8, 8, 8, 8, 8, 8, 8, 8, 8)",2,0.0015317318,0.1635636553,0.4572,1,0.3792,1,0.3012,1,0.0798,1,10000,,,,,,,,,"(1, 1, 1, 1, 1, 1, 1, 1, 1, 1, 1, 1, 1)","[(1, 2), (1, 3), (2, 3), (2, 4), (2, 6), (3, 6), (4, 5), (4, 7), (5, 6), (5, 8), (6, 9), (7, 8), (8, 9)]",9
df_solver_results_new_san.jmp,SAN,6,True,0.5,0.625,2.25,0.25,4,True,True,"(8, 8, 8, 8, 8, 8, 8, 8, 8, 8, 8, 8, 8)",3,0.0257542102,0.144896757,0.5263,1,0.3786,1,0.2214,1,0.0636,1,10000,,,,,,,,,"(1, 1, 1, 1, 1, 1, 1, 1, 1, 1, 1, 1, 1)","[(1, 2), (1, 3), (2, 3), (2, 4), (2, 6), (3, 6), (4, 5), (4, 7), (5, 6), (5, 8), (6, 9), (7, 8), (8, 9)]",9
df_solver_results_new_san.jmp,SAN,6,True,0.5,0.625,2.25,0.25,4,True,True,"(8, 8, 8, 8, 8, 8, 8, 8, 8, 8, 8, 8, 8)",4,0.0714684884,0.2471734232,.,0,0.6237,1,0.4107,1,0.1587,1,10000,,,,,,,,,"(1, 1, 1, 1, 1, 1, 1, 1, 1, 1, 1, 1, 1)","[(1, 2), (1, 3), (2, 3), (2, 4), (2, 6), (3, 6), (4, 5), (4, 7), (5, 6), (5, 8), (6, 9), (7, 8), (8, 9)]",9
df_solver_results_new_san.jmp,SAN,6,True,0.5,0.625,2.25,0.25,4,True,True,"(8, 8, 8, 8, 8, 8, 8, 8, 8, 8, 8, 8, 8)",5,0.0054594042,0.1210834174,0.3948,1,0.3162,1,0.1746,1,0.048,1,10000,,,,,,,,,"(1, 1, 1, 1, 1, 1, 1, 1, 1, 1, 1, 1, 1)","[(1, 2), (1, 3), (2, 3), (2, 4), (2, 6), (3, 6), (4, 5), (4, 7), (5, 6), (5, 8), (6, 9), (7, 8), (8, 9)]",9
df_solver_results_new_san.jmp,SAN,6,True,0.5,0.625,2.25,0.25,4,True,True,"(8, 8, 8, 8, 8, 8, 8, 8, 8, 8, 8, 8, 8)",6,0.0289147082,0.161112949,0.4884,1,0.378,1,0.2526,1,0.048,1,10000,,,,,,,,,"(1, 1, 1, 1, 1, 1, 1, 1, 1, 1, 1, 1, 1)","[(1, 2), (1, 3), (2, 3), (2, 4), (2, 6), (3, 6), (4, 5), (4, 7), (5, 6), (5, 8), (6, 9), (7, 8), (8, 9)]",9
df_solver_results_new_san.jmp,SAN,6,True,0.5,0.625,2.25,0.25,4,True,True,"(8, 8, 8, 8, 8, 8, 8, 8, 8, 8, 8, 8, 8)",7,0.0695012209,0.2765941914,.,0,0.6005,1,0.5458,1,0.0798,1,10000,,,,,,,,,"(1, 1, 1, 1, 1, 1, 1, 1, 1, 1, 1, 1, 1)","[(1, 2), (1, 3), (2, 3), (2, 4), (2, 6), (3, 6), (4, 5), (4, 7), (5, 6), (5, 8), (6, 9), (7, 8), (8, 9)]",9
df_solver_results_new_san.jmp,SAN,6,True,0.5,0.625,2.25,0.25,4,True,True,"(8, 8, 8, 8, 8, 8, 8, 8, 8, 8, 8, 8, 8)",8,0.0500928239,0.3606001829,.,0,0.7283,1,0.6358,1,0.3156,1,10000,,,,,,,,,"(1, 1, 1, 1, 1, 1, 1, 1, 1, 1, 1, 1, 1)","[(1, 2), (1, 3), (2, 3), (2, 4), (2, 6), (3, 6), (4, 5), (4, 7), (5, 6), (5, 8), (6, 9), (7, 8), (8, 9)]",9
df_solver_results_new_san.jmp,SAN,6,True,0.5,0.625,2.25,0.25,4,True,True,"(8, 8, 8, 8, 8, 8, 8, 8, 8, 8, 8, 8, 8)",9,0.0291439337,0.2131979783,0.6749,1,0.4878,1,0.4098,1,0.111,1,10000,,,,,,,,,"(1, 1, 1, 1, 1, 1, 1, 1, 1, 1, 1, 1, 1)","[(1, 2), (1, 3), (2, 3), (2, 4), (2, 6), (3, 6), (4, 5), (4, 7), (5, 6), (5, 8), (6, 9), (7, 8), (8, 9)]",9
df_solver_results_new_san.jmp,SAN,7,True,0.4,0.875,2.125,0.8,4,True,True,"(8, 8, 8, 8, 8, 8, 8, 8, 8, 8, 8, 8, 8)",0,0.0892004561,0.2300634883,.,0,0.7768,1,0.3288,1,0.0948,1,10000,,,,,,,,,"(1, 1, 1, 1, 1, 1, 1, 1, 1, 1, 1, 1, 1)","[(1, 2), (1, 3), (2, 3), (2, 4), (2, 6), (3, 6), (4, 5), (4, 7), (5, 6), (5, 8), (6, 9), (7, 8), (8, 9)]",9
df_solver_results_new_san.jmp,SAN,7,True,0.4,0.875,2.125,0.8,4,True,True,"(8, 8, 8, 8, 8, 8, 8, 8, 8, 8, 8, 8, 8)",1,0.1459915385,0.3169259974,.,0,.,0,0.8494,1,0.048,1,10000,,,,,,,,,"(1, 1, 1, 1, 1, 1, 1, 1, 1, 1, 1, 1, 1)","[(1, 2), (1, 3), (2, 3), (2, 4), (2, 6), (3, 6), (4, 5), (4, 7), (5, 6), (5, 8), (6, 9), (7, 8), (8, 9)]",9
df_solver_results_new_san.jmp,SAN,7,True,0.4,0.875,2.125,0.8,4,True,True,"(8, 8, 8, 8, 8, 8, 8, 8, 8, 8, 8, 8, 8)",2,0.1622316456,0.3179802281,.,0,.,0,0.925,1,0.048,1,10000,,,,,,,,,"(1, 1, 1, 1, 1, 1, 1, 1, 1, 1, 1, 1, 1)","[(1, 2), (1, 3), (2, 3), (2, 4), (2, 6), (3, 6), (4, 5), (4, 7), (5, 6), (5, 8), (6, 9), (7, 8), (8, 9)]",9
df_solver_results_new_san.jmp,SAN,7,True,0.4,0.875,2.125,0.8,4,True,True,"(8, 8, 8, 8, 8, 8, 8, 8, 8, 8, 8, 8, 8)",3,0.058246411,0.273372724,.,0,0.7586,1,0.6675,1,0.0636,1,10000,,,,,,,,,"(1, 1, 1, 1, 1, 1, 1, 1, 1, 1, 1, 1, 1)","[(1, 2), (1, 3), (2, 3), (2, 4), (2, 6), (3, 6), (4, 5), (4, 7), (5, 6), (5, 8), (6, 9), (7, 8), (8, 9)]",9
df_solver_results_new_san.jmp,SAN,7,True,0.4,0.875,2.125,0.8,4,True,True,"(8, 8, 8, 8, 8, 8, 8, 8, 8, 8, 8, 8, 8)",4,0.1180814467,0.2944613543,.,0,.,0,0.8319,1,0.0636,1,10000,,,,,,,,,"(1, 1, 1, 1, 1, 1, 1, 1, 1, 1, 1, 1, 1)","[(1, 2), (1, 3), (2, 3), (2, 4), (2, 6), (3, 6), (4, 5), (4, 7), (5, 6), (5, 8), (6, 9), (7, 8), (8, 9)]",9
df_solver_results_new_san.jmp,SAN,7,True,0.4,0.875,2.125,0.8,4,True,True,"(8, 8, 8, 8, 8, 8, 8, 8, 8, 8, 8, 8, 8)",5,0.1097147766,0.2816833591,.,0,0.8315,1,0.6493,1,0.048,1,10000,,,,,,,,,"(1, 1, 1, 1, 1, 1, 1, 1, 1, 1, 1, 1, 1)","[(1, 2), (1, 3), (2, 3), (2, 4), (2, 6), (3, 6), (4, 5), (4, 7), (5, 6), (5, 8), (6, 9), (7, 8), (8, 9)]",9
df_solver_results_new_san.jmp,SAN,7,True,0.4,0.875,2.125,0.8,4,True,True,"(8, 8, 8, 8, 8, 8, 8, 8, 8, 8, 8, 8, 8)",6,0.0721183791,0.2232128756,.,0,0.6865,1,0.4074,1,0.0948,1,10000,,,,,,,,,"(1, 1, 1, 1, 1, 1, 1, 1, 1, 1, 1, 1, 1)","[(1, 2), (1, 3), (2, 3), (2, 4), (2, 6), (3, 6), (4, 5), (4, 7), (5, 6), (5, 8), (6, 9), (7, 8), (8, 9)]",9
df_solver_results_new_san.jmp,SAN,7,True,0.4,0.875,2.125,0.8,4,True,True,"(8, 8, 8, 8, 8, 8, 8, 8, 8, 8, 8, 8, 8)",7,0.3260422231,0.5663044164,.,0,.,0,.,0,0.5397,1,10000,,,,,,,,,"(1, 1, 1, 1, 1, 1, 1, 1, 1, 1, 1, 1, 1)","[(1, 2), (1, 3), (2, 3), (2, 4), (2, 6), (3, 6), (4, 5), (4, 7), (5, 6), (5, 8), (6, 9), (7, 8), (8, 9)]",9
df_solver_results_new_san.jmp,SAN,7,True,0.4,0.875,2.125,0.8,4,True,True,"(8, 8, 8, 8, 8, 8, 8, 8, 8, 8, 8, 8, 8)",8,0.1078385342,0.2944350461,.,0,0.741,1,0.6316,1,0.1728,1,10000,,,,,,,,,"(1, 1, 1, 1, 1, 1, 1, 1, 1, 1, 1, 1, 1)","[(1, 2), (1, 3), (2, 3), (2, 4), (2, 6), (3, 6), (4, 5), (4, 7), (5, 6), (5, 8), (6, 9), (7, 8), (8, 9)]",9
df_solver_results_new_san.jmp,SAN,7,True,0.4,0.875,2.125,0.8,4,True,True,"(8, 8, 8, 8, 8, 8, 8, 8, 8, 8, 8, 8, 8)",9,0.2343899473,0.4963874785,.,0,.,0,.,0,0.126,1,10000,,,,,,,,,"(1, 1, 1, 1, 1, 1, 1, 1, 1, 1, 1, 1, 1)","[(1, 2), (1, 3), (2, 3), (2, 4), (2, 6), (3, 6), (4, 5), (4, 7), (5, 6), (5, 8), (6, 9), (7, 8), (8, 9)]",9
df_solver_results_new_san.jmp,SAN,8,True,0.3,0.7,2,0.5,4,True,True,"(8, 8, 8, 8, 8, 8, 8, 8, 8, 8, 8, 8, 8)",0,0.0230208014,0.1547484637,0.4542,1,0.3918,1,0.2826,1,0.048,1,10000,,,,,,,,,"(1, 1, 1, 1, 1, 1, 1, 1, 1, 1, 1, 1, 1)","[(1, 2), (1, 3), (2, 3), (2, 4), (2, 6), (3, 6), (4, 5), (4, 7), (5, 6), (5, 8), (6, 9), (7, 8), (8, 9)]",9
df_solver_results_new_san.jmp,SAN,8,True,0.3,0.7,2,0.5,4,True,True,"(8, 8, 8, 8, 8, 8, 8, 8, 8, 8, 8, 8, 8)",1,0.0422788157,0.1730694688,0.5958,1,0.486,1,0.2358,1,0.0792,1,10000,,,,,,,,,"(1, 1, 1, 1, 1, 1, 1, 1, 1, 1, 1, 1, 1)","[(1, 2), (1, 3), (2, 3), (2, 4), (2, 6), (3, 6), (4, 5), (4, 7), (5, 6), (5, 8), (6, 9), (7, 8), (8, 9)]",9
df_solver_results_new_san.jmp,SAN,8,True,0.3,0.7,2,0.5,4,True,True,"(8, 8, 8, 8, 8, 8, 8, 8, 8, 8, 8, 8, 8)",2,0.0124834578,0.1565771044,0.595,1,0.4386,1,0.2046,1,0.048,1,10000,,,,,,,,,"(1, 1, 1, 1, 1, 1, 1, 1, 1, 1, 1, 1, 1)","[(1, 2), (1, 3), (2, 3), (2, 4), (2, 6), (3, 6), (4, 5), (4, 7), (5, 6), (5, 8), (6, 9), (7, 8), (8, 9)]",9
df_solver_results_new_san.jmp,SAN,8,True,0.3,0.7,2,0.5,4,True,True,"(8, 8, 8, 8, 8, 8, 8, 8, 8, 8, 8, 8, 8)",3,0.1983580291,0.3879576637,.,0,.,0,0.9987,1,0.0948,1,10000,,,,,,,,,"(1, 1, 1, 1, 1, 1, 1, 1, 1, 1, 1, 1, 1)","[(1, 2), (1, 3), (2, 3), (2, 4), (2, 6), (3, 6), (4, 5), (4, 7), (5, 6), (5, 8), (6, 9), (7, 8), (8, 9)]",9
df_solver_results_new_san.jmp,SAN,8,True,0.3,0.7,2,0.5,4,True,True,"(8, 8, 8, 8, 8, 8, 8, 8, 8, 8, 8, 8, 8)",4,0.0102432369,0.1557320418,0.4386,1,0.4386,1,0.3294,1,0.0636,1,10000,,,,,,,,,"(1, 1, 1, 1, 1, 1, 1, 1, 1, 1, 1, 1, 1)","[(1, 2), (1, 3), (2, 3), (2, 4), (2, 6), (3, 6), (4, 5), (4, 7), (5, 6), (5, 8), (6, 9), (7, 8), (8, 9)]",9
df_solver_results_new_san.jmp,SAN,8,True,0.3,0.7,2,0.5,4,True,True,"(8, 8, 8, 8, 8, 8, 8, 8, 8, 8, 8, 8, 8)",5,0.0070506401,0.1272259656,0.345,1,0.345,1,0.2514,1,0.048,1,10000,,,,,,,,,"(1, 1, 1, 1, 1, 1, 1, 1, 1, 1, 1, 1, 1)","[(1, 2), (1, 3), (2, 3), (2, 4), (2, 6), (3, 6), (4, 5), (4, 7), (5, 6), (5, 8), (6, 9), (7, 8), (8, 9)]",9
df_solver_results_new_san.jmp,SAN,8,True,0.3,0.7,2,0.5,4,True,True,"(8, 8, 8, 8, 8, 8, 8, 8, 8, 8, 8, 8, 8)",6,0.0180565299,0.173995437,0.8878,1,0.4854,1,0.2046,1,0.0792,1,10000,,,,,,,,,"(1, 1, 1, 1, 1, 1, 1, 1, 1, 1, 1, 1, 1)","[(1, 2), (1, 3), (2, 3), (2, 4), (2, 6), (3, 6), (4, 5), (4, 7), (5, 6), (5, 8), (6, 9), (7, 8), (8, 9)]",9
df_solver_results_new_san.jmp,SAN,8,True,0.3,0.7,2,0.5,4,True,True,"(8, 8, 8, 8, 8, 8, 8, 8, 8, 8, 8, 8, 8)",7,0.0796013537,0.2412918925,.,0,0.8863,1,0.2358,1,0.0792,1,10000,,,,,,,,,"(1, 1, 1, 1, 1, 1, 1, 1, 1, 1, 1, 1, 1)","[(1, 2), (1, 3), (2, 3), (2, 4), (2, 6), (3, 6), (4, 5), (4, 7), (5, 6), (5, 8), (6, 9), (7, 8), (8, 9)]",9
df_solver_results_new_san.jmp,SAN,8,True,0.3,0.7,2,0.5,4,True,True,"(8, 8, 8, 8, 8, 8, 8, 8, 8, 8, 8, 8, 8)",8,0.0227342829,0.2226604245,0.686,1,0.3918,1,0.3762,1,0.1734,1,10000,,,,,,,,,"(1, 1, 1, 1, 1, 1, 1, 1, 1, 1, 1, 1, 1)","[(1, 2), (1, 3), (2, 3), (2, 4), (2, 6), (3, 6), (4, 5), (4, 7), (5, 6), (5, 8), (6, 9), (7, 8), (8, 9)]",9
df_solver_results_new_san.jmp,SAN,8,True,0.3,0.7,2,0.5,4,True,True,"(8, 8, 8, 8, 8, 8, 8, 8, 8, 8, 8, 8, 8)",9,-0.000868442,0.2531539659,0.7946,1,0.5396,1,0.4536,1,0.1104,1,10000,,,,,,,,,"(1, 1, 1, 1, 1, 1, 1, 1, 1, 1, 1, 1, 1)","[(1, 2), (1, 3), (2, 3), (2, 4), (2, 6), (3, 6), (4, 5), (4, 7), (5, 6), (5, 8), (6, 9), (7, 8), (8, 9)]",9
df_solver_results_new_san.jmp,SAN,9,True,0.175,0.75,2.375,0.1,4,True,True,"(8, 8, 8, 8, 8, 8, 8, 8, 8, 8, 8, 8, 8)",0,0.1103279463,0.2189784458,.,0,.,0,0.2688,1,0.0954,1,10000,,,,,,,,,"(1, 1, 1, 1, 1, 1, 1, 1, 1, 1, 1, 1, 1)","[(1, 2), (1, 3), (2, 3), (2, 4), (2, 6), (3, 6), (4, 5), (4, 7), (5, 6), (5, 8), (6, 9), (7, 8), (8, 9)]",9
df_solver_results_new_san.jmp,SAN,9,True,0.175,0.75,2.375,0.1,4,True,True,"(8, 8, 8, 8, 8, 8, 8, 8, 8, 8, 8, 8, 8)",1,0.0664944419,0.2193007875,.,0,0.9545,1,0.2604,1,0.0798,1,10000,,,,,,,,,"(1, 1, 1, 1, 1, 1, 1, 1, 1, 1, 1, 1, 1)","[(1, 2), (1, 3), (2, 3), (2, 4), (2, 6), (3, 6), (4, 5), (4, 7), (5, 6), (5, 8), (6, 9), (7, 8), (8, 9)]",9
df_solver_results_new_san.jmp,SAN,9,True,0.175,0.75,2.375,0.1,4,True,True,"(8, 8, 8, 8, 8, 8, 8, 8, 8, 8, 8, 8, 8)",2,0.0617732273,0.1955915586,.,0,0.4266,1,0.3006,1,0.0954,1,10000,,,,,,,,,"(1, 1, 1, 1, 1, 1, 1, 1, 1, 1, 1, 1, 1)","[(1, 2), (1, 3), (2, 3), (2, 4), (2, 6), (3, 6), (4, 5), (4, 7), (5, 6), (5, 8), (6, 9), (7, 8), (8, 9)]",9
df_solver_results_new_san.jmp,SAN,9,True,0.175,0.75,2.375,0.1,4,True,True,"(8, 8, 8, 8, 8, 8, 8, 8, 8, 8, 8, 8, 8)",3,0.3399779838,0.3936053062,.,0,.,0,.,0,0.0636,1,10000,,,,,,,,,"(1, 1, 1, 1, 1, 1, 1, 1, 1, 1, 1, 1, 1)","[(1, 2), (1, 3), (2, 3), (2, 4), (2, 6), (3, 6), (4, 5), (4, 7), (5, 6), (5, 8), (6, 9), (7, 8), (8, 9)]",9
df_solver_results_new_san.jmp,SAN,9,True,0.175,0.75,2.375,0.1,4,True,True,"(8, 8, 8, 8, 8, 8, 8, 8, 8, 8, 8, 8, 8)",4,0.0545797423,0.1524792652,.,0,0.2844,1,0.2214,1,0.0636,1,10000,,,,,,,,,"(1, 1, 1, 1, 1, 1, 1, 1, 1, 1, 1, 1, 1)","[(1, 2), (1, 3), (2, 3), (2, 4), (2, 6), (3, 6), (4, 5), (4, 7), (5, 6), (5, 8), (6, 9), (7, 8), (8, 9)]",9
df_solver_results_new_san.jmp,SAN,9,True,0.175,0.75,2.375,0.1,4,True,True,"(8, 8, 8, 8, 8, 8, 8, 8, 8, 8, 8, 8, 8)",5,0.0083781508,0.1586828291,0.9122,1,0.3162,1,0.2058,1,0.0954,1,10000,,,,,,,,,"(1, 1, 1, 1, 1, 1, 1, 1, 1, 1, 1, 1, 1)","[(1, 2), (1, 3), (2, 3), (2, 4), (2, 6), (3, 6), (4, 5), (4, 7), (5, 6), (5, 8), (6, 9), (7, 8), (8, 9)]",9
df_solver_results_new_san.jmp,SAN,9,True,0.175,0.75,2.375,0.1,4,True,True,"(8, 8, 8, 8, 8, 8, 8, 8, 8, 8, 8, 8, 8)",6,0.8837887754,0.8935069613,.,0,.,0,.,0,.,0,10000,,,,,,,,,"(1, 1, 1, 1, 1, 1, 1, 1, 1, 1, 1, 1, 1)","[(1, 2), (1, 3), (2, 3), (2, 4), (2, 6), (3, 6), (4, 5), (4, 7), (5, 6), (5, 8), (6, 9), (7, 8), (8, 9)]",9
df_solver_results_new_san.jmp,SAN,9,True,0.175,0.75,2.375,0.1,4,True,True,"(8, 8, 8, 8, 8, 8, 8, 8, 8, 8, 8, 8, 8)",7,0.3163441592,0.3986484835,.,0,.,0,.,0,0.0798,1,10000,,,,,,,,,"(1, 1, 1, 1, 1, 1, 1, 1, 1, 1, 1, 1, 1)","[(1, 2), (1, 3), (2, 3), (2, 4), (2, 6), (3, 6), (4, 5), (4, 7), (5, 6), (5, 8), (6, 9), (7, 8), (8, 9)]",9
df_solver_results_new_san.jmp,SAN,9,True,0.175,0.75,2.375,0.1,4,True,True,"(8, 8, 8, 8, 8, 8, 8, 8, 8, 8, 8, 8, 8)",8,0.4648698673,0.5079152824,.,0,.,0,.,0,0.1428,1,10000,,,,,,,,,"(1, 1, 1, 1, 1, 1, 1, 1, 1, 1, 1, 1, 1)","[(1, 2), (1, 3), (2, 3), (2, 4), (2, 6), (3, 6), (4, 5), (4, 7), (5, 6), (5, 8), (6, 9), (7, 8), (8, 9)]",9
df_solver_results_new_san.jmp,SAN,9,True,0.175,0.75,2.375,0.1,4,True,True,"(8, 8, 8, 8, 8, 8, 8, 8, 8, 8, 8, 8, 8)",9,0.263107962,0.3457415139,.,0,.,0,.,0,0.1428,1,10000,,,,,,,,,"(1, 1, 1, 1, 1, 1, 1, 1, 1, 1, 1, 1, 1)","[(1, 2), (1, 3), (2, 3), (2, 4), (2, 6), (3, 6), (4, 5), (4, 7), (5, 6), (5, 8), (6, 9), (7, 8), (8, 9)]",9
df_solver_results_new_san.jmp,SAN,10,True,0.15,0.675,2.875,0.7,4,True,True,"(8, 8, 8, 8, 8, 8, 8, 8, 8, 8, 8, 8, 8)",0,0.1170668868,0.3580312741,.,0,.,0,0.6864,1,0.2664,1,10000,,,,,,,,,"(1, 1, 1, 1, 1, 1, 1, 1, 1, 1, 1, 1, 1)","[(1, 2), (1, 3), (2, 3), (2, 4), (2, 6), (3, 6), (4, 5), (4, 7), (5, 6), (5, 8), (6, 9), (7, 8), (8, 9)]",9
df_solver_results_new_san.jmp,SAN,10,True,0.15,0.675,2.875,0.7,4,True,True,"(8, 8, 8, 8, 8, 8, 8, 8, 8, 8, 8, 8, 8)",1,0.1377237579,0.3009883145,.,0,.,0,0.668,1,0.0792,1,10000,,,,,,,,,"(1, 1, 1, 1, 1, 1, 1, 1, 1, 1, 1, 1, 1)","[(1, 2), (1, 3), (2, 3), (2, 4), (2, 6), (3, 6), (4, 5), (4, 7), (5, 6), (5, 8), (6, 9), (7, 8), (8, 9)]",9
df_solver_results_new_san.jmp,SAN,10,True,0.15,0.675,2.875,0.7,4,True,True,"(8, 8, 8, 8, 8, 8, 8, 8, 8, 8, 8, 8, 8)",2,0.0821489598,0.3269890393,.,0,0.8313,1,0.5945,1,0.2508,1,10000,,,,,,,,,"(1, 1, 1, 1, 1, 1, 1, 1, 1, 1, 1, 1, 1)","[(1, 2), (1, 3), (2, 3), (2, 4), (2, 6), (3, 6), (4, 5), (4, 7), (5, 6), (5, 8), (6, 9), (7, 8), (8, 9)]",9
df_solver_results_new_san.jmp,SAN,10,True,0.15,0.675,2.875,0.7,4,True,True,"(8, 8, 8, 8, 8, 8, 8, 8, 8, 8, 8, 8, 8)",3,0.0701572865,0.2871356238,.,0,0.9047,1,0.3288,1,0.2196,1,10000,,,,,,,,,"(1, 1, 1, 1, 1, 1, 1, 1, 1, 1, 1, 1, 1)","[(1, 2), (1, 3), (2, 3), (2, 4), (2, 6), (3, 6), (4, 5), (4, 7), (5, 6), (5, 8), (6, 9), (7, 8), (8, 9)]",9
df_solver_results_new_san.jmp,SAN,10,True,0.15,0.675,2.875,0.7,4,True,True,"(8, 8, 8, 8, 8, 8, 8, 8, 8, 8, 8, 8, 8)",4,0.242757614,0.4668888558,.,0,.,0,.,0,0.2664,1,10000,,,,,,,,,"(1, 1, 1, 1, 1, 1, 1, 1, 1, 1, 1, 1, 1)","[(1, 2), (1, 3), (2, 3), (2, 4), (2, 6), (3, 6), (4, 5), (4, 7), (5, 6), (5, 8), (6, 9), (7, 8), (8, 9)]",9
df_solver_results_new_san.jmp,SAN,10,True,0.15,0.675,2.875,0.7,4,True,True,"(8, 8, 8, 8, 8, 8, 8, 8, 8, 8, 8, 8, 8)",5,0.1468867286,0.3258664392,.,0,.,0,0.7416,1,0.1416,1,10000,,,,,,,,,"(1, 1, 1, 1, 1, 1, 1, 1, 1, 1, 1, 1, 1)","[(1, 2), (1, 3), (2, 3), (2, 4), (2, 6), (3, 6), (4, 5), (4, 7), (5, 6), (5, 8), (6, 9), (7, 8), (8, 9)]",9
df_solver_results_new_san.jmp,SAN,10,True,0.15,0.675,2.875,0.7,4,True,True,"(8, 8, 8, 8, 8, 8, 8, 8, 8, 8, 8, 8, 8)",6,0.1831347795,0.4565502561,.,0,.,0,0.9668,1,0.3756,1,10000,,,,,,,,,"(1, 1, 1, 1, 1, 1, 1, 1, 1, 1, 1, 1, 1)","[(1, 2), (1, 3), (2, 3), (2, 4), (2, 6), (3, 6), (4, 5), (4, 7), (5, 6), (5, 8), (6, 9), (7, 8), (8, 9)]",9
df_solver_results_new_san.jmp,SAN,10,True,0.15,0.675,2.875,0.7,4,True,True,"(8, 8, 8, 8, 8, 8, 8, 8, 8, 8, 8, 8, 8)",7,0.248919558,0.4537201407,.,0,.,0,.,0,0.3138,1,10000,,,,,,,,,"(1, 1, 1, 1, 1, 1, 1, 1, 1, 1, 1, 1, 1)","[(1, 2), (1, 3), (2, 3), (2, 4), (2, 6), (3, 6), (4, 5), (4, 7), (5, 6), (5, 8), (6, 9), (7, 8), (8, 9)]",9
df_solver_results_new_san.jmp,SAN,10,True,0.15,0.675,2.875,0.7,4,True,True,"(8, 8, 8, 8, 8, 8, 8, 8, 8, 8, 8, 8, 8)",8,0.0865685425,0.3688577238,.,0,0.9265,1,0.4392,1,0.2196,1,10000,,,,,,,,,"(1, 1, 1, 1, 1, 1, 1, 1, 1, 1, 1, 1, 1)","[(1, 2), (1, 3), (2, 3), (2, 4), (2, 6), (3, 6), (4, 5), (4, 7), (5, 6), (5, 8), (6, 9), (7, 8), (8, 9)]",9
df_solver_results_new_san.jmp,SAN,10,True,0.15,0.675,2.875,0.7,4,True,True,"(8, 8, 8, 8, 8, 8, 8, 8, 8, 8, 8, 8, 8)",9,0.2435615169,0.4975723936,.,0,.,0,.,0,0.4698,1,10000,,,,,,,,,"(1, 1, 1, 1, 1, 1, 1, 1, 1, 1, 1, 1, 1)","[(1, 2), (1, 3), (2, 3), (2, 4), (2, 6), (3, 6), (4, 5), (4, 7), (5, 6), (5, 8), (6, 9), (7, 8), (8, 9)]",9
df_solver_results_new_san.jmp,SAN,11,True,0.475,0.8,2.75,0.55,4,True,True,"(8, 8, 8, 8, 8, 8, 8, 8, 8, 8, 8, 8, 8)",0,0.0664730031,0.2716111454,.,0,0.5956,1,0.4548,1,0.1578,1,10000,,,,,,,,,"(1, 1, 1, 1, 1, 1, 1, 1, 1, 1, 1, 1, 1)","[(1, 2), (1, 3), (2, 3), (2, 4), (2, 6), (3, 6), (4, 5), (4, 7), (5, 6), (5, 8), (6, 9), (7, 8), (8, 9)]",9
df_solver_results_new_san.jmp,SAN,11,True,0.475,0.8,2.75,0.55,4,True,True,"(8, 8, 8, 8, 8, 8, 8, 8, 8, 8, 8, 8, 8)",1,0.1176501736,0.2858483575,.,0,.,0,0.5404,1,0.0636,1,10000,,,,,,,,,"(1, 1, 1, 1, 1, 1, 1, 1, 1, 1, 1, 1, 1)","[(1, 2), (1, 3), (2, 3), (2, 4), (2, 6), (3, 6), (4, 5), (4, 7), (5, 6), (5, 8), (6, 9), (7, 8), (8, 9)]",9
df_solver_results_new_san.jmp,SAN,11,True,0.475,0.8,2.75,0.55,4,True,True,"(8, 8, 8, 8, 8, 8, 8, 8, 8, 8, 8, 8, 8)",2,0.0102456898,0.2474360254,0.8144,1,0.5957,1,0.486,1,0.1584,1,10000,,,,,,,,,"(1, 1, 1, 1, 1, 1, 1, 1, 1, 1, 1, 1, 1)","[(1, 2), (1, 3), (2, 3), (2, 4), (2, 6), (3, 6), (4, 5), (4, 7), (5, 6), (5, 8), (6, 9), (7, 8), (8, 9)]",9
df_solver_results_new_san.jmp,SAN,11,True,0.475,0.8,2.75,0.55,4,True,True,"(8, 8, 8, 8, 8, 8, 8, 8, 8, 8, 8, 8, 8)",3,0.0728345202,0.2987011486,0.9471,1,0.8506,1,0.4548,1,0.2508,1,10000,,,,,,,,,"(1, 1, 1, 1, 1, 1, 1, 1, 1, 1, 1, 1, 1)","[(1, 2), (1, 3), (2, 3), (2, 4), (2, 6), (3, 6), (4, 5), (4, 7), (5, 6), (5, 8), (6, 9), (7, 8), (8, 9)]",9
df_solver_results_new_san.jmp,SAN,11,True,0.475,0.8,2.75,0.55,4,True,True,"(8, 8, 8, 8, 8, 8, 8, 8, 8, 8, 8, 8, 8)",4,0.0038743678,0.2834890953,0.7586,1,0.5946,1,0.5398,1,0.2664,1,10000,,,,,,,,,"(1, 1, 1, 1, 1, 1, 1, 1, 1, 1, 1, 1, 1)","[(1, 2), (1, 3), (2, 3), (2, 4), (2, 6), (3, 6), (4, 5), (4, 7), (5, 6), (5, 8), (6, 9), (7, 8), (8, 9)]",9
df_solver_results_new_san.jmp,SAN,11,True,0.475,0.8,2.75,0.55,4,True,True,"(8, 8, 8, 8, 8, 8, 8, 8, 8, 8, 8, 8, 8)",5,0.0514850561,0.2549978609,.,0,0.76,1,0.5038,1,0.1416,1,10000,,,,,,,,,"(1, 1, 1, 1, 1, 1, 1, 1, 1, 1, 1, 1, 1)","[(1, 2), (1, 3), (2, 3), (2, 4), (2, 6), (3, 6), (4, 5), (4, 7), (5, 6), (5, 8), (6, 9), (7, 8), (8, 9)]",9
df_solver_results_new_san.jmp,SAN,11,True,0.475,0.8,2.75,0.55,4,True,True,"(8, 8, 8, 8, 8, 8, 8, 8, 8, 8, 8, 8, 8)",6,0.0961438546,0.2925209634,0.7045,1,0.5952,1,0.4542,1,0.2202,1,10000,,,,,,,,,"(1, 1, 1, 1, 1, 1, 1, 1, 1, 1, 1, 1, 1)","[(1, 2), (1, 3), (2, 3), (2, 4), (2, 6), (3, 6), (4, 5), (4, 7), (5, 6), (5, 8), (6, 9), (7, 8), (8, 9)]",9
df_solver_results_new_san.jmp,SAN,11,True,0.475,0.8,2.75,0.55,4,True,True,"(8, 8, 8, 8, 8, 8, 8, 8, 8, 8, 8, 8, 8)",7,0.0998333736,0.2449446543,0.7058,1,0.614,1,0.4704,1,0.1572,1,10000,,,,,,,,,"(1, 1, 1, 1, 1, 1, 1, 1, 1, 1, 1, 1, 1)","[(1, 2), (1, 3), (2, 3), (2, 4), (2, 6), (3, 6), (4, 5), (4, 7), (5, 6), (5, 8), (6, 9), (7, 8), (8, 9)]",9
df_solver_results_new_san.jmp,SAN,11,True,0.475,0.8,2.75,0.55,4,True,True,"(8, 8, 8, 8, 8, 8, 8, 8, 8, 8, 8, 8, 8)",8,0.0202169144,0.3537571213,0.9271,1,0.7808,1,0.5409,1,0.2676,1,10000,,,,,,,,,"(1, 1, 1, 1, 1, 1, 1, 1, 1, 1, 1, 1, 1)","[(1, 2), (1, 3), (2, 3), (2, 4), (2, 6), (3, 6), (4, 5), (4, 7), (5, 6), (5, 8), (6, 9), (7, 8), (8, 9)]",9
df_solver_results_new_san.jmp,SAN,11,True,0.475,0.8,2.75,0.55,4,True,True,"(8, 8, 8, 8, 8, 8, 8, 8, 8, 8, 8, 8, 8)",9,0.0732518803,0.3152766559,.,0,0.9474,1,0.5404,1,0.1416,1,10000,,,,,,,,,"(1, 1, 1, 1, 1, 1, 1, 1, 1, 1, 1, 1, 1)","[(1, 2), (1, 3), (2, 3), (2, 4), (2, 6), (3, 6), (4, 5), (4, 7), (5, 6), (5, 8), (6, 9), (7, 8), (8, 9)]",9
df_solver_results_new_san.jmp,SAN,12,True,0.375,0.5,2.625,0.4,4,True,True,"(8, 8, 8, 8, 8, 8, 8, 8, 8, 8, 8, 8, 8)",0,0.0467938434,0.2741362858,0.9681,1,0.8682,1,0.3912,1,0.126,1,10000,,,,,,,,,"(1, 1, 1, 1, 1, 1, 1, 1, 1, 1, 1, 1, 1)","[(1, 2), (1, 3), (2, 3), (2, 4), (2, 6), (3, 6), (4, 5), (4, 7), (5, 6), (5, 8), (6, 9), (7, 8), (8, 9)]",9
df_solver_results_new_san.jmp,SAN,12,True,0.375,0.5,2.625,0.4,4,True,True,"(8, 8, 8, 8, 8, 8, 8, 8, 8, 8, 8, 8, 8)",1,0.0228897239,0.178468282,0.4854,1,0.4542,1,0.3294,1,0.0792,1,10000,,,,,,,,,"(1, 1, 1, 1, 1, 1, 1, 1, 1, 1, 1, 1, 1)","[(1, 2), (1, 3), (2, 3), (2, 4), (2, 6), (3, 6), (4, 5), (4, 7), (5, 6), (5, 8), (6, 9), (7, 8), (8, 9)]",9
df_solver_results_new_san.jmp,SAN,12,True,0.375,0.5,2.625,0.4,4,True,True,"(8, 8, 8, 8, 8, 8, 8, 8, 8, 8, 8, 8, 8)",2,0.022026317,0.2207357138,0.8141,1,0.4854,1,0.3918,1,0.1266,1,10000,,,,,,,,,"(1, 1, 1, 1, 1, 1, 1, 1, 1, 1, 1, 1, 1)","[(1, 2), (1, 3), (2, 3), (2, 4), (2, 6), (3, 6), (4, 5), (4, 7), (5, 6), (5, 8), (6, 9), (7, 8), (8, 9)]",9
df_solver_results_new_san.jmp,SAN,12,True,0.375,0.5,2.625,0.4,4,True,True,"(8, 8, 8, 8, 8, 8, 8, 8, 8, 8, 8, 8, 8)",3,0.1980444482,0.2568649208,.,0,.,0,0.3762,1,0.0792,1,10000,,,,,,,,,"(1, 1, 1, 1, 1, 1, 1, 1, 1, 1, 1, 1, 1)","[(1, 2), (1, 3), (2, 3), (2, 4), (2, 6), (3, 6), (4, 5), (4, 7), (5, 6), (5, 8), (6, 9), (7, 8), (8, 9)]",9
df_solver_results_new_san.jmp,SAN,12,True,0.375,0.5,2.625,0.4,4,True,True,"(8, 8, 8, 8, 8, 8, 8, 8, 8, 8, 8, 8, 8)",4,0.0035068572,0.1867702369,0.5233,1,0.4866,1,0.2676,1,0.1578,1,10000,,,,,,,,,"(1, 1, 1, 1, 1, 1, 1, 1, 1, 1, 1, 1, 1)","[(1, 2), (1, 3), (2, 3), (2, 4), (2, 6), (3, 6), (4, 5), (4, 7), (5, 6), (5, 8), (6, 9), (7, 8), (8, 9)]",9
df_solver_results_new_san.jmp,SAN,12,True,0.375,0.5,2.625,0.4,4,True,True,"(8, 8, 8, 8, 8, 8, 8, 8, 8, 8, 8, 8, 8)",5,-0.000809674,0.2133351091,0.5949,1,0.5767,1,0.423,1,0.1266,1,10000,,,,,,,,,"(1, 1, 1, 1, 1, 1, 1, 1, 1, 1, 1, 1, 1)","[(1, 2), (1, 3), (2, 3), (2, 4), (2, 6), (3, 6), (4, 5), (4, 7), (5, 6), (5, 8), (6, 9), (7, 8), (8, 9)]",9
df_solver_results_new_san.jmp,SAN,12,True,0.375,0.5,2.625,0.4,4,True,True,"(8, 8, 8, 8, 8, 8, 8, 8, 8, 8, 8, 8, 8)",6,0.0199927306,0.2648904001,0.6874,1,0.5963,1,0.3924,1,0.1728,1,10000,,,,,,,,,"(1, 1, 1, 1, 1, 1, 1, 1, 1, 1, 1, 1, 1)","[(1, 2), (1, 3), (2, 3), (2, 4), (2, 6), (3, 6), (4, 5), (4, 7), (5, 6), (5, 8), (6, 9), (7, 8), (8, 9)]",9
df_solver_results_new_san.jmp,SAN,12,True,0.375,0.5,2.625,0.4,4,True,True,"(8, 8, 8, 8, 8, 8, 8, 8, 8, 8, 8, 8, 8)",7,0.0634609151,0.3305035268,.,0,0.9463,1,0.5951,1,0.1578,1,10000,,,,,,,,,"(1, 1, 1, 1, 1, 1, 1, 1, 1, 1, 1, 1, 1)","[(1, 2), (1, 3), (2, 3), (2, 4), (2, 6), (3, 6), (4, 5), (4, 7), (5, 6), (5, 8), (6, 9), (7, 8), (8, 9)]",9
df_solver_results_new_san.jmp,SAN,12,True,0.375,0.5,2.625,0.4,4,True,True,"(8, 8, 8, 8, 8, 8, 8, 8, 8, 8, 8, 8, 8)",8,0.0176098197,0.2252085338,0.6132,1,0.4854,1,0.3918,1,0.189,1,10000,,,,,,,,,"(1, 1, 1, 1, 1, 1, 1, 1, 1, 1, 1, 1, 1)","[(1, 2), (1, 3), (2, 3), (2, 4), (2, 6), (3, 6), (4, 5), (4, 7), (5, 6), (5, 8), (6, 9), (7, 8), (8, 9)]",9
df_solver_results_new_san.jmp,SAN,12,True,0.375,0.5,2.625,0.4,4,True,True,"(8, 8, 8, 8, 8, 8, 8, 8, 8, 8, 8, 8, 8)",9,0.1017260632,0.3549548441,.,0,.,0,0.6956,1,0.2196,1,10000,,,,,,,,,"(1, 1, 1, 1, 1, 1, 1, 1, 1, 1, 1, 1, 1)","[(1, 2), (1, 3), (2, 3), (2, 4), (2, 6), (3, 6), (4, 5), (4, 7), (5, 6), (5, 8), (6, 9), (7, 8), (8, 9)]",9
df_solver_results_new_san.jmp,SAN,13,True,0.325,0.85,1.5,0.15,4,True,True,"(8, 8, 8, 8, 8, 8, 8, 8, 8, 8, 8, 8, 8)",0,0.2099233641,0.2761389876,.,0,.,0,.,0,0.0636,1,10000,,,,,,,,,"(1, 1, 1, 1, 1, 1, 1, 1, 1, 1, 1, 1, 1)","[(1, 2), (1, 3), (2, 3), (2, 4), (2, 6), (3, 6), (4, 5), (4, 7), (5, 6), (5, 8), (6, 9), (7, 8), (8, 9)]",9
df_solver_results_new_san.jmp,SAN,13,True,0.325,0.85,1.5,0.15,4,True,True,"(8, 8, 8, 8, 8, 8, 8, 8, 8, 8, 8, 8, 8)",1,0.1522665406,0.2189163057,.,0,.,0,0.1896,1,0.0636,1,10000,,,,,,,,,"(1, 1, 1, 1, 1, 1, 1, 1, 1, 1, 1, 1, 1)","[(1, 2), (1, 3), (2, 3), (2, 4), (2, 6), (3, 6), (4, 5), (4, 7), (5, 6), (5, 8), (6, 9), (7, 8), (8, 9)]",9
df_solver_results_new_san.jmp,SAN,13,True,0.325,0.85,1.5,0.15,4,True,True,"(8, 8, 8, 8, 8, 8, 8, 8, 8, 8, 8, 8, 8)",2,0.1926582784,0.2529107942,.,0,.,0,0.2526,1,0.0636,1,10000,,,,,,,,,"(1, 1, 1, 1, 1, 1, 1, 1, 1, 1, 1, 1, 1)","[(1, 2), (1, 3), (2, 3), (2, 4), (2, 6), (3, 6), (4, 5), (4, 7), (5, 6), (5, 8), (6, 9), (7, 8), (8, 9)]",9
df_solver_results_new_san.jmp,SAN,13,True,0.325,0.85,1.5,0.15,4,True,True,"(8, 8, 8, 8, 8, 8, 8, 8, 8, 8, 8, 8, 8)",3,0.0814871769,0.1819997255,.,0,0.2994,1,0.252,1,0.0636,1,10000,,,,,,,,,"(1, 1, 1, 1, 1, 1, 1, 1, 1, 1, 1, 1, 1)","[(1, 2), (1, 3), (2, 3), (2, 4), (2, 6), (3, 6), (4, 5), (4, 7), (5, 6), (5, 8), (6, 9), (7, 8), (8, 9)]",9
df_solver_results_new_san.jmp,SAN,13,True,0.325,0.85,1.5,0.15,4,True,True,"(8, 8, 8, 8, 8, 8, 8, 8, 8, 8, 8, 8, 8)",4,0.2274312686,0.2843020002,.,0,.,0,.,0,0.0636,1,10000,,,,,,,,,"(1, 1, 1, 1, 1, 1, 1, 1, 1, 1, 1, 1, 1)","[(1, 2), (1, 3), (2, 3), (2, 4), (2, 6), (3, 6), (4, 5), (4, 7), (5, 6), (5, 8), (6, 9), (7, 8), (8, 9)]",9
df_solver_results_new_san.jmp,SAN,13,True,0.325,0.85,1.5,0.15,4,True,True,"(8, 8, 8, 8, 8, 8, 8, 8, 8, 8, 8, 8, 8)",5,0.0366694627,0.1199707998,0.2358,1,0.2202,1,0.1422,1,0.0636,1,10000,,,,,,,,,"(1, 1, 1, 1, 1, 1, 1, 1, 1, 1, 1, 1, 1)","[(1, 2), (1, 3), (2, 3), (2, 4), (2, 6), (3, 6), (4, 5), (4, 7), (5, 6), (5, 8), (6, 9), (7, 8), (8, 9)]",9
df_solver_results_new_san.jmp,SAN,13,True,0.325,0.85,1.5,0.15,4,True,True,"(8, 8, 8, 8, 8, 8, 8, 8, 8, 8, 8, 8, 8)",6,0.1518616775,0.2245564179,.,0,.,0,0.1422,1,0.0636,1,10000,,,,,,,,,"(1, 1, 1, 1, 1, 1, 1, 1, 1, 1, 1, 1, 1)","[(1, 2), (1, 3), (2, 3), (2, 4), (2, 6), (3, 6), (4, 5), (4, 7), (5, 6), (5, 8), (6, 9), (7, 8), (8, 9)]",9
df_solver_results_new_san.jmp,SAN,13,True,0.325,0.85,1.5,0.15,4,True,True,"(8, 8, 8, 8, 8, 8, 8, 8, 8, 8, 8, 8, 8)",7,0.1238186631,0.2216188318,.,0,.,0,0.2982,1,0.0636,1,10000,,,,,,,,,"(1, 1, 1, 1, 1, 1, 1, 1, 1, 1, 1, 1, 1)","[(1, 2), (1, 3), (2, 3), (2, 4), (2, 6), (3, 6), (4, 5), (4, 7), (5, 6), (5, 8), (6, 9), (7, 8), (8, 9)]",9
df_solver_results_new_san.jmp,SAN,13,True,0.325,0.85,1.5,0.15,4,True,True,"(8, 8, 8, 8, 8, 8, 8, 8, 8, 8, 8, 8, 8)",8,0.2644304276,0.3365352652,.,0,.,0,.,0,0.111,1,10000,,,,,,,,,"(1, 1, 1, 1, 1, 1, 1, 1, 1, 1, 1, 1, 1)","[(1, 2), (1, 3), (2, 3), (2, 4), (2, 6), (3, 6), (4, 5), (4, 7), (5, 6), (5, 8), (6, 9), (7, 8), (8, 9)]",9
df_solver_results_new_san.jmp,SAN,13,True,0.325,0.85,1.5,0.15,4,True,True,"(8, 8, 8, 8, 8, 8, 8, 8, 8, 8, 8, 8, 8)",9,0.2229071973,0.3975448562,.,0,.,0,.,0,0.0792,1,10000,,,,,,,,,"(1, 1, 1, 1, 1, 1, 1, 1, 1, 1, 1, 1, 1)","[(1, 2), (1, 3), (2, 3), (2, 4), (2, 6), (3, 6), (4, 5), (4, 7), (5, 6), (5, 8), (6, 9), (7, 8), (8, 9)]",9
df_solver_results_new_san.jmp,SAN,14,True,0.35,0.575,1,0.65,4,True,True,"(8, 8, 8, 8, 8, 8, 8, 8, 8, 8, 8, 8, 8)",0,0.0588628351,0.2024217494,.,0,0.4248,1,0.2838,1,0.111,1,10000,,,,,,,,,"(1, 1, 1, 1, 1, 1, 1, 1, 1, 1, 1, 1, 1)","[(1, 2), (1, 3), (2, 3), (2, 4), (2, 6), (3, 6), (4, 5), (4, 7), (5, 6), (5, 8), (6, 9), (7, 8), (8, 9)]",9
df_solver_results_new_san.jmp,SAN,14,True,0.35,0.575,1,0.65,4,True,True,"(8, 8, 8, 8, 8, 8, 8, 8, 8, 8, 8, 8, 8)",1,0.1192458375,0.2749833542,.,0,.,0,0.4704,1,0.126,1,10000,,,,,,,,,"(1, 1, 1, 1, 1, 1, 1, 1, 1, 1, 1, 1, 1)","[(1, 2), (1, 3), (2, 3), (2, 4), (2, 6), (3, 6), (4, 5), (4, 7), (5, 6), (5, 8), (6, 9), (7, 8), (8, 9)]",9
df_solver_results_new_san.jmp,SAN,14,True,0.35,0.575,1,0.65,4,True,True,"(8, 8, 8, 8, 8, 8, 8, 8, 8, 8, 8, 8, 8)",2,0.00310192,0.196431159,0.7547,1,0.5482,1,0.2664,1,0.1104,1,10000,,,,,,,,,"(1, 1, 1, 1, 1, 1, 1, 1, 1, 1, 1, 1, 1)","[(1, 2), (1, 3), (2, 3), (2, 4), (2, 6), (3, 6), (4, 5), (4, 7), (5, 6), (5, 8), (6, 9), (7, 8), (8, 9)]",9
df_solver_results_new_san.jmp,SAN,14,True,0.35,0.575,1,0.65,4,True,True,"(8, 8, 8, 8, 8, 8, 8, 8, 8, 8, 8, 8, 8)",3,0.0184855481,0.1812166787,0.5408,1,0.423,1,0.3138,1,0.1104,1,10000,,,,,,,,,"(1, 1, 1, 1, 1, 1, 1, 1, 1, 1, 1, 1, 1)","[(1, 2), (1, 3), (2, 3), (2, 4), (2, 6), (3, 6), (4, 5), (4, 7), (5, 6), (5, 8), (6, 9), (7, 8), (8, 9)]",9
df_solver_results_new_san.jmp,SAN,14,True,0.35,0.575,1,0.65,4,True,True,"(8, 8, 8, 8, 8, 8, 8, 8, 8, 8, 8, 8, 8)",4,0.1901894205,0.2858473866,.,0,.,0,0.3756,1,0.126,1,10000,,,,,,,,,"(1, 1, 1, 1, 1, 1, 1, 1, 1, 1, 1, 1, 1)","[(1, 2), (1, 3), (2, 3), (2, 4), (2, 6), (3, 6), (4, 5), (4, 7), (5, 6), (5, 8), (6, 9), (7, 8), (8, 9)]",9
df_solver_results_new_san.jmp,SAN,14,True,0.35,0.575,1,0.65,4,True,True,"(8, 8, 8, 8, 8, 8, 8, 8, 8, 8, 8, 8, 8)",5,0.0049417497,0.1442150441,0.3768,1,0.33,1,0.2046,1,0.111,1,10000,,,,,,,,,"(1, 1, 1, 1, 1, 1, 1, 1, 1, 1, 1, 1, 1)","[(1, 2), (1, 3), (2, 3), (2, 4), (2, 6), (3, 6), (4, 5), (4, 7), (5, 6), (5, 8), (6, 9), (7, 8), (8, 9)]",9
df_solver_results_new_san.jmp,SAN,14,True,0.35,0.575,1,0.65,4,True,True,"(8, 8, 8, 8, 8, 8, 8, 8, 8, 8, 8, 8, 8)",6,0.0377049317,0.1825928456,0.6616,1,0.3798,1,0.2544,1,0.1284,1,10000,,,,,,,,,"(1, 1, 1, 1, 1, 1, 1, 1, 1, 1, 1, 1, 1)","[(1, 2), (1, 3), (2, 3), (2, 4), (2, 6), (3, 6), (4, 5), (4, 7), (5, 6), (5, 8), (6, 9), (7, 8), (8, 9)]",9
df_solver_results_new_san.jmp,SAN,14,True,0.35,0.575,1,0.65,4,True,True,"(8, 8, 8, 8, 8, 8, 8, 8, 8, 8, 8, 8, 8)",7,0.0799773304,0.3213431175,.,0,0.8679,1,0.6859,1,0.1266,1,10000,,,,,,,,,"(1, 1, 1, 1, 1, 1, 1, 1, 1, 1, 1, 1, 1)","[(1, 2), (1, 3), (2, 3), (2, 4), (2, 6), (3, 6), (4, 5), (4, 7), (5, 6), (5, 8), (6, 9), (7, 8), (8, 9)]",9
df_solver_results_new_san.jmp,SAN,14,True,0.35,0.575,1,0.65,4,True,True,"(8, 8, 8, 8, 8, 8, 8, 8, 8, 8, 8, 8, 8)",8,0.0126840473,0.2891278333,0.8126,1,0.7216,1,0.5396,1,0.1572,1,10000,,,,,,,,,"(1, 1, 1, 1, 1, 1, 1, 1, 1, 1, 1, 1, 1)","[(1, 2), (1, 3), (2, 3), (2, 4), (2, 6), (3, 6), (4, 5), (4, 7), (5, 6), (5, 8), (6, 9), (7, 8), (8, 9)]",9
df_solver_results_new_san.jmp,SAN,14,True,0.35,0.575,1,0.65,4,True,True,"(8, 8, 8, 8, 8, 8, 8, 8, 8, 8, 8, 8, 8)",9,0.05788554,0.248279521,.,0,0.5955,1,0.4548,1,0.1422,1,10000,,,,,,,,,"(1, 1, 1, 1, 1, 1, 1, 1, 1, 1, 1, 1, 1)","[(1, 2), (1, 3), (2, 3), (2, 4), (2, 6), (3, 6), (4, 5), (4, 7), (5, 6), (5, 8), (6, 9), (7, 8), (8, 9)]",9
df_solver_results_new_san.jmp,SAN,15,True,0.1,0.775,1.75,0.75,4,True,True,"(8, 8, 8, 8, 8, 8, 8, 8, 8, 8, 8, 8, 8)",0,0.1337476884,0.2739468748,.,0,.,0,0.6858,1,0.0636,1,10000,,,,,,,,,"(1, 1, 1, 1, 1, 1, 1, 1, 1, 1, 1, 1, 1)","[(1, 2), (1, 3), (2, 3), (2, 4), (2, 6), (3, 6), (4, 5), (4, 7), (5, 6), (5, 8), (6, 9), (7, 8), (8, 9)]",9
df_solver_results_new_san.jmp,SAN,15,True,0.1,0.775,1.75,0.75,4,True,True,"(8, 8, 8, 8, 8, 8, 8, 8, 8, 8, 8, 8, 8)",1,0.0495762768,0.2493117522,0.9038,1,0.5942,1,0.4536,1,0.0636,1,10000,,,,,,,,,"(1, 1, 1, 1, 1, 1, 1, 1, 1, 1, 1, 1, 1)","[(1, 2), (1, 3), (2, 3), (2, 4), (2, 6), (3, 6), (4, 5), (4, 7), (5, 6), (5, 8), (6, 9), (7, 8), (8, 9)]",9
df_solver_results_new_san.jmp,SAN,15,True,0.1,0.775,1.75,0.75,4,True,True,"(8, 8, 8, 8, 8, 8, 8, 8, 8, 8, 8, 8, 8)",2,0.0662730985,0.2227614663,.,0,0.5761,1,0.36,1,0.0636,1,10000,,,,,,,,,"(1, 1, 1, 1, 1, 1, 1, 1, 1, 1, 1, 1, 1)","[(1, 2), (1, 3), (2, 3), (2, 4), (2, 6), (3, 6), (4, 5), (4, 7), (5, 6), (5, 8), (6, 9), (7, 8), (8, 9)]",9
df_solver_results_new_san.jmp,SAN,15,True,0.1,0.775,1.75,0.75,4,True,True,"(8, 8, 8, 8, 8, 8, 8, 8, 8, 8, 8, 8, 8)",3,0.038962214,0.2447005017,0.9464,1,0.7589,1,0.4074,1,0.1572,1,10000,,,,,,,,,"(1, 1, 1, 1, 1, 1, 1, 1, 1, 1, 1, 1, 1)","[(1, 2), (1, 3), (2, 3), (2, 4), (2, 6), (3, 6), (4, 5), (4, 7), (5, 6), (5, 8), (6, 9), (7, 8), (8, 9)]",9
df_solver_results_new_san.jmp,SAN,15,True,0.1,0.775,1.75,0.75,4,True,True,"(8, 8, 8, 8, 8, 8, 8, 8, 8, 8, 8, 8, 8)",4,-0.001513782,0.1666738781,0.631,1,0.4692,1,0.3288,1,0.0636,1,10000,,,,,,,,,"(1, 1, 1, 1, 1, 1, 1, 1, 1, 1, 1, 1, 1)","[(1, 2), (1, 3), (2, 3), (2, 4), (2, 6), (3, 6), (4, 5), (4, 7), (5, 6), (5, 8), (6, 9), (7, 8), (8, 9)]",9
df_solver_results_new_san.jmp,SAN,15,True,0.1,0.775,1.75,0.75,4,True,True,"(8, 8, 8, 8, 8, 8, 8, 8, 8, 8, 8, 8, 8)",5,0.0255501349,0.1675781909,0.5762,1,0.4224,1,0.282,1,0.0636,1,10000,,,,,,,,,"(1, 1, 1, 1, 1, 1, 1, 1, 1, 1, 1, 1, 1)","[(1, 2), (1, 3), (2, 3), (2, 4), (2, 6), (3, 6), (4, 5), (4, 7), (5, 6), (5, 8), (6, 9), (7, 8), (8, 9)]",9
df_solver_results_new_san.jmp,SAN,15,True,0.1,0.775,1.75,0.75,4,True,True,"(8, 8, 8, 8, 8, 8, 8, 8, 8, 8, 8, 8, 8)",6,0.0020326761,0.1641815911,0.5945,1,0.4692,1,0.282,1,0.0636,1,10000,,,,,,,,,"(1, 1, 1, 1, 1, 1, 1, 1, 1, 1, 1, 1, 1)","[(1, 2), (1, 3), (2, 3), (2, 4), (2, 6), (3, 6), (4, 5), (4, 7), (5, 6), (5, 8), (6, 9), (7, 8), (8, 9)]",9
df_solver_results_new_san.jmp,SAN,15,True,0.1,0.775,1.75,0.75,4,True,True,"(8, 8, 8, 8, 8, 8, 8, 8, 8, 8, 8, 8, 8)",7,0.1474935548,0.3121919814,.,0,.,0,0.6867,1,0.0636,1,10000,,,,,,,,,"(1, 1, 1, 1, 1, 1, 1, 1, 1, 1, 1, 1, 1)","[(1, 2), (1, 3), (2, 3), (2, 4), (2, 6), (3, 6), (4, 5), (4, 7), (5, 6), (5, 8), (6, 9), (7, 8), (8, 9)]",9
df_solver_results_new_san.jmp,SAN,15,True,0.1,0.775,1.75,0.75,4,True,True,"(8, 8, 8, 8, 8, 8, 8, 8, 8, 8, 8, 8, 8)",8,0.052747215,0.2834254784,.,0,0.8132,1,0.3288,1,0.1728,1,10000,,,,,,,,,"(1, 1, 1, 1, 1, 1, 1, 1, 1, 1, 1, 1, 1)","[(1, 2), (1, 3), (2, 3), (2, 4), (2, 6), (3, 6), (4, 5), (4, 7), (5, 6), (5, 8), (6, 9), (7, 8), (8, 9)]",9
df_solver_results_new_san.jmp,SAN,15,True,0.1,0.775,1.75,0.75,4,True,True,"(8, 8, 8, 8, 8, 8, 8, 8, 8, 8, 8, 8, 8)",9,0.010108611,0.3374575158,0.9057,1,0.8511,1,0.76,1,0.1572,1,10000,,,,,,,,,"(1, 1, 1, 1, 1, 1, 1, 1, 1, 1, 1, 1, 1)","[(1, 2), (1, 3), (2, 3), (2, 4), (2, 6), (3, 6), (4, 5), (4, 7), (5, 6), (5, 8), (6, 9), (7, 8), (8, 9)]",9
df_solver_results_new_san.jmp,SAN,16,True,0.2,0.525,1.875,0.2,4,True,True,"(8, 8, 8, 8, 8, 8, 8, 8, 8, 8, 8, 8, 8)",0,0.1561923937,0.2381240291,.,0,.,0,0.341,1,0.0792,1,10000,,,,,,,,,"(1, 1, 1, 1, 1, 1, 1, 1, 1, 1, 1, 1, 1)","[(1, 2), (1, 3), (2, 3), (2, 4), (2, 6), (3, 6), (4, 5), (4, 7), (5, 6), (5, 8), (6, 9), (7, 8), (8, 9)]",9
df_solver_results_new_san.jmp,SAN,16,True,0.2,0.525,1.875,0.2,4,True,True,"(8, 8, 8, 8, 8, 8, 8, 8, 8, 8, 8, 8, 8)",1,0.0582743576,0.1727269027,.,0,0.3774,1,0.252,1,0.0798,1,10000,,,,,,,,,"(1, 1, 1, 1, 1, 1, 1, 1, 1, 1, 1, 1, 1)","[(1, 2), (1, 3), (2, 3), (2, 4), (2, 6), (3, 6), (4, 5), (4, 7), (5, 6), (5, 8), (6, 9), (7, 8), (8, 9)]",9
df_solver_results_new_san.jmp,SAN,16,True,0.2,0.525,1.875,0.2,4,True,True,"(8, 8, 8, 8, 8, 8, 8, 8, 8, 8, 8, 8, 8)",2,-0.002489749,0.1259168094,0.4086,1,0.3462,1,0.2052,1,0.0792,1,10000,,,,,,,,,"(1, 1, 1, 1, 1, 1, 1, 1, 1, 1, 1, 1, 1)","[(1, 2), (1, 3), (2, 3), (2, 4), (2, 6), (3, 6), (4, 5), (4, 7), (5, 6), (5, 8), (6, 9), (7, 8), (8, 9)]",9
df_solver_results_new_san.jmp,SAN,16,True,0.2,0.525,1.875,0.2,4,True,True,"(8, 8, 8, 8, 8, 8, 8, 8, 8, 8, 8, 8, 8)",3,0.083856102,0.2472394056,.,0,0.9907,1,0.2844,1,0.1428,1,10000,,,,,,,,,"(1, 1, 1, 1, 1, 1, 1, 1, 1, 1, 1, 1, 1)","[(1, 2), (1, 3), (2, 3), (2, 4), (2, 6), (3, 6), (4, 5), (4, 7), (5, 6), (5, 8), (6, 9), (7, 8), (8, 9)]",9
df_solver_results_new_san.jmp,SAN,16,True,0.2,0.525,1.875,0.2,4,True,True,"(8, 8, 8, 8, 8, 8, 8, 8, 8, 8, 8, 8, 8)",4,0.0386650544,0.1608836327,0.637,1,0.393,1,0.252,1,0.0792,1,10000,,,,,,,,,"(1, 1, 1, 1, 1, 1, 1, 1, 1, 1, 1, 1, 1)","[(1, 2), (1, 3), (2, 3), (2, 4), (2, 6), (3, 6), (4, 5), (4, 7), (5, 6), (5, 8), (6, 9), (7, 8), (8, 9)]",9
df_solver_results_new_san.jmp,SAN,16,True,0.2,0.525,1.875,0.2,4,True,True,"(8, 8, 8, 8, 8, 8, 8, 8, 8, 8, 8, 8, 8)",5,0.0402996497,0.2046538389,0.7628,1,0.6212,1,0.4958,1,0.0636,1,10000,,,,,,,,,"(1, 1, 1, 1, 1, 1, 1, 1, 1, 1, 1, 1, 1)","[(1, 2), (1, 3), (2, 3), (2, 4), (2, 6), (3, 6), (4, 5), (4, 7), (5, 6), (5, 8), (6, 9), (7, 8), (8, 9)]",9
df_solver_results_new_san.jmp,SAN,16,True,0.2,0.525,1.875,0.2,4,True,True,"(8, 8, 8, 8, 8, 8, 8, 8, 8, 8, 8, 8, 8)",6,0.1005799013,0.173297671,.,0,.,0,0.1584,1,0.0636,1,10000,,,,,,,,,"(1, 1, 1, 1, 1, 1, 1, 1, 1, 1, 1, 1, 1)","[(1, 2), (1, 3), (2, 3), (2, 4), (2, 6), (3, 6), (4, 5), (4, 7), (5, 6), (5, 8), (6, 9), (7, 8), (8, 9)]",9
df_solver_results_new_san.jmp,SAN,16,True,0.2,0.525,1.875,0.2,4,True,True,"(8, 8, 8, 8, 8, 8, 8, 8, 8, 8, 8, 8, 8)",7,0.0877275261,0.2695092057,.,0,0.8828,1,0.4361,1,0.2165,1,10000,,,,,,,,,"(1, 1, 1, 1, 1, 1, 1, 1, 1, 1, 1, 1, 1)","[(1, 2), (1, 3), (2, 3), (2, 4), (2, 6), (3, 6), (4, 5), (4, 7), (5, 6), (5, 8), (6, 9), (7, 8), (8, 9)]",9
df_solver_results_new_san.jmp,SAN,16,True,0.2,0.525,1.875,0.2,4,True,True,"(8, 8, 8, 8, 8, 8, 8, 8, 8, 8, 8, 8, 8)",8,0.1161073814,0.229857484,.,0,.,0,0.315,1,0.0948,1,10000,,,,,,,,,"(1, 1, 1, 1, 1, 1, 1, 1, 1, 1, 1, 1, 1)","[(1, 2), (1, 3), (2, 3), (2, 4), (2, 6), (3, 6), (4, 5), (4, 7), (5, 6), (5, 8), (6, 9), (7, 8), (8, 9)]",9
df_solver_results_new_san.jmp,SAN,16,True,0.2,0.525,1.875,0.2,4,True,True,"(8, 8, 8, 8, 8, 8, 8, 8, 8, 8, 8, 8, 8)",9,0.0416590594,0.2213312284,0.6391,1,0.4728,1,0.4104,1,0.1272,1,10000,,,,,,,,,"(1, 1, 1, 1, 1, 1, 1, 1, 1, 1, 1, 1, 1)","[(1, 2), (1, 3), (2, 3), (2, 4), (2, 6), (3, 6), (4, 5), (4, 7), (5, 6), (5, 8), (6, 9), (7, 8), (8, 9)]",9
df_solver_results_new_san.jmp,SAN,17,True,0.25,0.6,3,0.75,4,True,True,"(8, 8, 8, 8, 8, 8, 8, 8, 8, 8, 8, 8, 8)",0,0.0773752542,0.3211988084,.,0,0.9469,1,0.577,1,0.2352,1,10000,,,,,,,,,"(1, 1, 1, 1, 1, 1, 1, 1, 1, 1, 1, 1, 1)","[(1, 2), (1, 3), (2, 3), (2, 4), (2, 6), (3, 6), (4, 5), (4, 7), (5, 6), (5, 8), (6, 9), (7, 8), (8, 9)]",9
df_solver_results_new_san.jmp,SAN,17,True,0.25,0.6,3,0.75,4,True,True,"(8, 8, 8, 8, 8, 8, 8, 8, 8, 8, 8, 8, 8)",1,0.1423147519,0.3655280493,.,0,.,0,0.7405,1,0.0792,1,10000,,,,,,,,,"(1, 1, 1, 1, 1, 1, 1, 1, 1, 1, 1, 1, 1)","[(1, 2), (1, 3), (2, 3), (2, 4), (2, 6), (3, 6), (4, 5), (4, 7), (5, 6), (5, 8), (6, 9), (7, 8), (8, 9)]",9
df_solver_results_new_san.jmp,SAN,17,True,0.25,0.6,3,0.75,4,True,True,"(8, 8, 8, 8, 8, 8, 8, 8, 8, 8, 8, 8, 8)",2,0.1872430467,0.3734499634,.,0,.,0,0.9259,1,0.2664,1,10000,,,,,,,,,"(1, 1, 1, 1, 1, 1, 1, 1, 1, 1, 1, 1, 1)","[(1, 2), (1, 3), (2, 3), (2, 4), (2, 6), (3, 6), (4, 5), (4, 7), (5, 6), (5, 8), (6, 9), (7, 8), (8, 9)]",9
df_solver_results_new_san.jmp,SAN,17,True,0.25,0.6,3,0.75,4,True,True,"(8, 8, 8, 8, 8, 8, 8, 8, 8, 8, 8, 8, 8)",3,0.2012198702,0.2824935324,.,0,.,0,0.3756,1,0.1104,1,10000,,,,,,,,,"(1, 1, 1, 1, 1, 1, 1, 1, 1, 1, 1, 1, 1)","[(1, 2), (1, 3), (2, 3), (2, 4), (2, 6), (3, 6), (4, 5), (4, 7), (5, 6), (5, 8), (6, 9), (7, 8), (8, 9)]",9
df_solver_results_new_san.jmp,SAN,17,True,0.25,0.6,3,0.75,4,True,True,"(8, 8, 8, 8, 8, 8, 8, 8, 8, 8, 8, 8, 8)",4,0.1014255922,0.3257636156,.,0,.,0,0.6861,1,0.2196,1,10000,,,,,,,,,"(1, 1, 1, 1, 1, 1, 1, 1, 1, 1, 1, 1, 1)","[(1, 2), (1, 3), (2, 3), (2, 4), (2, 6), (3, 6), (4, 5), (4, 7), (5, 6), (5, 8), (6, 9), (7, 8), (8, 9)]",9
df_solver_results_new_san.jmp,SAN,17,True,0.25,0.6,3,0.75,4,True,True,"(8, 8, 8, 8, 8, 8, 8, 8, 8, 8, 8, 8, 8)",5,0.1184276154,0.3517193965,.,0,.,0,0.8866,1,0.204,1,10000,,,,,,,,,"(1, 1, 1, 1, 1, 1, 1, 1, 1, 1, 1, 1, 1)","[(1, 2), (1, 3), (2, 3), (2, 4), (2, 6), (3, 6), (4, 5), (4, 7), (5, 6), (5, 8), (6, 9), (7, 8), (8, 9)]",9
df_solver_results_new_san.jmp,SAN,17,True,0.25,0.6,3,0.75,4,True,True,"(8, 8, 8, 8, 8, 8, 8, 8, 8, 8, 8, 8, 8)",6,0.2796043126,0.6192830025,.,0,.,0,.,0,0.7229,1,10000,,,,,,,,,"(1, 1, 1, 1, 1, 1, 1, 1, 1, 1, 1, 1, 1)","[(1, 2), (1, 3), (2, 3), (2, 4), (2, 6), (3, 6), (4, 5), (4, 7), (5, 6), (5, 8), (6, 9), (7, 8), (8, 9)]",9
df_solver_results_new_san.jmp,SAN,17,True,0.25,0.6,3,0.75,4,True,True,"(8, 8, 8, 8, 8, 8, 8, 8, 8, 8, 8, 8, 8)",7,0.2897123685,0.5014826434,.,0,.,0,.,0,0.6675,1,10000,,,,,,,,,"(1, 1, 1, 1, 1, 1, 1, 1, 1, 1, 1, 1, 1)","[(1, 2), (1, 3), (2, 3), (2, 4), (2, 6), (3, 6), (4, 5), (4, 7), (5, 6), (5, 8), (6, 9), (7, 8), (8, 9)]",9
df_solver_results_new_san.jmp,SAN,17,True,0.25,0.6,3,0.75,4,True,True,"(8, 8, 8, 8, 8, 8, 8, 8, 8, 8, 8, 8, 8)",8,0.3673471727,0.5760984339,.,0,.,0,.,0,0.6311,1,10000,,,,,,,,,"(1, 1, 1, 1, 1, 1, 1, 1, 1, 1, 1, 1, 1)","[(1, 2), (1, 3), (2, 3), (2, 4), (2, 6), (3, 6), (4, 5), (4, 7), (5, 6), (5, 8), (6, 9), (7, 8), (8, 9)]",9
df_solver_results_new_san.jmp,SAN,17,True,0.25,0.6,3,0.75,4,True,True,"(8, 8, 8, 8, 8, 8, 8, 8, 8, 8, 8, 8, 8)",9,0.2233866747,0.5102344917,.,0,.,0,.,0,0.4692,1,10000,,,,,,,,,"(1, 1, 1, 1, 1, 1, 1, 1, 1, 1, 1, 1, 1)","[(1, 2), (1, 3), (2, 3), (2, 4), (2, 6), (3, 6), (4, 5), (4, 7), (5, 6), (5, 8), (6, 9), (7, 8), (8, 9)]",9
df_solver_results_new_san.jmp,SAN,18,True,0.325,0.5,1.5,0.8,4,True,True,"(8, 8, 8, 8, 8, 8, 8, 8, 8, 8, 8, 8, 8)",0,0.0594276884,0.2702763866,.,0,0.9044,1,0.3288,1,0.0636,1,10000,,,,,,,,,"(1, 1, 1, 1, 1, 1, 1, 1, 1, 1, 1, 1, 1)","[(1, 2), (1, 3), (2, 3), (2, 4), (2, 6), (3, 6), (4, 5), (4, 7), (5, 6), (5, 8), (6, 9), (7, 8), (8, 9)]",9
df_solver_results_new_san.jmp,SAN,18,True,0.325,0.5,1.5,0.8,4,True,True,"(8, 8, 8, 8, 8, 8, 8, 8, 8, 8, 8, 8, 8)",1,0.0834422525,0.2010523054,.,0,0.8867,1,0.3294,1,0.0636,1,10000,,,,,,,,,"(1, 1, 1, 1, 1, 1, 1, 1, 1, 1, 1, 1, 1)","[(1, 2), (1, 3), (2, 3), (2, 4), (2, 6), (3, 6), (4, 5), (4, 7), (5, 6), (5, 8), (6, 9), (7, 8), (8, 9)]",9
df_solver_results_new_san.jmp,SAN,18,True,0.325,0.5,1.5,0.8,4,True,True,"(8, 8, 8, 8, 8, 8, 8, 8, 8, 8, 8, 8, 8)",2,0.0809121007,0.2820264588,.,0,0.9668,1,0.7402,1,0.0636,1,10000,,,,,,,,,"(1, 1, 1, 1, 1, 1, 1, 1, 1, 1, 1, 1, 1)","[(1, 2), (1, 3), (2, 3), (2, 4), (2, 6), (3, 6), (4, 5), (4, 7), (5, 6), (5, 8), (6, 9), (7, 8), (8, 9)]",9
df_solver_results_new_san.jmp,SAN,18,True,0.325,0.5,1.5,0.8,4,True,True,"(8, 8, 8, 8, 8, 8, 8, 8, 8, 8, 8, 8, 8)",3,0.0833763585,0.2104398751,.,0,0.7946,1,0.2664,1,0.0636,1,10000,,,,,,,,,"(1, 1, 1, 1, 1, 1, 1, 1, 1, 1, 1, 1, 1)","[(1, 2), (1, 3), (2, 3), (2, 4), (2, 6), (3, 6), (4, 5), (4, 7), (5, 6), (5, 8), (6, 9), (7, 8), (8, 9)]",9
df_solver_results_new_san.jmp,SAN,18,True,0.325,0.5,1.5,0.8,4,True,True,"(8, 8, 8, 8, 8, 8, 8, 8, 8, 8, 8, 8, 8)",4,0.0753140445,0.192400812,0.7949,1,0.7403,1,0.3756,1,0.0636,1,10000,,,,,,,,,"(1, 1, 1, 1, 1, 1, 1, 1, 1, 1, 1, 1, 1)","[(1, 2), (1, 3), (2, 3), (2, 4), (2, 6), (3, 6), (4, 5), (4, 7), (5, 6), (5, 8), (6, 9), (7, 8), (8, 9)]",9
df_solver_results_new_san.jmp,SAN,18,True,0.325,0.5,1.5,0.8,4,True,True,"(8, 8, 8, 8, 8, 8, 8, 8, 8, 8, 8, 8, 8)",5,0.0466321523,0.1845750849,0.9889,1,0.5032,1,0.282,1,0.0636,1,10000,,,,,,,,,"(1, 1, 1, 1, 1, 1, 1, 1, 1, 1, 1, 1, 1)","[(1, 2), (1, 3), (2, 3), (2, 4), (2, 6), (3, 6), (4, 5), (4, 7), (5, 6), (5, 8), (6, 9), (7, 8), (8, 9)]",9
df_solver_results_new_san.jmp,SAN,18,True,0.325,0.5,1.5,0.8,4,True,True,"(8, 8, 8, 8, 8, 8, 8, 8, 8, 8, 8, 8, 8)",6,0.040521168,0.1645823661,0.6132,1,0.3762,1,0.2196,1,0.0636,1,10000,,,,,,,,,"(1, 1, 1, 1, 1, 1, 1, 1, 1, 1, 1, 1, 1)","[(1, 2), (1, 3), (2, 3), (2, 4), (2, 6), (3, 6), (4, 5), (4, 7), (5, 6), (5, 8), (6, 9), (7, 8), (8, 9)]",9
df_solver_results_new_san.jmp,SAN,18,True,0.325,0.5,1.5,0.8,4,True,True,"(8, 8, 8, 8, 8, 8, 8, 8, 8, 8, 8, 8, 8)",7,0.1134089796,0.3143143214,.,0,.,0,0.7767,1,0.0636,1,10000,,,,,,,,,"(1, 1, 1, 1, 1, 1, 1, 1, 1, 1, 1, 1, 1)","[(1, 2), (1, 3), (2, 3), (2, 4), (2, 6), (3, 6), (4, 5), (4, 7), (5, 6), (5, 8), (6, 9), (7, 8), (8, 9)]",9
df_solver_results_new_san.jmp,SAN,18,True,0.325,0.5,1.5,0.8,4,True,True,"(8, 8, 8, 8, 8, 8, 8, 8, 8, 8, 8, 8, 8)",8,0.0279955113,0.2700288889,0.9037,1,0.8127,1,0.4068,1,0.1104,1,10000,,,,,,,,,"(1, 1, 1, 1, 1, 1, 1, 1, 1, 1, 1, 1, 1)","[(1, 2), (1, 3), (2, 3), (2, 4), (2, 6), (3, 6), (4, 5), (4, 7), (5, 6), (5, 8), (6, 9), (7, 8), (8, 9)]",9
df_solver_results_new_san.jmp,SAN,18,True,0.325,0.5,1.5,0.8,4,True,True,"(8, 8, 8, 8, 8, 8, 8, 8, 8, 8, 8, 8, 8)",9,0.0553343202,0.2665045942,.,0,0.5038,1,0.4074,1,0.0792,1,10000,,,,,,,,,"(1, 1, 1, 1, 1, 1, 1, 1, 1, 1, 1, 1, 1)","[(1, 2), (1, 3), (2, 3), (2, 4), (2, 6), (3, 6), (4, 5), (4, 7), (5, 6), (5, 8), (6, 9), (7, 8), (8, 9)]",9
df_solver_results_new_san.jmp,SAN,19,True,0.2,0.75,1.875,0.15,4,True,True,"(8, 8, 8, 8, 8, 8, 8, 8, 8, 8, 8, 8, 8)",0,0.2617872667,0.3103334025,.,0,.,0,.,0,0.0792,1,10000,,,,,,,,,"(1, 1, 1, 1, 1, 1, 1, 1, 1, 1, 1, 1, 1)","[(1, 2), (1, 3), (2, 3), (2, 4), (2, 6), (3, 6), (4, 5), (4, 7), (5, 6), (5, 8), (6, 9), (7, 8), (8, 9)]",9
df_solver_results_new_san.jmp,SAN,19,True,0.2,0.75,1.875,0.15,4,True,True,"(8, 8, 8, 8, 8, 8, 8, 8, 8, 8, 8, 8, 8)",1,0.0825166811,0.188711881,.,0,0.3961,1,0.237,1,0.0798,1,10000,,,,,,,,,"(1, 1, 1, 1, 1, 1, 1, 1, 1, 1, 1, 1, 1)","[(1, 2), (1, 3), (2, 3), (2, 4), (2, 6), (3, 6), (4, 5), (4, 7), (5, 6), (5, 8), (6, 9), (7, 8), (8, 9)]",9
df_solver_results_new_san.jmp,SAN,19,True,0.2,0.75,1.875,0.15,4,True,True,"(8, 8, 8, 8, 8, 8, 8, 8, 8, 8, 8, 8, 8)",2,0.0809733992,0.2889603931,.,0,0.9614,1,0.836,1,0.0792,1,10000,,,,,,,,,"(1, 1, 1, 1, 1, 1, 1, 1, 1, 1, 1, 1, 1)","[(1, 2), (1, 3), (2, 3), (2, 4), (2, 6), (3, 6), (4, 5), (4, 7), (5, 6), (5, 8), (6, 9), (7, 8), (8, 9)]",9
df_solver_results_new_san.jmp,SAN,19,True,0.2,0.75,1.875,0.15,4,True,True,"(8, 8, 8, 8, 8, 8, 8, 8, 8, 8, 8, 8, 8)",3,0.0246393551,0.1738614812,0.426,1,0.3948,1,0.3,1,0.111,1,10000,,,,,,,,,"(1, 1, 1, 1, 1, 1, 1, 1, 1, 1, 1, 1, 1)","[(1, 2), (1, 3), (2, 3), (2, 4), (2, 6), (3, 6), (4, 5), (4, 7), (5, 6), (5, 8), (6, 9), (7, 8), (8, 9)]",9
df_solver_results_new_san.jmp,SAN,19,True,0.2,0.75,1.875,0.15,4,True,True,"(8, 8, 8, 8, 8, 8, 8, 8, 8, 8, 8, 8, 8)",4,0.069069212,0.1637500041,.,0,0.2676,1,0.1896,1,0.0792,1,10000,,,,,,,,,"(1, 1, 1, 1, 1, 1, 1, 1, 1, 1, 1, 1, 1)","[(1, 2), (1, 3), (2, 3), (2, 4), (2, 6), (3, 6), (4, 5), (4, 7), (5, 6), (5, 8), (6, 9), (7, 8), (8, 9)]",9
df_solver_results_new_san.jmp,SAN,19,True,0.2,0.75,1.875,0.15,4,True,True,"(8, 8, 8, 8, 8, 8, 8, 8, 8, 8, 8, 8, 8)",5,0.053878671,0.2393007607,.,0,0.8312,1,0.7526,1,0.0636,1,10000,,,,,,,,,"(1, 1, 1, 1, 1, 1, 1, 1, 1, 1, 1, 1, 1)","[(1, 2), (1, 3), (2, 3), (2, 4), (2, 6), (3, 6), (4, 5), (4, 7), (5, 6), (5, 8), (6, 9), (7, 8), (8, 9)]",9
df_solver_results_new_san.jmp,SAN,19,True,0.2,0.75,1.875,0.15,4,True,True,"(8, 8, 8, 8, 8, 8, 8, 8, 8, 8, 8, 8, 8)",6,0.1854689569,0.2663657337,.,0,.,0,0.6764,1,0.0636,1,10000,,,,,,,,,"(1, 1, 1, 1, 1, 1, 1, 1, 1, 1, 1, 1, 1)","[(1, 2), (1, 3), (2, 3), (2, 4), (2, 6), (3, 6), (4, 5), (4, 7), (5, 6), (5, 8), (6, 9), (7, 8), (8, 9)]",9
df_solver_results_new_san.jmp,SAN,19,True,0.2,0.75,1.875,0.15,4,True,True,"(8, 8, 8, 8, 8, 8, 8, 8, 8, 8, 8, 8, 8)",7,0.0596795324,0.2172299855,.,0,0.4716,1,0.3774,1,0.0948,1,10000,,,,,,,,,"(1, 1, 1, 1, 1, 1, 1, 1, 1, 1, 1, 1, 1)","[(1, 2), (1, 3), (2, 3), (2, 4), (2, 6), (3, 6), (4, 5), (4, 7), (5, 6), (5, 8), (6, 9), (7, 8), (8, 9)]",9
df_solver_results_new_san.jmp,SAN,19,True,0.2,0.75,1.875,0.15,4,True,True,"(8, 8, 8, 8, 8, 8, 8, 8, 8, 8, 8, 8, 8)",8,0.2627211375,0.3865813214,.,0,.,0,.,0,0.111,1,10000,,,,,,,,,"(1, 1, 1, 1, 1, 1, 1, 1, 1, 1, 1, 1, 1)","[(1, 2), (1, 3), (2, 3), (2, 4), (2, 6), (3, 6), (4, 5), (4, 7), (5, 6), (5, 8), (6, 9), (7, 8), (8, 9)]",9
df_solver_results_new_san.jmp,SAN,19,True,0.2,0.75,1.875,0.15,4,True,True,"(8, 8, 8, 8, 8, 8, 8, 8, 8, 8, 8, 8, 8)",9,0.279232064,0.3926240796,.,0,.,0,.,0,0.1428,1,10000,,,,,,,,,"(1, 1, 1, 1, 1, 1, 1, 1, 1, 1, 1, 1, 1)","[(1, 2), (1, 3), (2, 3), (2, 4), (2, 6), (3, 6), (4, 5), (4, 7), (5, 6), (5, 8), (6, 9), (7, 8), (8, 9)]",9
df_solver_results_new_san.jmp,SAN,20,True,0.5,0.725,2.25,0.35,4,True,True,"(8, 8, 8, 8, 8, 8, 8, 8, 8, 8, 8, 8, 8)",0,0.0403821588,0.216085213,0.5804,1,0.5257,1,0.363,1,0.1116,1,10000,,,,,,,,,"(1, 1, 1, 1, 1, 1, 1, 1, 1, 1, 1, 1, 1)","[(1, 2), (1, 3), (2, 3), (2, 4), (2, 6), (3, 6), (4, 5), (4, 7), (5, 6), (5, 8), (6, 9), (7, 8), (8, 9)]",9
df_solver_results_new_san.jmp,SAN,20,True,0.5,0.725,2.25,0.35,4,True,True,"(8, 8, 8, 8, 8, 8, 8, 8, 8, 8, 8, 8, 8)",1,0.1366736969,0.2984416888,.,0,.,0,0.7677,1,0.0792,1,10000,,,,,,,,,"(1, 1, 1, 1, 1, 1, 1, 1, 1, 1, 1, 1, 1)","[(1, 2), (1, 3), (2, 3), (2, 4), (2, 6), (3, 6), (4, 5), (4, 7), (5, 6), (5, 8), (6, 9), (7, 8), (8, 9)]",9
df_solver_results_new_san.jmp,SAN,20,True,0.5,0.725,2.25,0.35,4,True,True,"(8, 8, 8, 8, 8, 8, 8, 8, 8, 8, 8, 8, 8)",2,0.0492433021,0.2846014862,0.9793,1,0.8452,1,0.7984,1,0.0798,1,10000,,,,,,,,,"(1, 1, 1, 1, 1, 1, 1, 1, 1, 1, 1, 1, 1)","[(1, 2), (1, 3), (2, 3), (2, 4), (2, 6), (3, 6), (4, 5), (4, 7), (5, 6), (5, 8), (6, 9), (7, 8), (8, 9)]",9
df_solver_results_new_san.jmp,SAN,20,True,0.5,0.725,2.25,0.35,4,True,True,"(8, 8, 8, 8, 8, 8, 8, 8, 8, 8, 8, 8, 8)",3,0.0096802362,0.1443010194,0.441,1,0.363,1,0.2058,1,0.0636,1,10000,,,,,,,,,"(1, 1, 1, 1, 1, 1, 1, 1, 1, 1, 1, 1, 1)","[(1, 2), (1, 3), (2, 3), (2, 4), (2, 6), (3, 6), (4, 5), (4, 7), (5, 6), (5, 8), (6, 9), (7, 8), (8, 9)]",9
df_solver_results_new_san.jmp,SAN,20,True,0.5,0.725,2.25,0.35,4,True,True,"(8, 8, 8, 8, 8, 8, 8, 8, 8, 8, 8, 8, 8)",4,0.3926815728,0.4333765495,.,0,.,0,.,0,0.0798,1,10000,,,,,,,,,"(1, 1, 1, 1, 1, 1, 1, 1, 1, 1, 1, 1, 1)","[(1, 2), (1, 3), (2, 3), (2, 4), (2, 6), (3, 6), (4, 5), (4, 7), (5, 6), (5, 8), (6, 9), (7, 8), (8, 9)]",9
df_solver_results_new_san.jmp,SAN,20,True,0.5,0.725,2.25,0.35,4,True,True,"(8, 8, 8, 8, 8, 8, 8, 8, 8, 8, 8, 8, 8)",5,0.0126477782,0.1055084874,0.2688,1,0.2214,1,0.159,1,0.048,1,10000,,,,,,,,,"(1, 1, 1, 1, 1, 1, 1, 1, 1, 1, 1, 1, 1)","[(1, 2), (1, 3), (2, 3), (2, 4), (2, 6), (3, 6), (4, 5), (4, 7), (5, 6), (5, 8), (6, 9), (7, 8), (8, 9)]",9
df_solver_results_new_san.jmp,SAN,20,True,0.5,0.725,2.25,0.35,4,True,True,"(8, 8, 8, 8, 8, 8, 8, 8, 8, 8, 8, 8, 8)",6,0.0379862448,0.1858681562,0.8232,1,0.5282,1,0.285,1,0.048,1,10000,,,,,,,,,"(1, 1, 1, 1, 1, 1, 1, 1, 1, 1, 1, 1, 1)","[(1, 2), (1, 3), (2, 3), (2, 4), (2, 6), (3, 6), (4, 5), (4, 7), (5, 6), (5, 8), (6, 9), (7, 8), (8, 9)]",9
df_solver_results_new_san.jmp,SAN,20,True,0.5,0.725,2.25,0.35,4,True,True,"(8, 8, 8, 8, 8, 8, 8, 8, 8, 8, 8, 8, 8)",7,0.1472699807,0.3223906979,.,0,.,0,0.868,1,0.1116,1,10000,,,,,,,,,"(1, 1, 1, 1, 1, 1, 1, 1, 1, 1, 1, 1, 1)","[(1, 2), (1, 3), (2, 3), (2, 4), (2, 6), (3, 6), (4, 5), (4, 7), (5, 6), (5, 8), (6, 9), (7, 8), (8, 9)]",9
df_solver_results_new_san.jmp,SAN,20,True,0.5,0.725,2.25,0.35,4,True,True,"(8, 8, 8, 8, 8, 8, 8, 8, 8, 8, 8, 8, 8)",8,0.09490605,0.312359723,.,0,0.5786,1,0.471,1,0.237,1,10000,,,,,,,,,"(1, 1, 1, 1, 1, 1, 1, 1, 1, 1, 1, 1, 1)","[(1, 2), (1, 3), (2, 3), (2, 4), (2, 6), (3, 6), (4, 5), (4, 7), (5, 6), (5, 8), (6, 9), (7, 8), (8, 9)]",9
df_solver_results_new_san.jmp,SAN,20,True,0.5,0.725,2.25,0.35,4,True,True,"(8, 8, 8, 8, 8, 8, 8, 8, 8, 8, 8, 8, 8)",9,0.0146147989,0.265903796,0.8196,1,0.7468,1,0.6193,1,0.111,1,10000,,,,,,,,,"(1, 1, 1, 1, 1, 1, 1, 1, 1, 1, 1, 1, 1)","[(1, 2), (1, 3), (2, 3), (2, 4), (2, 6), (3, 6), (4, 5), (4, 7), (5, 6), (5, 8), (6, 9), (7, 8), (8, 9)]",9
df_solver_results_new_san.jmp,SAN,21,True,0.15,0.625,2.875,0.45,4,True,True,"(8, 8, 8, 8, 8, 8, 8, 8, 8, 8, 8, 8, 8)",0,0.0139320277,0.2460762514,0.7401,1,0.5944,1,0.4692,1,0.204,1,10000,,,,,,,,,"(1, 1, 1, 1, 1, 1, 1, 1, 1, 1, 1, 1, 1)","[(1, 2), (1, 3), (2, 3), (2, 4), (2, 6), (3, 6), (4, 5), (4, 7), (5, 6), (5, 8), (6, 9), (7, 8), (8, 9)]",9
df_solver_results_new_san.jmp,SAN,21,True,0.15,0.625,2.875,0.45,4,True,True,"(8, 8, 8, 8, 8, 8, 8, 8, 8, 8, 8, 8, 8)",1,0.0230843905,0.1939736745,0.759,1,0.5038,1,0.345,1,0.0636,1,10000,,,,,,,,,"(1, 1, 1, 1, 1, 1, 1, 1, 1, 1, 1, 1, 1)","[(1, 2), (1, 3), (2, 3), (2, 4), (2, 6), (3, 6), (4, 5), (4, 7), (5, 6), (5, 8), (6, 9), (7, 8), (8, 9)]",9
df_solver_results_new_san.jmp,SAN,21,True,0.15,0.625,2.875,0.45,4,True,True,"(8, 8, 8, 8, 8, 8, 8, 8, 8, 8, 8, 8, 8)",2,0.0141693893,0.2220942856,0.6492,1,0.4692,1,0.3912,1,0.1572,1,10000,,,,,,,,,"(1, 1, 1, 1, 1, 1, 1, 1, 1, 1, 1, 1, 1)","[(1, 2), (1, 3), (2, 3), (2, 4), (2, 6), (3, 6), (4, 5), (4, 7), (5, 6), (5, 8), (6, 9), (7, 8), (8, 9)]",9
df_solver_results_new_san.jmp,SAN,21,True,0.15,0.625,2.875,0.45,4,True,True,"(8, 8, 8, 8, 8, 8, 8, 8, 8, 8, 8, 8, 8)",3,0.0033498952,0.2087756462,0.6862,1,0.5403,1,0.4074,1,0.1884,1,10000,,,,,,,,,"(1, 1, 1, 1, 1, 1, 1, 1, 1, 1, 1, 1, 1)","[(1, 2), (1, 3), (2, 3), (2, 4), (2, 6), (3, 6), (4, 5), (4, 7), (5, 6), (5, 8), (6, 9), (7, 8), (8, 9)]",9
df_solver_results_new_san.jmp,SAN,21,True,0.15,0.625,2.875,0.45,4,True,True,"(8, 8, 8, 8, 8, 8, 8, 8, 8, 8, 8, 8, 8)",4,0.0611758605,0.3162246809,.,0,0.6862,1,0.5587,1,0.2508,1,10000,,,,,,,,,"(1, 1, 1, 1, 1, 1, 1, 1, 1, 1, 1, 1, 1)","[(1, 2), (1, 3), (2, 3), (2, 4), (2, 6), (3, 6), (4, 5), (4, 7), (5, 6), (5, 8), (6, 9), (7, 8), (8, 9)]",9
df_solver_results_new_san.jmp,SAN,21,True,0.15,0.625,2.875,0.45,4,True,True,"(8, 8, 8, 8, 8, 8, 8, 8, 8, 8, 8, 8, 8)",5,-0.001612434,0.2939487034,0.8678,1,0.7221,1,0.5944,1,0.1728,1,10000,,,,,,,,,"(1, 1, 1, 1, 1, 1, 1, 1, 1, 1, 1, 1, 1)","[(1, 2), (1, 3), (2, 3), (2, 4), (2, 6), (3, 6), (4, 5), (4, 7), (5, 6), (5, 8), (6, 9), (7, 8), (8, 9)]",9
df_solver_results_new_san.jmp,SAN,21,True,0.15,0.625,2.875,0.45,4,True,True,"(8, 8, 8, 8, 8, 8, 8, 8, 8, 8, 8, 8, 8)",6,0.0601643083,0.3247082877,.,0,0.7997,1,0.6902,1,0.1578,1,10000,,,,,,,,,"(1, 1, 1, 1, 1, 1, 1, 1, 1, 1, 1, 1, 1)","[(1, 2), (1, 3), (2, 3), (2, 4), (2, 6), (3, 6), (4, 5), (4, 7), (5, 6), (5, 8), (6, 9), (7, 8), (8, 9)]",9
df_solver_results_new_san.jmp,SAN,21,True,0.15,0.625,2.875,0.45,4,True,True,"(8, 8, 8, 8, 8, 8, 8, 8, 8, 8, 8, 8, 8)",7,0.0776817389,0.2381890827,0.6511,1,0.541,1,0.5044,1,0.0636,1,10000,,,,,,,,,"(1, 1, 1, 1, 1, 1, 1, 1, 1, 1, 1, 1, 1)","[(1, 2), (1, 3), (2, 3), (2, 4), (2, 6), (3, 6), (4, 5), (4, 7), (5, 6), (5, 8), (6, 9), (7, 8), (8, 9)]",9
df_solver_results_new_san.jmp,SAN,21,True,0.15,0.625,2.875,0.45,4,True,True,"(8, 8, 8, 8, 8, 8, 8, 8, 8, 8, 8, 8, 8)",8,0.0537550588,0.4818641439,.,0,0.87,1,0.7426,1,0.4872,1,10000,,,,,,,,,"(1, 1, 1, 1, 1, 1, 1, 1, 1, 1, 1, 1, 1)","[(1, 2), (1, 3), (2, 3), (2, 4), (2, 6), (3, 6), (4, 5), (4, 7), (5, 6), (5, 8), (6, 9), (7, 8), (8, 9)]",9
df_solver_results_new_san.jmp,SAN,21,True,0.15,0.625,2.875,0.45,4,True,True,"(8, 8, 8, 8, 8, 8, 8, 8, 8, 8, 8, 8, 8)",9,0.0773357169,0.3762119067,.,0,0.8498,1,0.7406,1,0.2508,1,10000,,,,,,,,,"(1, 1, 1, 1, 1, 1, 1, 1, 1, 1, 1, 1, 1)","[(1, 2), (1, 3), (2, 3), (2, 4), (2, 6), (3, 6), (4, 5), (4, 7), (5, 6), (5, 8), (6, 9), (7, 8), (8, 9)]",9
df_solver_results_new_san.jmp,SAN,22,True,0.425,0.525,1.625,0.4,4,True,True,"(8, 8, 8, 8, 8, 8, 8, 8, 8, 8, 8, 8, 8)",0,0.0252779112,0.1897712826,0.7341,1,0.542,1,0.3618,1,0.0636,1,10000,,,,,,,,,"(1, 1, 1, 1, 1, 1, 1, 1, 1, 1, 1, 1, 1)","[(1, 2), (1, 3), (2, 3), (2, 4), (2, 6), (3, 6), (4, 5), (4, 7), (5, 6), (5, 8), (6, 9), (7, 8), (8, 9)]",9
df_solver_results_new_san.jmp,SAN,22,True,0.425,0.525,1.625,0.4,4,True,True,"(8, 8, 8, 8, 8, 8, 8, 8, 8, 8, 8, 8, 8)",1,0.0020753176,0.1550663132,0.5232,1,0.4242,1,0.2838,1,0.0636,1,10000,,,,,,,,,"(1, 1, 1, 1, 1, 1, 1, 1, 1, 1, 1, 1, 1)","[(1, 2), (1, 3), (2, 3), (2, 4), (2, 6), (3, 6), (4, 5), (4, 7), (5, 6), (5, 8), (6, 9), (7, 8), (8, 9)]",9
df_solver_results_new_san.jmp,SAN,22,True,0.425,0.525,1.625,0.4,4,True,True,"(8, 8, 8, 8, 8, 8, 8, 8, 8, 8, 8, 8, 8)",2,-0.008125565,0.1792783832,0.6716,1,0.5617,1,0.315,1,0.0636,1,10000,,,,,,,,,"(1, 1, 1, 1, 1, 1, 1, 1, 1, 1, 1, 1, 1)","[(1, 2), (1, 3), (2, 3), (2, 4), (2, 6), (3, 6), (4, 5), (4, 7), (5, 6), (5, 8), (6, 9), (7, 8), (8, 9)]",9
df_solver_results_new_san.jmp,SAN,22,True,0.425,0.525,1.625,0.4,4,True,True,"(8, 8, 8, 8, 8, 8, 8, 8, 8, 8, 8, 8, 8)",3,0.0416595701,0.172288033,0.3618,1,0.3618,1,0.2682,1,0.0948,1,10000,,,,,,,,,"(1, 1, 1, 1, 1, 1, 1, 1, 1, 1, 1, 1, 1)","[(1, 2), (1, 3), (2, 3), (2, 4), (2, 6), (3, 6), (4, 5), (4, 7), (5, 6), (5, 8), (6, 9), (7, 8), (8, 9)]",9
df_solver_results_new_san.jmp,SAN,22,True,0.425,0.525,1.625,0.4,4,True,True,"(8, 8, 8, 8, 8, 8, 8, 8, 8, 8, 8, 8, 8)",4,-0.007129283,0.1538622773,0.6321,1,0.3924,1,0.2364,1,0.0636,1,10000,,,,,,,,,"(1, 1, 1, 1, 1, 1, 1, 1, 1, 1, 1, 1, 1)","[(1, 2), (1, 3), (2, 3), (2, 4), (2, 6), (3, 6), (4, 5), (4, 7), (5, 6), (5, 8), (6, 9), (7, 8), (8, 9)]",9
df_solver_results_new_san.jmp,SAN,22,True,0.425,0.525,1.625,0.4,4,True,True,"(8, 8, 8, 8, 8, 8, 8, 8, 8, 8, 8, 8, 8)",5,0.0078288686,0.1315377118,0.4092,1,0.3936,1,0.2526,1,0.0636,1,10000,,,,,,,,,"(1, 1, 1, 1, 1, 1, 1, 1, 1, 1, 1, 1, 1)","[(1, 2), (1, 3), (2, 3), (2, 4), (2, 6), (3, 6), (4, 5), (4, 7), (5, 6), (5, 8), (6, 9), (7, 8), (8, 9)]",9
df_solver_results_new_san.jmp,SAN,22,True,0.425,0.525,1.625,0.4,4,True,True,"(8, 8, 8, 8, 8, 8, 8, 8, 8, 8, 8, 8, 8)",6,0.0723034743,0.1803143552,.,0,0.5616,1,0.237,1,0.0636,1,10000,,,,,,,,,"(1, 1, 1, 1, 1, 1, 1, 1, 1, 1, 1, 1, 1)","[(1, 2), (1, 3), (2, 3), (2, 4), (2, 6), (3, 6), (4, 5), (4, 7), (5, 6), (5, 8), (6, 9), (7, 8), (8, 9)]",9
df_solver_results_new_san.jmp,SAN,22,True,0.425,0.525,1.625,0.4,4,True,True,"(8, 8, 8, 8, 8, 8, 8, 8, 8, 8, 8, 8, 8)",7,0.0631437411,0.2375021869,.,0,0.7255,1,0.5056,1,0.0636,1,10000,,,,,,,,,"(1, 1, 1, 1, 1, 1, 1, 1, 1, 1, 1, 1, 1)","[(1, 2), (1, 3), (2, 3), (2, 4), (2, 6), (3, 6), (4, 5), (4, 7), (5, 6), (5, 8), (6, 9), (7, 8), (8, 9)]",9
df_solver_results_new_san.jmp,SAN,22,True,0.425,0.525,1.625,0.4,4,True,True,"(8, 8, 8, 8, 8, 8, 8, 8, 8, 8, 8, 8, 8)",8,0.0288395331,0.1919586638,0.9039,1,0.3612,1,0.2676,1,0.0948,1,10000,,,,,,,,,"(1, 1, 1, 1, 1, 1, 1, 1, 1, 1, 1, 1, 1)","[(1, 2), (1, 3), (2, 3), (2, 4), (2, 6), (3, 6), (4, 5), (4, 7), (5, 6), (5, 8), (6, 9), (7, 8), (8, 9)]",9
df_solver_results_new_san.jmp,SAN,22,True,0.425,0.525,1.625,0.4,4,True,True,"(8, 8, 8, 8, 8, 8, 8, 8, 8, 8, 8, 8, 8)",9,0.0445379167,0.1630313697,0.426,1,0.2844,1,0.2376,1,0.0954,1,10000,,,,,,,,,"(1, 1, 1, 1, 1, 1, 1, 1, 1, 1, 1, 1, 1)","[(1, 2), (1, 3), (2, 3), (2, 4), (2, 6), (3, 6), (4, 5), (4, 7), (5, 6), (5, 8), (6, 9), (7, 8), (8, 9)]",9
df_solver_results_new_san.jmp,SAN,23,True,0.225,0.85,1.375,0.9,4,True,True,"(8, 8, 8, 8, 8, 8, 8, 8, 8, 8, 8, 8, 8)",0,0.1635246128,0.3956632671,.,0,.,0,0.8497,1,0.0792,1,10000,,,,,,,,,"(1, 1, 1, 1, 1, 1, 1, 1, 1, 1, 1, 1, 1)","[(1, 2), (1, 3), (2, 3), (2, 4), (2, 6), (3, 6), (4, 5), (4, 7), (5, 6), (5, 8), (6, 9), (7, 8), (8, 9)]",9
df_solver_results_new_san.jmp,SAN,23,True,0.225,0.85,1.375,0.9,4,True,True,"(8, 8, 8, 8, 8, 8, 8, 8, 8, 8, 8, 8, 8)",1,0.1520650755,0.2622834279,.,0,.,0,0.4068,1,0.0792,1,10000,,,,,,,,,"(1, 1, 1, 1, 1, 1, 1, 1, 1, 1, 1, 1, 1)","[(1, 2), (1, 3), (2, 3), (2, 4), (2, 6), (3, 6), (4, 5), (4, 7), (5, 6), (5, 8), (6, 9), (7, 8), (8, 9)]",9
df_solver_results_new_san.jmp,SAN,23,True,0.225,0.85,1.375,0.9,4,True,True,"(8, 8, 8, 8, 8, 8, 8, 8, 8, 8, 8, 8, 8)",2,0.1508637533,0.2954388179,.,0,.,0,0.5215,1,0.0636,1,10000,,,,,,,,,"(1, 1, 1, 1, 1, 1, 1, 1, 1, 1, 1, 1, 1)","[(1, 2), (1, 3), (2, 3), (2, 4), (2, 6), (3, 6), (4, 5), (4, 7), (5, 6), (5, 8), (6, 9), (7, 8), (8, 9)]",9
df_solver_results_new_san.jmp,SAN,23,True,0.225,0.85,1.375,0.9,4,True,True,"(8, 8, 8, 8, 8, 8, 8, 8, 8, 8, 8, 8, 8)",3,0.0581264273,0.2597522536,.,0,0.7765,1,0.5398,1,0.0792,1,10000,,,,,,,,,"(1, 1, 1, 1, 1, 1, 1, 1, 1, 1, 1, 1, 1)","[(1, 2), (1, 3), (2, 3), (2, 4), (2, 6), (3, 6), (4, 5), (4, 7), (5, 6), (5, 8), (6, 9), (7, 8), (8, 9)]",9
df_solver_results_new_san.jmp,SAN,23,True,0.225,0.85,1.375,0.9,4,True,True,"(8, 8, 8, 8, 8, 8, 8, 8, 8, 8, 8, 8, 8)",4,0.1287528806,0.2077558417,.,0,0.5032,1,0.3288,1,0.0792,1,10000,,,,,,,,,"(1, 1, 1, 1, 1, 1, 1, 1, 1, 1, 1, 1, 1)","[(1, 2), (1, 3), (2, 3), (2, 4), (2, 6), (3, 6), (4, 5), (4, 7), (5, 6), (5, 8), (6, 9), (7, 8), (8, 9)]",9
df_solver_results_new_san.jmp,SAN,23,True,0.225,0.85,1.375,0.9,4,True,True,"(8, 8, 8, 8, 8, 8, 8, 8, 8, 8, 8, 8, 8)",5,0.0745443095,0.2051288125,.,0,0.7592,1,0.3288,1,0.0636,1,10000,,,,,,,,,"(1, 1, 1, 1, 1, 1, 1, 1, 1, 1, 1, 1, 1)","[(1, 2), (1, 3), (2, 3), (2, 4), (2, 6), (3, 6), (4, 5), (4, 7), (5, 6), (5, 8), (6, 9), (7, 8), (8, 9)]",9
df_solver_results_new_san.jmp,SAN,23,True,0.225,0.85,1.375,0.9,4,True,True,"(8, 8, 8, 8, 8, 8, 8, 8, 8, 8, 8, 8, 8)",6,0.0182847942,0.1706782823,0.6855,1,0.36,1,0.2664,1,0.0792,1,10000,,,,,,,,,"(1, 1, 1, 1, 1, 1, 1, 1, 1, 1, 1, 1, 1)","[(1, 2), (1, 3), (2, 3), (2, 4), (2, 6), (3, 6), (4, 5), (4, 7), (5, 6), (5, 8), (6, 9), (7, 8), (8, 9)]",9
df_solver_results_new_san.jmp,SAN,23,True,0.225,0.85,1.375,0.9,4,True,True,"(8, 8, 8, 8, 8, 8, 8, 8, 8, 8, 8, 8, 8)",7,0.2277577893,0.3488727028,.,0,.,0,.,0,0.0792,1,10000,,,,,,,,,"(1, 1, 1, 1, 1, 1, 1, 1, 1, 1, 1, 1, 1)","[(1, 2), (1, 3), (2, 3), (2, 4), (2, 6), (3, 6), (4, 5), (4, 7), (5, 6), (5, 8), (6, 9), (7, 8), (8, 9)]",9
df_solver_results_new_san.jmp,SAN,23,True,0.225,0.85,1.375,0.9,4,True,True,"(8, 8, 8, 8, 8, 8, 8, 8, 8, 8, 8, 8, 8)",8,0.0876435609,0.2764622459,0.8858,1,0.722,1,0.5945,1,0.0792,1,10000,,,,,,,,,"(1, 1, 1, 1, 1, 1, 1, 1, 1, 1, 1, 1, 1)","[(1, 2), (1, 3), (2, 3), (2, 4), (2, 6), (3, 6), (4, 5), (4, 7), (5, 6), (5, 8), (6, 9), (7, 8), (8, 9)]",9
df_solver_results_new_san.jmp,SAN,23,True,0.225,0.85,1.375,0.9,4,True,True,"(8, 8, 8, 8, 8, 8, 8, 8, 8, 8, 8, 8, 8)",9,0.0350591747,0.3203419252,0.8497,1,0.7951,1,0.5032,1,0.0792,1,10000,,,,,,,,,"(1, 1, 1, 1, 1, 1, 1, 1, 1, 1, 1, 1, 1)","[(1, 2), (1, 3), (2, 3), (2, 4), (2, 6), (3, 6), (4, 5), (4, 7), (5, 6), (5, 8), (6, 9), (7, 8), (8, 9)]",9
df_solver_results_new_san.jmp,SAN,24,True,0.475,0.825,2.75,0.7,4,True,True,"(8, 8, 8, 8, 8, 8, 8, 8, 8, 8, 8, 8, 8)",0,0.0508876856,0.3405141269,.,0,0.8498,1,0.7405,1,0.204,1,10000,,,,,,,,,"(1, 1, 1, 1, 1, 1, 1, 1, 1, 1, 1, 1, 1)","[(1, 2), (1, 3), (2, 3), (2, 4), (2, 6), (3, 6), (4, 5), (4, 7), (5, 6), (5, 8), (6, 9), (7, 8), (8, 9)]",9
df_solver_results_new_san.jmp,SAN,24,True,0.475,0.825,2.75,0.7,4,True,True,"(8, 8, 8, 8, 8, 8, 8, 8, 8, 8, 8, 8, 8)",1,0.1658762043,0.3223409993,.,0,.,0,0.4536,1,0.1884,1,10000,,,,,,,,,"(1, 1, 1, 1, 1, 1, 1, 1, 1, 1, 1, 1, 1)","[(1, 2), (1, 3), (2, 3), (2, 4), (2, 6), (3, 6), (4, 5), (4, 7), (5, 6), (5, 8), (6, 9), (7, 8), (8, 9)]",9
df_solver_results_new_san.jmp,SAN,24,True,0.475,0.825,2.75,0.7,4,True,True,"(8, 8, 8, 8, 8, 8, 8, 8, 8, 8, 8, 8, 8)",2,0.1360484294,0.3379895755,.,0,.,0,0.6494,1,0.2196,1,10000,,,,,,,,,"(1, 1, 1, 1, 1, 1, 1, 1, 1, 1, 1, 1, 1)","[(1, 2), (1, 3), (2, 3), (2, 4), (2, 6), (3, 6), (4, 5), (4, 7), (5, 6), (5, 8), (6, 9), (7, 8), (8, 9)]",9
df_solver_results_new_san.jmp,SAN,24,True,0.475,0.825,2.75,0.7,4,True,True,"(8, 8, 8, 8, 8, 8, 8, 8, 8, 8, 8, 8, 8)",3,0.2130252919,0.3865055448,.,0,.,0,0.6675,1,0.1728,1,10000,,,,,,,,,"(1, 1, 1, 1, 1, 1, 1, 1, 1, 1, 1, 1, 1)","[(1, 2), (1, 3), (2, 3), (2, 4), (2, 6), (3, 6), (4, 5), (4, 7), (5, 6), (5, 8), (6, 9), (7, 8), (8, 9)]",9
df_solver_results_new_san.jmp,SAN,24,True,0.475,0.825,2.75,0.7,4,True,True,"(8, 8, 8, 8, 8, 8, 8, 8, 8, 8, 8, 8, 8)",4,0.1722880533,0.3491630223,.,0,.,0,0.6688,1,0.3132,1,10000,,,,,,,,,"(1, 1, 1, 1, 1, 1, 1, 1, 1, 1, 1, 1, 1)","[(1, 2), (1, 3), (2, 3), (2, 4), (2, 6), (3, 6), (4, 5), (4, 7), (5, 6), (5, 8), (6, 9), (7, 8), (8, 9)]",9
df_solver_results_new_san.jmp,SAN,24,True,0.475,0.825,2.75,0.7,4,True,True,"(8, 8, 8, 8, 8, 8, 8, 8, 8, 8, 8, 8, 8)",5,0.0643951996,0.3371710825,.,0,0.9253,1,0.7221,1,0.1884,1,10000,,,,,,,,,"(1, 1, 1, 1, 1, 1, 1, 1, 1, 1, 1, 1, 1)","[(1, 2), (1, 3), (2, 3), (2, 4), (2, 6), (3, 6), (4, 5), (4, 7), (5, 6), (5, 8), (6, 9), (7, 8), (8, 9)]",9
df_solver_results_new_san.jmp,SAN,24,True,0.475,0.825,2.75,0.7,4,True,True,"(8, 8, 8, 8, 8, 8, 8, 8, 8, 8, 8, 8, 8)",6,0.0657794604,0.3201523872,.,0,0.7767,1,0.5581,1,0.204,1,10000,,,,,,,,,"(1, 1, 1, 1, 1, 1, 1, 1, 1, 1, 1, 1, 1)","[(1, 2), (1, 3), (2, 3), (2, 4), (2, 6), (3, 6), (4, 5), (4, 7), (5, 6), (5, 8), (6, 9), (7, 8), (8, 9)]",9
df_solver_results_new_san.jmp,SAN,24,True,0.475,0.825,2.75,0.7,4,True,True,"(8, 8, 8, 8, 8, 8, 8, 8, 8, 8, 8, 8, 8)",7,0.1064241515,0.3867769759,.,0,.,0,0.8507,1,0.1572,1,10000,,,,,,,,,"(1, 1, 1, 1, 1, 1, 1, 1, 1, 1, 1, 1, 1)","[(1, 2), (1, 3), (2, 3), (2, 4), (2, 6), (3, 6), (4, 5), (4, 7), (5, 6), (5, 8), (6, 9), (7, 8), (8, 9)]",9
df_solver_results_new_san.jmp,SAN,24,True,0.475,0.825,2.75,0.7,4,True,True,"(8, 8, 8, 8, 8, 8, 8, 8, 8, 8, 8, 8, 8)",8,0.3366145245,0.5159588999,.,0,.,0,.,0,0.3756,1,10000,,,,,,,,,"(1, 1, 1, 1, 1, 1, 1, 1, 1, 1, 1, 1, 1)","[(1, 2), (1, 3), (2, 3), (2, 4), (2, 6), (3, 6), (4, 5), (4, 7), (5, 6), (5, 8), (6, 9), (7, 8), (8, 9)]",9
df_solver_results_new_san.jmp,SAN,24,True,0.475,0.825,2.75,0.7,4,True,True,"(8, 8, 8, 8, 8, 8, 8, 8, 8, 8, 8, 8, 8)",9,0.2123095822,0.5329619916,.,0,.,0,.,0,0.4224,1,10000,,,,,,,,,"(1, 1, 1, 1, 1, 1, 1, 1, 1, 1, 1, 1, 1)","[(1, 2), (1, 3), (2, 3), (2, 4), (2, 6), (3, 6), (4, 5), (4, 7), (5, 6), (5, 8), (6, 9), (7, 8), (8, 9)]",9
df_solver_results_new_san.jmp,SAN,25,True,0.35,0.8,1,0.25,4,True,True,"(8, 8, 8, 8, 8, 8, 8, 8, 8, 8, 8, 8, 8)",0,0.3239961733,0.4037131027,.,0,.,0,.,0,0.111,1,10000,,,,,,,,,"(1, 1, 1, 1, 1, 1, 1, 1, 1, 1, 1, 1, 1)","[(1, 2), (1, 3), (2, 3), (2, 4), (2, 6), (3, 6), (4, 5), (4, 7), (5, 6), (5, 8), (6, 9), (7, 8), (8, 9)]",9
df_solver_results_new_san.jmp,SAN,25,True,0.35,0.8,1,0.25,4,True,True,"(8, 8, 8, 8, 8, 8, 8, 8, 8, 8, 8, 8, 8)",1,0.4108868436,0.4556937051,.,0,.,0,.,0,0.126,1,10000,,,,,,,,,"(1, 1, 1, 1, 1, 1, 1, 1, 1, 1, 1, 1, 1)","[(1, 2), (1, 3), (2, 3), (2, 4), (2, 6), (3, 6), (4, 5), (4, 7), (5, 6), (5, 8), (6, 9), (7, 8), (8, 9)]",9
df_solver_results_new_san.jmp,SAN,25,True,0.35,0.8,1,0.25,4,True,True,"(8, 8, 8, 8, 8, 8, 8, 8, 8, 8, 8, 8, 8)",2,0.1742327969,0.2637333538,.,0,.,0,0.2695,1,0.1104,1,10000,,,,,,,,,"(1, 1, 1, 1, 1, 1, 1, 1, 1, 1, 1, 1, 1)","[(1, 2), (1, 3), (2, 3), (2, 4), (2, 6), (3, 6), (4, 5), (4, 7), (5, 6), (5, 8), (6, 9), (7, 8), (8, 9)]",9
df_solver_results_new_san.jmp,SAN,25,True,0.35,0.8,1,0.25,4,True,True,"(8, 8, 8, 8, 8, 8, 8, 8, 8, 8, 8, 8, 8)",3,0.0518924128,0.1947938301,.,0,0.423,1,0.3138,1,0.1104,1,10000,,,,,,,,,"(1, 1, 1, 1, 1, 1, 1, 1, 1, 1, 1, 1, 1)","[(1, 2), (1, 3), (2, 3), (2, 4), (2, 6), (3, 6), (4, 5), (4, 7), (5, 6), (5, 8), (6, 9), (7, 8), (8, 9)]",9
df_solver_results_new_san.jmp,SAN,25,True,0.35,0.8,1,0.25,4,True,True,"(8, 8, 8, 8, 8, 8, 8, 8, 8, 8, 8, 8, 8)",4,0.3060225094,0.3850200475,.,0,.,0,.,0,0.126,1,10000,,,,,,,,,"(1, 1, 1, 1, 1, 1, 1, 1, 1, 1, 1, 1, 1)","[(1, 2), (1, 3), (2, 3), (2, 4), (2, 6), (3, 6), (4, 5), (4, 7), (5, 6), (5, 8), (6, 9), (7, 8), (8, 9)]",9
df_solver_results_new_san.jmp,SAN,25,True,0.35,0.8,1,0.25,4,True,True,"(8, 8, 8, 8, 8, 8, 8, 8, 8, 8, 8, 8, 8)",5,0.002774339,0.143079467,0.3768,1,0.33,1,0.2046,1,0.111,1,10000,,,,,,,,,"(1, 1, 1, 1, 1, 1, 1, 1, 1, 1, 1, 1, 1)","[(1, 2), (1, 3), (2, 3), (2, 4), (2, 6), (3, 6), (4, 5), (4, 7), (5, 6), (5, 8), (6, 9), (7, 8), (8, 9)]",9
df_solver_results_new_san.jmp,SAN,25,True,0.35,0.8,1,0.25,4,True,True,"(8, 8, 8, 8, 8, 8, 8, 8, 8, 8, 8, 8, 8)",6,0.0836263751,0.2058075756,.,0,0.3798,1,0.2544,1,0.1284,1,10000,,,,,,,,,"(1, 1, 1, 1, 1, 1, 1, 1, 1, 1, 1, 1, 1)","[(1, 2), (1, 3), (2, 3), (2, 4), (2, 6), (3, 6), (4, 5), (4, 7), (5, 6), (5, 8), (6, 9), (7, 8), (8, 9)]",9
df_solver_results_new_san.jmp,SAN,25,True,0.35,0.8,1,0.25,4,True,True,"(8, 8, 8, 8, 8, 8, 8, 8, 8, 8, 8, 8, 8)",7,0.3389157633,0.4347782574,.,0,.,0,.,0,0.1266,1,10000,,,,,,,,,"(1, 1, 1, 1, 1, 1, 1, 1, 1, 1, 1, 1, 1)","[(1, 2), (1, 3), (2, 3), (2, 4), (2, 6), (3, 6), (4, 5), (4, 7), (5, 6), (5, 8), (6, 9), (7, 8), (8, 9)]",9
df_solver_results_new_san.jmp,SAN,25,True,0.35,0.8,1,0.25,4,True,True,"(8, 8, 8, 8, 8, 8, 8, 8, 8, 8, 8, 8, 8)",8,0.4352166272,0.494457139,.,0,.,0,.,0,0.1572,1,10000,,,,,,,,,"(1, 1, 1, 1, 1, 1, 1, 1, 1, 1, 1, 1, 1)","[(1, 2), (1, 3), (2, 3), (2, 4), (2, 6), (3, 6), (4, 5), (4, 7), (5, 6), (5, 8), (6, 9), (7, 8), (8, 9)]",9
df_solver_results_new_san.jmp,SAN,25,True,0.35,0.8,1,0.25,4,True,True,"(8, 8, 8, 8, 8, 8, 8, 8, 8, 8, 8, 8, 8)",9,0.2762661693,0.3743594153,.,0,.,0,.,0,0.1422,1,10000,,,,,,,,,"(1, 1, 1, 1, 1, 1, 1, 1, 1, 1, 1, 1, 1)","[(1, 2), (1, 3), (2, 3), (2, 4), (2, 6), (3, 6), (4, 5), (4, 7), (5, 6), (5, 8), (6, 9), (7, 8), (8, 9)]",9
df_solver_results_new_san.jmp,SAN,26,True,0.275,0.9,2.5,0.2,4,True,True,"(8, 8, 8, 8, 8, 8, 8, 8, 8, 8, 8, 8, 8)",0,0.0958146654,0.3091388396,.,0,0.977,1,0.8822,1,0.1116,1,10000,,,,,,,,,"(1, 1, 1, 1, 1, 1, 1, 1, 1, 1, 1, 1, 1)","[(1, 2), (1, 3), (2, 3), (2, 4), (2, 6), (3, 6), (4, 5), (4, 7), (5, 6), (5, 8), (6, 9), (7, 8), (8, 9)]",9
df_solver_results_new_san.jmp,SAN,26,True,0.275,0.9,2.5,0.2,4,True,True,"(8, 8, 8, 8, 8, 8, 8, 8, 8, 8, 8, 8, 8)",1,0.0106873012,0.2184011368,0.618,1,0.618,1,0.4428,1,0.0792,1,10000,,,,,,,,,"(1, 1, 1, 1, 1, 1, 1, 1, 1, 1, 1, 1, 1)","[(1, 2), (1, 3), (2, 3), (2, 4), (2, 6), (3, 6), (4, 5), (4, 7), (5, 6), (5, 8), (6, 9), (7, 8), (8, 9)]",9
df_solver_results_new_san.jmp,SAN,26,True,0.275,0.9,2.5,0.2,4,True,True,"(8, 8, 8, 8, 8, 8, 8, 8, 8, 8, 8, 8, 8)",2,0.1983569341,0.319894938,.,0,.,0,0.9951,1,0.1116,1,10000,,,,,,,,,"(1, 1, 1, 1, 1, 1, 1, 1, 1, 1, 1, 1, 1)","[(1, 2), (1, 3), (2, 3), (2, 4), (2, 6), (3, 6), (4, 5), (4, 7), (5, 6), (5, 8), (6, 9), (7, 8), (8, 9)]",9
df_solver_results_new_san.jmp,SAN,26,True,0.275,0.9,2.5,0.2,4,True,True,"(8, 8, 8, 8, 8, 8, 8, 8, 8, 8, 8, 8, 8)",3,0.0189879397,0.1937791614,0.5251,1,0.4728,1,0.3156,1,0.1422,1,10000,,,,,,,,,"(1, 1, 1, 1, 1, 1, 1, 1, 1, 1, 1, 1, 1)","[(1, 2), (1, 3), (2, 3), (2, 4), (2, 6), (3, 6), (4, 5), (4, 7), (5, 6), (5, 8), (6, 9), (7, 8), (8, 9)]",9
df_solver_results_new_san.jmp,SAN,26,True,0.275,0.9,2.5,0.2,4,True,True,"(8, 8, 8, 8, 8, 8, 8, 8, 8, 8, 8, 8, 8)",4,0.1904422567,0.2519395441,.,0,.,0,0.2064,1,0.0642,1,10000,,,,,,,,,"(1, 1, 1, 1, 1, 1, 1, 1, 1, 1, 1, 1, 1)","[(1, 2), (1, 3), (2, 3), (2, 4), (2, 6), (3, 6), (4, 5), (4, 7), (5, 6), (5, 8), (6, 9), (7, 8), (8, 9)]",9
df_solver_results_new_san.jmp,SAN,26,True,0.275,0.9,2.5,0.2,4,True,True,"(8, 8, 8, 8, 8, 8, 8, 8, 8, 8, 8, 8, 8)",5,0.0174161924,0.1700952383,0.5445,1,0.4422,1,0.2538,1,0.1116,1,10000,,,,,,,,,"(1, 1, 1, 1, 1, 1, 1, 1, 1, 1, 1, 1, 1)","[(1, 2), (1, 3), (2, 3), (2, 4), (2, 6), (3, 6), (4, 5), (4, 7), (5, 6), (5, 8), (6, 9), (7, 8), (8, 9)]",9
df_solver_results_new_san.jmp,SAN,26,True,0.275,0.9,2.5,0.2,4,True,True,"(8, 8, 8, 8, 8, 8, 8, 8, 8, 8, 8, 8, 8)",6,0.1528770319,0.2586125683,.,0,.,0,0.3012,1,0.0954,1,10000,,,,,,,,,"(1, 1, 1, 1, 1, 1, 1, 1, 1, 1, 1, 1, 1)","[(1, 2), (1, 3), (2, 3), (2, 4), (2, 6), (3, 6), (4, 5), (4, 7), (5, 6), (5, 8), (6, 9), (7, 8), (8, 9)]",9
df_solver_results_new_san.jmp,SAN,26,True,0.275,0.9,2.5,0.2,4,True,True,"(8, 8, 8, 8, 8, 8, 8, 8, 8, 8, 8, 8, 8)",7,0.1712614223,0.2895881385,.,0,.,0,0.6322,1,0.1578,1,10000,,,,,,,,,"(1, 1, 1, 1, 1, 1, 1, 1, 1, 1, 1, 1, 1)","[(1, 2), (1, 3), (2, 3), (2, 4), (2, 6), (3, 6), (4, 5), (4, 7), (5, 6), (5, 8), (6, 9), (7, 8), (8, 9)]",9
df_solver_results_new_san.jmp,SAN,26,True,0.275,0.9,2.5,0.2,4,True,True,"(8, 8, 8, 8, 8, 8, 8, 8, 8, 8, 8, 8, 8)",8,0.0485220404,0.2403370893,0.6562,1,0.4578,1,0.3798,1,0.2064,1,10000,,,,,,,,,"(1, 1, 1, 1, 1, 1, 1, 1, 1, 1, 1, 1, 1)","[(1, 2), (1, 3), (2, 3), (2, 4), (2, 6), (3, 6), (4, 5), (4, 7), (5, 6), (5, 8), (6, 9), (7, 8), (8, 9)]",9
df_solver_results_new_san.jmp,SAN,26,True,0.275,0.9,2.5,0.2,4,True,True,"(8, 8, 8, 8, 8, 8, 8, 8, 8, 8, 8, 8, 8)",9,0.2773573087,0.3763440785,.,0,.,0,.,0,0.1272,1,10000,,,,,,,,,"(1, 1, 1, 1, 1, 1, 1, 1, 1, 1, 1, 1, 1)","[(1, 2), (1, 3), (2, 3), (2, 4), (2, 6), (3, 6), (4, 5), (4, 7), (5, 6), (5, 8), (6, 9), (7, 8), (8, 9)]",9
df_solver_results_new_san.jmp,SAN,27,True,0.4,0.65,2.125,0.85,4,True,True,"(8, 8, 8, 8, 8, 8, 8, 8, 8, 8, 8, 8, 8)",0,0.1157121462,0.3720374189,.,0,.,0,0.8311,1,0.1572,1,10000,,,,,,,,,"(1, 1, 1, 1, 1, 1, 1, 1, 1, 1, 1, 1, 1)","[(1, 2), (1, 3), (2, 3), (2, 4), (2, 6), (3, 6), (4, 5), (4, 7), (5, 6), (5, 8), (6, 9), (7, 8), (8, 9)]",9
df_solver_results_new_san.jmp,SAN,27,True,0.4,0.65,2.125,0.85,4,True,True,"(8, 8, 8, 8, 8, 8, 8, 8, 8, 8, 8, 8, 8)",1,0.144819429,0.3349158931,.,0,.,0,0.7403,1,0.048,1,10000,,,,,,,,,"(1, 1, 1, 1, 1, 1, 1, 1, 1, 1, 1, 1, 1)","[(1, 2), (1, 3), (2, 3), (2, 4), (2, 6), (3, 6), (4, 5), (4, 7), (5, 6), (5, 8), (6, 9), (7, 8), (8, 9)]",9
df_solver_results_new_san.jmp,SAN,27,True,0.4,0.65,2.125,0.85,4,True,True,"(8, 8, 8, 8, 8, 8, 8, 8, 8, 8, 8, 8, 8)",2,0.0301451799,0.2185017742,0.7403,1,0.631,1,0.3444,1,0.048,1,10000,,,,,,,,,"(1, 1, 1, 1, 1, 1, 1, 1, 1, 1, 1, 1, 1)","[(1, 2), (1, 3), (2, 3), (2, 4), (2, 6), (3, 6), (4, 5), (4, 7), (5, 6), (5, 8), (6, 9), (7, 8), (8, 9)]",9
df_solver_results_new_san.jmp,SAN,27,True,0.4,0.65,2.125,0.85,4,True,True,"(8, 8, 8, 8, 8, 8, 8, 8, 8, 8, 8, 8, 8)",3,0.158491923,0.3539077304,.,0,.,0,0.6495,1,0.204,1,10000,,,,,,,,,"(1, 1, 1, 1, 1, 1, 1, 1, 1, 1, 1, 1, 1)","[(1, 2), (1, 3), (2, 3), (2, 4), (2, 6), (3, 6), (4, 5), (4, 7), (5, 6), (5, 8), (6, 9), (7, 8), (8, 9)]",9
df_solver_results_new_san.jmp,SAN,27,True,0.4,0.65,2.125,0.85,4,True,True,"(8, 8, 8, 8, 8, 8, 8, 8, 8, 8, 8, 8, 8)",4,0.0968863423,0.3231206902,.,0,0.9678,1,0.8503,1,0.0636,1,10000,,,,,,,,,"(1, 1, 1, 1, 1, 1, 1, 1, 1, 1, 1, 1, 1)","[(1, 2), (1, 3), (2, 3), (2, 4), (2, 6), (3, 6), (4, 5), (4, 7), (5, 6), (5, 8), (6, 9), (7, 8), (8, 9)]",9
df_solver_results_new_san.jmp,SAN,27,True,0.4,0.65,2.125,0.85,4,True,True,"(8, 8, 8, 8, 8, 8, 8, 8, 8, 8, 8, 8, 8)",5,0.1363892212,0.3398179072,.,0,.,0,0.8133,1,0.048,1,10000,,,,,,,,,"(1, 1, 1, 1, 1, 1, 1, 1, 1, 1, 1, 1, 1)","[(1, 2), (1, 3), (2, 3), (2, 4), (2, 6), (3, 6), (4, 5), (4, 7), (5, 6), (5, 8), (6, 9), (7, 8), (8, 9)]",9
df_solver_results_new_san.jmp,SAN,27,True,0.4,0.65,2.125,0.85,4,True,True,"(8, 8, 8, 8, 8, 8, 8, 8, 8, 8, 8, 8, 8)",6,0.0469631693,0.3119819713,0.9885,1,0.8865,1,0.7045,1,0.126,1,10000,,,,,,,,,"(1, 1, 1, 1, 1, 1, 1, 1, 1, 1, 1, 1, 1)","[(1, 2), (1, 3), (2, 3), (2, 4), (2, 6), (3, 6), (4, 5), (4, 7), (5, 6), (5, 8), (6, 9), (7, 8), (8, 9)]",9
df_solver_results_new_san.jmp,SAN,27,True,0.4,0.65,2.125,0.85,4,True,True,"(8, 8, 8, 8, 8, 8, 8, 8, 8, 8, 8, 8, 8)",7,0.4798607808,0.631763687,.,0,.,0,.,0,0.8144,1,10000,,,,,,,,,"(1, 1, 1, 1, 1, 1, 1, 1, 1, 1, 1, 1, 1)","[(1, 2), (1, 3), (2, 3), (2, 4), (2, 6), (3, 6), (4, 5), (4, 7), (5, 6), (5, 8), (6, 9), (7, 8), (8, 9)]",9
df_solver_results_new_san.jmp,SAN,27,True,0.4,0.65,2.125,0.85,4,True,True,"(8, 8, 8, 8, 8, 8, 8, 8, 8, 8, 8, 8, 8)",8,0.271355781,0.4793499194,.,0,.,0,.,0,0.4848,1,10000,,,,,,,,,"(1, 1, 1, 1, 1, 1, 1, 1, 1, 1, 1, 1, 1)","[(1, 2), (1, 3), (2, 3), (2, 4), (2, 6), (3, 6), (4, 5), (4, 7), (5, 6), (5, 8), (6, 9), (7, 8), (8, 9)]",9
df_solver_results_new_san.jmp,SAN,27,True,0.4,0.65,2.125,0.85,4,True,True,"(8, 8, 8, 8, 8, 8, 8, 8, 8, 8, 8, 8, 8)",9,0.055429752,0.2561812579,.,0,0.5762,1,0.2976,1,0.1416,1,10000,,,,,,,,,"(1, 1, 1, 1, 1, 1, 1, 1, 1, 1, 1, 1, 1)","[(1, 2), (1, 3), (2, 3), (2, 4), (2, 6), (3, 6), (4, 5), (4, 7), (5, 6), (5, 8), (6, 9), (7, 8), (8, 9)]",9
df_solver_results_new_san.jmp,SAN,28,True,0.1,0.675,1.75,0.65,4,True,True,"(8, 8, 8, 8, 8, 8, 8, 8, 8, 8, 8, 8, 8)",0,0.0388298587,0.1940814927,0.6861,1,0.5951,1,0.4542,1,0.0636,1,10000,,,,,,,,,"(1, 1, 1, 1, 1, 1, 1, 1, 1, 1, 1, 1, 1)","[(1, 2), (1, 3), (2, 3), (2, 4), (2, 6), (3, 6), (4, 5), (4, 7), (5, 6), (5, 8), (6, 9), (7, 8), (8, 9)]",9
df_solver_results_new_san.jmp,SAN,28,True,0.1,0.675,1.75,0.65,4,True,True,"(8, 8, 8, 8, 8, 8, 8, 8, 8, 8, 8, 8, 8)",1,0.0090608744,0.1873405003,0.6866,1,0.5409,1,0.33,1,0.0636,1,10000,,,,,,,,,"(1, 1, 1, 1, 1, 1, 1, 1, 1, 1, 1, 1, 1)","[(1, 2), (1, 3), (2, 3), (2, 4), (2, 6), (3, 6), (4, 5), (4, 7), (5, 6), (5, 8), (6, 9), (7, 8), (8, 9)]",9
df_solver_results_new_san.jmp,SAN,28,True,0.1,0.675,1.75,0.65,4,True,True,"(8, 8, 8, 8, 8, 8, 8, 8, 8, 8, 8, 8, 8)",2,0.0296608274,0.1626879535,0.5032,1,0.4536,1,0.2976,1,0.0636,1,10000,,,,,,,,,"(1, 1, 1, 1, 1, 1, 1, 1, 1, 1, 1, 1, 1)","[(1, 2), (1, 3), (2, 3), (2, 4), (2, 6), (3, 6), (4, 5), (4, 7), (5, 6), (5, 8), (6, 9), (7, 8), (8, 9)]",9
df_solver_results_new_san.jmp,SAN,28,True,0.1,0.675,1.75,0.65,4,True,True,"(8, 8, 8, 8, 8, 8, 8, 8, 8, 8, 8, 8, 8)",3,0.0594230717,0.1772517036,0.5945,1,0.5215,1,0.282,1,0.0792,1,10000,,,,,,,,,"(1, 1, 1, 1, 1, 1, 1, 1, 1, 1, 1, 1, 1)","[(1, 2), (1, 3), (2, 3), (2, 4), (2, 6), (3, 6), (4, 5), (4, 7), (5, 6), (5, 8), (6, 9), (7, 8), (8, 9)]",9
df_solver_results_new_san.jmp,SAN,28,True,0.1,0.675,1.75,0.65,4,True,True,"(8, 8, 8, 8, 8, 8, 8, 8, 8, 8, 8, 8, 8)",4,-0.006375076,0.1841559863,0.7043,1,0.6315,1,0.2976,1,0.0636,1,10000,,,,,,,,,"(1, 1, 1, 1, 1, 1, 1, 1, 1, 1, 1, 1, 1)","[(1, 2), (1, 3), (2, 3), (2, 4), (2, 6), (3, 6), (4, 5), (4, 7), (5, 6), (5, 8), (6, 9), (7, 8), (8, 9)]",9
df_solver_results_new_san.jmp,SAN,28,True,0.1,0.675,1.75,0.65,4,True,True,"(8, 8, 8, 8, 8, 8, 8, 8, 8, 8, 8, 8, 8)",5,0.0131617107,0.143450994,0.5398,1,0.3444,1,0.2352,1,0.0636,1,10000,,,,,,,,,"(1, 1, 1, 1, 1, 1, 1, 1, 1, 1, 1, 1, 1)","[(1, 2), (1, 3), (2, 3), (2, 4), (2, 6), (3, 6), (4, 5), (4, 7), (5, 6), (5, 8), (6, 9), (7, 8), (8, 9)]",9
df_solver_results_new_san.jmp,SAN,28,True,0.1,0.675,1.75,0.65,4,True,True,"(8, 8, 8, 8, 8, 8, 8, 8, 8, 8, 8, 8, 8)",6,0.0138433408,0.1438970655,0.3912,1,0.3288,1,0.204,1,0.0636,1,10000,,,,,,,,,"(1, 1, 1, 1, 1, 1, 1, 1, 1, 1, 1, 1, 1)","[(1, 2), (1, 3), (2, 3), (2, 4), (2, 6), (3, 6), (4, 5), (4, 7), (5, 6), (5, 8), (6, 9), (7, 8), (8, 9)]",9
df_solver_results_new_san.jmp,SAN,28,True,0.1,0.675,1.75,0.65,4,True,True,"(8, 8, 8, 8, 8, 8, 8, 8, 8, 8, 8, 8, 8)",7,0.0522518054,0.2439949845,0.8682,1,0.7954,1,0.5221,1,0.0636,1,10000,,,,,,,,,"(1, 1, 1, 1, 1, 1, 1, 1, 1, 1, 1, 1, 1)","[(1, 2), (1, 3), (2, 3), (2, 4), (2, 6), (3, 6), (4, 5), (4, 7), (5, 6), (5, 8), (6, 9), (7, 8), (8, 9)]",9
df_solver_results_new_san.jmp,SAN,28,True,0.1,0.675,1.75,0.65,4,True,True,"(8, 8, 8, 8, 8, 8, 8, 8, 8, 8, 8, 8, 8)",8,0.042024235,0.2317303496,0.9461,1,0.7221,1,0.2664,1,0.1416,1,10000,,,,,,,,,"(1, 1, 1, 1, 1, 1, 1, 1, 1, 1, 1, 1, 1)","[(1, 2), (1, 3), (2, 3), (2, 4), (2, 6), (3, 6), (4, 5), (4, 7), (5, 6), (5, 8), (6, 9), (7, 8), (8, 9)]",9
df_solver_results_new_san.jmp,SAN,28,True,0.1,0.675,1.75,0.65,4,True,True,"(8, 8, 8, 8, 8, 8, 8, 8, 8, 8, 8, 8, 8)",9,0.1563895953,0.29424999,.,0,.,0,0.4068,1,0.1416,1,10000,,,,,,,,,"(1, 1, 1, 1, 1, 1, 1, 1, 1, 1, 1, 1, 1)","[(1, 2), (1, 3), (2, 3), (2, 4), (2, 6), (3, 6), (4, 5), (4, 7), (5, 6), (5, 8), (6, 9), (7, 8), (8, 9)]",9
df_solver_results_new_san.jmp,SAN,29,True,0.45,0.775,1.125,0.55,4,True,True,"(8, 8, 8, 8, 8, 8, 8, 8, 8, 8, 8, 8, 8)",0,0.0392925289,0.1515527859,0.3138,1,0.2826,1,0.2358,1,0.0948,1,10000,,,,,,,,,"(1, 1, 1, 1, 1, 1, 1, 1, 1, 1, 1, 1, 1)","[(1, 2), (1, 3), (2, 3), (2, 4), (2, 6), (3, 6), (4, 5), (4, 7), (5, 6), (5, 8), (6, 9), (7, 8), (8, 9)]",9
df_solver_results_new_san.jmp,SAN,29,True,0.45,0.775,1.125,0.55,4,True,True,"(8, 8, 8, 8, 8, 8, 8, 8, 8, 8, 8, 8, 8)",1,0.0258818057,0.1664021649,0.542,1,0.2976,1,0.2508,1,0.0948,1,10000,,,,,,,,,"(1, 1, 1, 1, 1, 1, 1, 1, 1, 1, 1, 1, 1)","[(1, 2), (1, 3), (2, 3), (2, 4), (2, 6), (3, 6), (4, 5), (4, 7), (5, 6), (5, 8), (6, 9), (7, 8), (8, 9)]",9
df_solver_results_new_san.jmp,SAN,29,True,0.45,0.775,1.125,0.55,4,True,True,"(8, 8, 8, 8, 8, 8, 8, 8, 8, 8, 8, 8, 8)",2,-0.009082542,0.1241764709,0.36,1,0.2664,1,0.2196,1,0.0948,1,10000,,,,,,,,,"(1, 1, 1, 1, 1, 1, 1, 1, 1, 1, 1, 1, 1)","[(1, 2), (1, 3), (2, 3), (2, 4), (2, 6), (3, 6), (4, 5), (4, 7), (5, 6), (5, 8), (6, 9), (7, 8), (8, 9)]",9
df_solver_results_new_san.jmp,SAN,29,True,0.45,0.775,1.125,0.55,4,True,True,"(8, 8, 8, 8, 8, 8, 8, 8, 8, 8, 8, 8, 8)",3,0.092448502,0.201466012,.,0,0.9955,1,0.1884,1,0.0948,1,10000,,,,,,,,,"(1, 1, 1, 1, 1, 1, 1, 1, 1, 1, 1, 1, 1)","[(1, 2), (1, 3), (2, 3), (2, 4), (2, 6), (3, 6), (4, 5), (4, 7), (5, 6), (5, 8), (6, 9), (7, 8), (8, 9)]",9
df_solver_results_new_san.jmp,SAN,29,True,0.45,0.775,1.125,0.55,4,True,True,"(8, 8, 8, 8, 8, 8, 8, 8, 8, 8, 8, 8, 8)",4,-0.003361694,0.1379388219,0.4224,1,0.3912,1,0.2196,1,0.0948,1,10000,,,,,,,,,"(1, 1, 1, 1, 1, 1, 1, 1, 1, 1, 1, 1, 1)","[(1, 2), (1, 3), (2, 3), (2, 4), (2, 6), (3, 6), (4, 5), (4, 7), (5, 6), (5, 8), (6, 9), (7, 8), (8, 9)]",9
df_solver_results_new_san.jmp,SAN,29,True,0.45,0.775,1.125,0.55,4,True,True,"(8, 8, 8, 8, 8, 8, 8, 8, 8, 8, 8, 8, 8)",5,-0.002927707,0.1068817993,0.2508,1,0.2196,1,0.1728,1,0.0948,1,10000,,,,,,,,,"(1, 1, 1, 1, 1, 1, 1, 1, 1, 1, 1, 1, 1)","[(1, 2), (1, 3), (2, 3), (2, 4), (2, 6), (3, 6), (4, 5), (4, 7), (5, 6), (5, 8), (6, 9), (7, 8), (8, 9)]",9
df_solver_results_new_san.jmp,SAN,29,True,0.45,0.775,1.125,0.55,4,True,True,"(8, 8, 8, 8, 8, 8, 8, 8, 8, 8, 8, 8, 8)",6,0.032127028,0.155511444,0.4224,1,0.2976,1,0.2196,1,0.0948,1,10000,,,,,,,,,"(1, 1, 1, 1, 1, 1, 1, 1, 1, 1, 1, 1, 1)","[(1, 2), (1, 3), (2, 3), (2, 4), (2, 6), (3, 6), (4, 5), (4, 7), (5, 6), (5, 8), (6, 9), (7, 8), (8, 9)]",9
df_solver_results_new_san.jmp,SAN,29,True,0.45,0.775,1.125,0.55,4,True,True,"(8, 8, 8, 8, 8, 8, 8, 8, 8, 8, 8, 8, 8)",7,0.0556522297,0.1917860715,.,0,0.36,1,0.2664,1,0.0948,1,10000,,,,,,,,,"(1, 1, 1, 1, 1, 1, 1, 1, 1, 1, 1, 1, 1)","[(1, 2), (1, 3), (2, 3), (2, 4), (2, 6), (3, 6), (4, 5), (4, 7), (5, 6), (5, 8), (6, 9), (7, 8), (8, 9)]",9
df_solver_results_new_san.jmp,SAN,29,True,0.45,0.775,1.125,0.55,4,True,True,"(8, 8, 8, 8, 8, 8, 8, 8, 8, 8, 8, 8, 8)",8,0.0187237636,0.2026000523,0.5396,1,0.4848,1,0.2976,1,0.1416,1,10000,,,,,,,,,"(1, 1, 1, 1, 1, 1, 1, 1, 1, 1, 1, 1, 1)","[(1, 2), (1, 3), (2, 3), (2, 4), (2, 6), (3, 6), (4, 5), (4, 7), (5, 6), (5, 8), (6, 9), (7, 8), (8, 9)]",9
df_solver_results_new_san.jmp,SAN,29,True,0.45,0.775,1.125,0.55,4,True,True,"(8, 8, 8, 8, 8, 8, 8, 8, 8, 8, 8, 8, 8)",9,0.0582484358,0.1937542075,.,0,0.4692,1,0.2196,1,0.0948,1,10000,,,,,,,,,"(1, 1, 1, 1, 1, 1, 1, 1, 1, 1, 1, 1, 1)","[(1, 2), (1, 3), (2, 3), (2, 4), (2, 6), (3, 6), (4, 5), (4, 7), (5, 6), (5, 8), (6, 9), (7, 8), (8, 9)]",9
df_solver_results_new_san.jmp,SAN,30,True,0.175,0.875,2.375,0.6,4,True,True,"(8, 8, 8, 8, 8, 8, 8, 8, 8, 8, 8, 8, 8)",0,0.0723658628,0.2643506926,.,0,0.5403,1,0.423,1,0.1422,1,10000,,,,,,,,,"(1, 1, 1, 1, 1, 1, 1, 1, 1, 1, 1, 1, 1)","[(1, 2), (1, 3), (2, 3), (2, 4), (2, 6), (3, 6), (4, 5), (4, 7), (5, 6), (5, 8), (6, 9), (7, 8), (8, 9)]",9
df_solver_results_new_san.jmp,SAN,30,True,0.175,0.875,2.375,0.6,4,True,True,"(8, 8, 8, 8, 8, 8, 8, 8, 8, 8, 8, 8, 8)",1,0.0184123898,0.2900576856,0.9468,1,0.8503,1,0.438,1,0.1416,1,10000,,,,,,,,,"(1, 1, 1, 1, 1, 1, 1, 1, 1, 1, 1, 1, 1)","[(1, 2), (1, 3), (2, 3), (2, 4), (2, 6), (3, 6), (4, 5), (4, 7), (5, 6), (5, 8), (6, 9), (7, 8), (8, 9)]",9
df_solver_results_new_san.jmp,SAN,30,True,0.175,0.875,2.375,0.6,4,True,True,"(8, 8, 8, 8, 8, 8, 8, 8, 8, 8, 8, 8, 8)",2,0.1135883029,0.3496365335,.,0,.,0,0.7956,1,0.1422,1,10000,,,,,,,,,"(1, 1, 1, 1, 1, 1, 1, 1, 1, 1, 1, 1, 1)","[(1, 2), (1, 3), (2, 3), (2, 4), (2, 6), (3, 6), (4, 5), (4, 7), (5, 6), (5, 8), (6, 9), (7, 8), (8, 9)]",9
df_solver_results_new_san.jmp,SAN,30,True,0.175,0.875,2.375,0.6,4,True,True,"(8, 8, 8, 8, 8, 8, 8, 8, 8, 8, 8, 8, 8)",3,0.0709082077,0.2375968808,.,0,0.9891,1,0.3294,1,0.0636,1,10000,,,,,,,,,"(1, 1, 1, 1, 1, 1, 1, 1, 1, 1, 1, 1, 1)","[(1, 2), (1, 3), (2, 3), (2, 4), (2, 6), (3, 6), (4, 5), (4, 7), (5, 6), (5, 8), (6, 9), (7, 8), (8, 9)]",9
df_solver_results_new_san.jmp,SAN,30,True,0.175,0.875,2.375,0.6,4,True,True,"(8, 8, 8, 8, 8, 8, 8, 8, 8, 8, 8, 8, 8)",4,-0.007460377,0.1953825592,0.8503,1,0.6499,1,0.267,1,0.0636,1,10000,,,,,,,,,"(1, 1, 1, 1, 1, 1, 1, 1, 1, 1, 1, 1, 1)","[(1, 2), (1, 3), (2, 3), (2, 4), (2, 6), (3, 6), (4, 5), (4, 7), (5, 6), (5, 8), (6, 9), (7, 8), (8, 9)]",9
df_solver_results_new_san.jmp,SAN,30,True,0.175,0.875,2.375,0.6,4,True,True,"(8, 8, 8, 8, 8, 8, 8, 8, 8, 8, 8, 8, 8)",5,0.0167601469,0.3005353489,0.8333,1,0.778,1,0.7234,1,0.189,1,10000,,,,,,,,,"(1, 1, 1, 1, 1, 1, 1, 1, 1, 1, 1, 1, 1)","[(1, 2), (1, 3), (2, 3), (2, 4), (2, 6), (3, 6), (4, 5), (4, 7), (5, 6), (5, 8), (6, 9), (7, 8), (8, 9)]",9
df_solver_results_new_san.jmp,SAN,30,True,0.175,0.875,2.375,0.6,4,True,True,"(8, 8, 8, 8, 8, 8, 8, 8, 8, 8, 8, 8, 8)",6,0.0211524675,0.2249869895,0.947,1,0.5398,1,0.4224,1,0.0948,1,10000,,,,,,,,,"(1, 1, 1, 1, 1, 1, 1, 1, 1, 1, 1, 1, 1)","[(1, 2), (1, 3), (2, 3), (2, 4), (2, 6), (3, 6), (4, 5), (4, 7), (5, 6), (5, 8), (6, 9), (7, 8), (8, 9)]",9
df_solver_results_new_san.jmp,SAN,30,True,0.175,0.875,2.375,0.6,4,True,True,"(8, 8, 8, 8, 8, 8, 8, 8, 8, 8, 8, 8, 8)",7,0.106226695,0.4403029143,.,0,.,0,0.7774,1,0.423,1,10000,,,,,,,,,"(1, 1, 1, 1, 1, 1, 1, 1, 1, 1, 1, 1, 1)","[(1, 2), (1, 3), (2, 3), (2, 4), (2, 6), (3, 6), (4, 5), (4, 7), (5, 6), (5, 8), (6, 9), (7, 8), (8, 9)]",9
df_solver_results_new_san.jmp,SAN,30,True,0.175,0.875,2.375,0.6,4,True,True,"(8, 8, 8, 8, 8, 8, 8, 8, 8, 8, 8, 8, 8)",8,0.0430500101,0.3321508711,0.9678,1,0.7404,1,0.5762,1,0.2352,1,10000,,,,,,,,,"(1, 1, 1, 1, 1, 1, 1, 1, 1, 1, 1, 1, 1)","[(1, 2), (1, 3), (2, 3), (2, 4), (2, 6), (3, 6), (4, 5), (4, 7), (5, 6), (5, 8), (6, 9), (7, 8), (8, 9)]",9
df_solver_results_new_san.jmp,SAN,30,True,0.175,0.875,2.375,0.6,4,True,True,"(8, 8, 8, 8, 8, 8, 8, 8, 8, 8, 8, 8, 8)",9,0.0886262088,0.3511405461,.,0,0.8857,1,0.7947,1,0.1416,1,10000,,,,,,,,,"(1, 1, 1, 1, 1, 1, 1, 1, 1, 1, 1, 1, 1)","[(1, 2), (1, 3), (2, 3), (2, 4), (2, 6), (3, 6), (4, 5), (4, 7), (5, 6), (5, 8), (6, 9), (7, 8), (8, 9)]",9
df_solver_results_new_san.jmp,SAN,31,True,0.375,0.55,2.625,0.1,4,True,True,"(8, 8, 8, 8, 8, 8, 8, 8, 8, 8, 8, 8, 8)",0,0.1619671089,0.2574630299,.,0,.,0,0.2694,1,0.1272,1,10000,,,,,,,,,"(1, 1, 1, 1, 1, 1, 1, 1, 1, 1, 1, 1, 1)","[(1, 2), (1, 3), (2, 3), (2, 4), (2, 6), (3, 6), (4, 5), (4, 7), (5, 6), (5, 8), (6, 9), (7, 8), (8, 9)]",9
df_solver_results_new_san.jmp,SAN,31,True,0.375,0.55,2.625,0.1,4,True,True,"(8, 8, 8, 8, 8, 8, 8, 8, 8, 8, 8, 8, 8)",1,0.2906465348,0.3787786112,.,0,.,0,.,0,0.0954,1,10000,,,,,,,,,"(1, 1, 1, 1, 1, 1, 1, 1, 1, 1, 1, 1, 1)","[(1, 2), (1, 3), (2, 3), (2, 4), (2, 6), (3, 6), (4, 5), (4, 7), (5, 6), (5, 8), (6, 9), (7, 8), (8, 9)]",9
df_solver_results_new_san.jmp,SAN,31,True,0.375,0.55,2.625,0.1,4,True,True,"(8, 8, 8, 8, 8, 8, 8, 8, 8, 8, 8, 8, 8)",2,0.2134881402,0.3143366604,.,0,.,0,.,0,0.1272,1,10000,,,,,,,,,"(1, 1, 1, 1, 1, 1, 1, 1, 1, 1, 1, 1, 1)","[(1, 2), (1, 3), (2, 3), (2, 4), (2, 6), (3, 6), (4, 5), (4, 7), (5, 6), (5, 8), (6, 9), (7, 8), (8, 9)]",9
df_solver_results_new_san.jmp,SAN,31,True,0.375,0.55,2.625,0.1,4,True,True,"(8, 8, 8, 8, 8, 8, 8, 8, 8, 8, 8, 8, 8)",3,0.3382051506,0.3783919729,.,0,.,0,.,0,0.0954,1,10000,,,,,,,,,"(1, 1, 1, 1, 1, 1, 1, 1, 1, 1, 1, 1, 1)","[(1, 2), (1, 3), (2, 3), (2, 4), (2, 6), (3, 6), (4, 5), (4, 7), (5, 6), (5, 8), (6, 9), (7, 8), (8, 9)]",9
df_solver_results_new_san.jmp,SAN,31,True,0.375,0.55,2.625,0.1,4,True,True,"(8, 8, 8, 8, 8, 8, 8, 8, 8, 8, 8, 8, 8)",4,0.1413026162,0.2429320435,.,0,.,0,0.3,1,0.1272,1,10000,,,,,,,,,"(1, 1, 1, 1, 1, 1, 1, 1, 1, 1, 1, 1, 1)","[(1, 2), (1, 3), (2, 3), (2, 4), (2, 6), (3, 6), (4, 5), (4, 7), (5, 6), (5, 8), (6, 9), (7, 8), (8, 9)]",9
df_solver_results_new_san.jmp,SAN,31,True,0.375,0.55,2.625,0.1,4,True,True,"(8, 8, 8, 8, 8, 8, 8, 8, 8, 8, 8, 8, 8)",5,0.129604948,0.2574040738,.,0,.,0,0.3324,1,0.1272,1,10000,,,,,,,,,"(1, 1, 1, 1, 1, 1, 1, 1, 1, 1, 1, 1, 1)","[(1, 2), (1, 3), (2, 3), (2, 4), (2, 6), (3, 6), (4, 5), (4, 7), (5, 6), (5, 8), (6, 9), (7, 8), (8, 9)]",9
df_solver_results_new_san.jmp,SAN,31,True,0.375,0.55,2.625,0.1,4,True,True,"(8, 8, 8, 8, 8, 8, 8, 8, 8, 8, 8, 8, 8)",6,0.3176721612,0.4103831784,.,0,.,0,.,0,0.1902,1,10000,,,,,,,,,"(1, 1, 1, 1, 1, 1, 1, 1, 1, 1, 1, 1, 1)","[(1, 2), (1, 3), (2, 3), (2, 4), (2, 6), (3, 6), (4, 5), (4, 7), (5, 6), (5, 8), (6, 9), (7, 8), (8, 9)]",9
df_solver_results_new_san.jmp,SAN,31,True,0.375,0.55,2.625,0.1,4,True,True,"(8, 8, 8, 8, 8, 8, 8, 8, 8, 8, 8, 8, 8)",7,0.1500660447,0.2491986754,.,0,.,0,0.348,1,0.0954,1,10000,,,,,,,,,"(1, 1, 1, 1, 1, 1, 1, 1, 1, 1, 1, 1, 1)","[(1, 2), (1, 3), (2, 3), (2, 4), (2, 6), (3, 6), (4, 5), (4, 7), (5, 6), (5, 8), (6, 9), (7, 8), (8, 9)]",9
df_solver_results_new_san.jmp,SAN,31,True,0.375,0.55,2.625,0.1,4,True,True,"(8, 8, 8, 8, 8, 8, 8, 8, 8, 8, 8, 8, 8)",8,0.1151299487,0.2745980941,.,0,.,0,0.348,1,0.1428,1,10000,,,,,,,,,"(1, 1, 1, 1, 1, 1, 1, 1, 1, 1, 1, 1, 1)","[(1, 2), (1, 3), (2, 3), (2, 4), (2, 6), (3, 6), (4, 5), (4, 7), (5, 6), (5, 8), (6, 9), (7, 8), (8, 9)]",9
df_solver_results_new_san.jmp,SAN,31,True,0.375,0.55,2.625,0.1,4,True,True,"(8, 8, 8, 8, 8, 8, 8, 8, 8, 8, 8, 8, 8)",9,0.5359821266,0.572010476,.,0,.,0,.,0,.,0,10000,,,,,,,,,"(1, 1, 1, 1, 1, 1, 1, 1, 1, 1, 1, 1, 1)","[(1, 2), (1, 3), (2, 3), (2, 4), (2, 6), (3, 6), (4, 5), (4, 7), (5, 6), (5, 8), (6, 9), (7, 8), (8, 9)]",9
df_solver_results_new_san.jmp,SAN,32,True,0.125,0.575,1.25,0.3,4,True,True,"(8, 8, 8, 8, 8, 8, 8, 8, 8, 8, 8, 8, 8)",0,0.1167361808,0.2071159194,.,0,.,0,0.252,1,0.0792,1,10000,,,,,,,,,"(1, 1, 1, 1, 1, 1, 1, 1, 1, 1, 1, 1, 1)","[(1, 2), (1, 3), (2, 3), (2, 4), (2, 6), (3, 6), (4, 5), (4, 7), (5, 6), (5, 8), (6, 9), (7, 8), (8, 9)]",9
df_solver_results_new_san.jmp,SAN,32,True,0.125,0.575,1.25,0.3,4,True,True,"(8, 8, 8, 8, 8, 8, 8, 8, 8, 8, 8, 8, 8)",1,0.0060549922,0.1620938579,0.5295,1,0.3606,1,0.267,1,0.0792,1,10000,,,,,,,,,"(1, 1, 1, 1, 1, 1, 1, 1, 1, 1, 1, 1, 1)","[(1, 2), (1, 3), (2, 3), (2, 4), (2, 6), (3, 6), (4, 5), (4, 7), (5, 6), (5, 8), (6, 9), (7, 8), (8, 9)]",9
df_solver_results_new_san.jmp,SAN,32,True,0.125,0.575,1.25,0.3,4,True,True,"(8, 8, 8, 8, 8, 8, 8, 8, 8, 8, 8, 8, 8)",2,-0.003174895,0.1209936913,0.345,1,0.2826,1,0.2046,1,0.0792,1,10000,,,,,,,,,"(1, 1, 1, 1, 1, 1, 1, 1, 1, 1, 1, 1, 1)","[(1, 2), (1, 3), (2, 3), (2, 4), (2, 6), (3, 6), (4, 5), (4, 7), (5, 6), (5, 8), (6, 9), (7, 8), (8, 9)]",9
df_solver_results_new_san.jmp,SAN,32,True,0.125,0.575,1.25,0.3,4,True,True,"(8, 8, 8, 8, 8, 8, 8, 8, 8, 8, 8, 8, 8)",3,0.0011014871,0.1314029758,0.4392,1,0.3294,1,0.204,1,0.0792,1,10000,,,,,,,,,"(1, 1, 1, 1, 1, 1, 1, 1, 1, 1, 1, 1, 1)","[(1, 2), (1, 3), (2, 3), (2, 4), (2, 6), (3, 6), (4, 5), (4, 7), (5, 6), (5, 8), (6, 9), (7, 8), (8, 9)]",9
df_solver_results_new_san.jmp,SAN,32,True,0.125,0.575,1.25,0.3,4,True,True,"(8, 8, 8, 8, 8, 8, 8, 8, 8, 8, 8, 8, 8)",4,0.0652949783,0.1736231739,.,0,0.3606,1,0.2358,1,0.0792,1,10000,,,,,,,,,"(1, 1, 1, 1, 1, 1, 1, 1, 1, 1, 1, 1, 1)","[(1, 2), (1, 3), (2, 3), (2, 4), (2, 6), (3, 6), (4, 5), (4, 7), (5, 6), (5, 8), (6, 9), (7, 8), (8, 9)]",9
df_solver_results_new_san.jmp,SAN,32,True,0.125,0.575,1.25,0.3,4,True,True,"(8, 8, 8, 8, 8, 8, 8, 8, 8, 8, 8, 8, 8)",5,0.0004118951,0.1036060188,0.267,1,0.2358,1,0.1734,1,0.0792,1,10000,,,,,,,,,"(1, 1, 1, 1, 1, 1, 1, 1, 1, 1, 1, 1, 1)","[(1, 2), (1, 3), (2, 3), (2, 4), (2, 6), (3, 6), (4, 5), (4, 7), (5, 6), (5, 8), (6, 9), (7, 8), (8, 9)]",9
df_solver_results_new_san.jmp,SAN,32,True,0.125,0.575,1.25,0.3,4,True,True,"(8, 8, 8, 8, 8, 8, 8, 8, 8, 8, 8, 8, 8)",6,0.0658175388,0.1601679055,.,0,0.2514,1,0.189,1,0.0792,1,10000,,,,,,,,,"(1, 1, 1, 1, 1, 1, 1, 1, 1, 1, 1, 1, 1)","[(1, 2), (1, 3), (2, 3), (2, 4), (2, 6), (3, 6), (4, 5), (4, 7), (5, 6), (5, 8), (6, 9), (7, 8), (8, 9)]",9
df_solver_results_new_san.jmp,SAN,32,True,0.125,0.575,1.25,0.3,4,True,True,"(8, 8, 8, 8, 8, 8, 8, 8, 8, 8, 8, 8, 8)",7,0.0735032013,0.1922857703,.,0,0.2988,1,0.2832,1,0.0948,1,10000,,,,,,,,,"(1, 1, 1, 1, 1, 1, 1, 1, 1, 1, 1, 1, 1)","[(1, 2), (1, 3), (2, 3), (2, 4), (2, 6), (3, 6), (4, 5), (4, 7), (5, 6), (5, 8), (6, 9), (7, 8), (8, 9)]",9
df_solver_results_new_san.jmp,SAN,32,True,0.125,0.575,1.25,0.3,4,True,True,"(8, 8, 8, 8, 8, 8, 8, 8, 8, 8, 8, 8, 8)",8,0.0596608186,0.1980650726,.,0,0.4236,1,0.3144,1,0.0948,1,10000,,,,,,,,,"(1, 1, 1, 1, 1, 1, 1, 1, 1, 1, 1, 1, 1)","[(1, 2), (1, 3), (2, 3), (2, 4), (2, 6), (3, 6), (4, 5), (4, 7), (5, 6), (5, 8), (6, 9), (7, 8), (8, 9)]",9
df_solver_results_new_san.jmp,SAN,32,True,0.125,0.575,1.25,0.3,4,True,True,"(8, 8, 8, 8, 8, 8, 8, 8, 8, 8, 8, 8, 8)",9,0.1134389458,0.2298154592,.,0,.,0,0.345,1,0.126,1,10000,,,,,,,,,"(1, 1, 1, 1, 1, 1, 1, 1, 1, 1, 1, 1, 1)","[(1, 2), (1, 3), (2, 3), (2, 4), (2, 6), (3, 6), (4, 5), (4, 7), (5, 6), (5, 8), (6, 9), (7, 8), (8, 9)]",9
df_solver_results_new_san.jmp,SAN,33,True,0.2,0.875,2.625,0.4,4,True,True,"(8, 8, 8, 8, 8, 8, 8, 8, 8, 8, 8, 8, 8)",0,0.1283013184,0.2825519558,.,0,.,0,0.3912,1,0.126,1,10000,,,,,,,,,"(1, 1, 1, 1, 1, 1, 1, 1, 1, 1, 1, 1, 1)","[(1, 2), (1, 3), (2, 3), (2, 4), (2, 6), (3, 6), (4, 5), (4, 7), (5, 6), (5, 8), (6, 9), (7, 8), (8, 9)]",9
df_solver_results_new_san.jmp,SAN,33,True,0.2,0.875,2.625,0.4,4,True,True,"(8, 8, 8, 8, 8, 8, 8, 8, 8, 8, 8, 8, 8)",1,0.0106223439,0.1780838971,0.4854,1,0.4542,1,0.3294,1,0.0792,1,10000,,,,,,,,,"(1, 1, 1, 1, 1, 1, 1, 1, 1, 1, 1, 1, 1)","[(1, 2), (1, 3), (2, 3), (2, 4), (2, 6), (3, 6), (4, 5), (4, 7), (5, 6), (5, 8), (6, 9), (7, 8), (8, 9)]",9
df_solver_results_new_san.jmp,SAN,33,True,0.2,0.875,2.625,0.4,4,True,True,"(8, 8, 8, 8, 8, 8, 8, 8, 8, 8, 8, 8, 8)",2,0.0198210775,0.2207017531,0.8141,1,0.4854,1,0.3918,1,0.1266,1,10000,,,,,,,,,"(1, 1, 1, 1, 1, 1, 1, 1, 1, 1, 1, 1, 1)","[(1, 2), (1, 3), (2, 3), (2, 4), (2, 6), (3, 6), (4, 5), (4, 7), (5, 6), (5, 8), (6, 9), (7, 8), (8, 9)]",9
df_solver_results_new_san.jmp,SAN,33,True,0.2,0.875,2.625,0.4,4,True,True,"(8, 8, 8, 8, 8, 8, 8, 8, 8, 8, 8, 8, 8)",3,0.0240107368,0.1627792788,0.595,1,0.423,1,0.267,1,0.0792,1,10000,,,,,,,,,"(1, 1, 1, 1, 1, 1, 1, 1, 1, 1, 1, 1, 1)","[(1, 2), (1, 3), (2, 3), (2, 4), (2, 6), (3, 6), (4, 5), (4, 7), (5, 6), (5, 8), (6, 9), (7, 8), (8, 9)]",9
df_solver_results_new_san.jmp,SAN,33,True,0.2,0.875,2.625,0.4,4,True,True,"(8, 8, 8, 8, 8, 8, 8, 8, 8, 8, 8, 8, 8)",4,0.0154509336,0.2404561656,0.7777,1,0.6321,1,0.4698,1,0.0792,1,10000,,,,,,,,,"(1, 1, 1, 1, 1, 1, 1, 1, 1, 1, 1, 1, 1)","[(1, 2), (1, 3), (2, 3), (2, 4), (2, 6), (3, 6), (4, 5), (4, 7), (5, 6), (5, 8), (6, 9), (7, 8), (8, 9)]",9
df_solver_results_new_san.jmp,SAN,33,True,0.2,0.875,2.625,0.4,4,True,True,"(8, 8, 8, 8, 8, 8, 8, 8, 8, 8, 8, 8, 8)",5,0.0011009129,0.2133395891,0.5949,1,0.5767,1,0.423,1,0.1266,1,10000,,,,,,,,,"(1, 1, 1, 1, 1, 1, 1, 1, 1, 1, 1, 1, 1)","[(1, 2), (1, 3), (2, 3), (2, 4), (2, 6), (3, 6), (4, 5), (4, 7), (5, 6), (5, 8), (6, 9), (7, 8), (8, 9)]",9
df_solver_results_new_san.jmp,SAN,33,True,0.2,0.875,2.625,0.4,4,True,True,"(8, 8, 8, 8, 8, 8, 8, 8, 8, 8, 8, 8, 8)",6,0.0354035419,0.2622067599,0.7971,1,0.5962,1,0.3768,1,0.1728,1,10000,,,,,,,,,"(1, 1, 1, 1, 1, 1, 1, 1, 1, 1, 1, 1, 1)","[(1, 2), (1, 3), (2, 3), (2, 4), (2, 6), (3, 6), (4, 5), (4, 7), (5, 6), (5, 8), (6, 9), (7, 8), (8, 9)]",9
df_solver_results_new_san.jmp,SAN,33,True,0.2,0.875,2.625,0.4,4,True,True,"(8, 8, 8, 8, 8, 8, 8, 8, 8, 8, 8, 8, 8)",7,0.0634609151,0.3305035268,.,0,0.9463,1,0.5951,1,0.1578,1,10000,,,,,,,,,"(1, 1, 1, 1, 1, 1, 1, 1, 1, 1, 1, 1, 1)","[(1, 2), (1, 3), (2, 3), (2, 4), (2, 6), (3, 6), (4, 5), (4, 7), (5, 6), (5, 8), (6, 9), (7, 8), (8, 9)]",9
df_solver_results_new_san.jmp,SAN,33,True,0.2,0.875,2.625,0.4,4,True,True,"(8, 8, 8, 8, 8, 8, 8, 8, 8, 8, 8, 8, 8)",8,0.0176098197,0.2252085338,0.6132,1,0.4854,1,0.3918,1,0.189,1,10000,,,,,,,,,"(1, 1, 1, 1, 1, 1, 1, 1, 1, 1, 1, 1, 1)","[(1, 2), (1, 3), (2, 3), (2, 4), (2, 6), (3, 6), (4, 5), (4, 7), (5, 6), (5, 8), (6, 9), (7, 8), (8, 9)]",9
df_solver_results_new_san.jmp,SAN,33,True,0.2,0.875,2.625,0.4,4,True,True,"(8, 8, 8, 8, 8, 8, 8, 8, 8, 8, 8, 8, 8)",9,0.0785196213,0.349404584,.,0,0.8778,1,0.6956,1,0.2196,1,10000,,,,,,,,,"(1, 1, 1, 1, 1, 1, 1, 1, 1, 1, 1, 1, 1)","[(1, 2), (1, 3), (2, 3), (2, 4), (2, 6), (3, 6), (4, 5), (4, 7), (5, 6), (5, 8), (6, 9), (7, 8), (8, 9)]",9
df_solver_results_new_san.jmp,SAN,34,True,0.1,0.625,2.75,0.55,4,True,True,"(8, 8, 8, 8, 8, 8, 8, 8, 8, 8, 8, 8, 8)",0,0.1044769958,0.3135526588,.,0,.,0,0.5038,1,0.0792,1,10000,,,,,,,,,"(1, 1, 1, 1, 1, 1, 1, 1, 1, 1, 1, 1, 1)","[(1, 2), (1, 3), (2, 3), (2, 4), (2, 6), (3, 6), (4, 5), (4, 7), (5, 6), (5, 8), (6, 9), (7, 8), (8, 9)]",9
df_solver_results_new_san.jmp,SAN,34,True,0.1,0.625,2.75,0.55,4,True,True,"(8, 8, 8, 8, 8, 8, 8, 8, 8, 8, 8, 8, 8)",1,0.1176501736,0.2858483575,.,0,.,0,0.5404,1,0.0636,1,10000,,,,,,,,,"(1, 1, 1, 1, 1, 1, 1, 1, 1, 1, 1, 1, 1)","[(1, 2), (1, 3), (2, 3), (2, 4), (2, 6), (3, 6), (4, 5), (4, 7), (5, 6), (5, 8), (6, 9), (7, 8), (8, 9)]",9
df_solver_results_new_san.jmp,SAN,34,True,0.1,0.625,2.75,0.55,4,True,True,"(8, 8, 8, 8, 8, 8, 8, 8, 8, 8, 8, 8, 8)",2,0.0058583769,0.2442954643,0.7961,1,0.5957,1,0.486,1,0.1584,1,10000,,,,,,,,,"(1, 1, 1, 1, 1, 1, 1, 1, 1, 1, 1, 1, 1)","[(1, 2), (1, 3), (2, 3), (2, 4), (2, 6), (3, 6), (4, 5), (4, 7), (5, 6), (5, 8), (6, 9), (7, 8), (8, 9)]",9
df_solver_results_new_san.jmp,SAN,34,True,0.1,0.625,2.75,0.55,4,True,True,"(8, 8, 8, 8, 8, 8, 8, 8, 8, 8, 8, 8, 8)",3,0.0486110255,0.2213520946,0.8334,1,0.5776,1,0.3612,1,0.1728,1,10000,,,,,,,,,"(1, 1, 1, 1, 1, 1, 1, 1, 1, 1, 1, 1, 1)","[(1, 2), (1, 3), (2, 3), (2, 4), (2, 6), (3, 6), (4, 5), (4, 7), (5, 6), (5, 8), (6, 9), (7, 8), (8, 9)]",9
df_solver_results_new_san.jmp,SAN,34,True,0.1,0.625,2.75,0.55,4,True,True,"(8, 8, 8, 8, 8, 8, 8, 8, 8, 8, 8, 8, 8)",4,0.0032637804,0.2839143764,0.7586,1,0.5946,1,0.5398,1,0.2664,1,10000,,,,,,,,,"(1, 1, 1, 1, 1, 1, 1, 1, 1, 1, 1, 1, 1)","[(1, 2), (1, 3), (2, 3), (2, 4), (2, 6), (3, 6), (4, 5), (4, 7), (5, 6), (5, 8), (6, 9), (7, 8), (8, 9)]",9
df_solver_results_new_san.jmp,SAN,34,True,0.1,0.625,2.75,0.55,4,True,True,"(8, 8, 8, 8, 8, 8, 8, 8, 8, 8, 8, 8, 8)",5,0.0383513911,0.2541260124,0.9691,1,0.76,1,0.5038,1,0.1416,1,10000,,,,,,,,,"(1, 1, 1, 1, 1, 1, 1, 1, 1, 1, 1, 1, 1)","[(1, 2), (1, 3), (2, 3), (2, 4), (2, 6), (3, 6), (4, 5), (4, 7), (5, 6), (5, 8), (6, 9), (7, 8), (8, 9)]",9
df_solver_results_new_san.jmp,SAN,34,True,0.1,0.625,2.75,0.55,4,True,True,"(8, 8, 8, 8, 8, 8, 8, 8, 8, 8, 8, 8, 8)",6,0.0961438546,0.2925209634,0.7045,1,0.5952,1,0.4542,1,0.2202,1,10000,,,,,,,,,"(1, 1, 1, 1, 1, 1, 1, 1, 1, 1, 1, 1, 1)","[(1, 2), (1, 3), (2, 3), (2, 4), (2, 6), (3, 6), (4, 5), (4, 7), (5, 6), (5, 8), (6, 9), (7, 8), (8, 9)]",9
df_solver_results_new_san.jmp,SAN,34,True,0.1,0.625,2.75,0.55,4,True,True,"(8, 8, 8, 8, 8, 8, 8, 8, 8, 8, 8, 8, 8)",7,0.0706983715,0.2791992716,.,0,0.76,1,0.5587,1,0.1572,1,10000,,,,,,,,,"(1, 1, 1, 1, 1, 1, 1, 1, 1, 1, 1, 1, 1)","[(1, 2), (1, 3), (2, 3), (2, 4), (2, 6), (3, 6), (4, 5), (4, 7), (5, 6), (5, 8), (6, 9), (7, 8), (8, 9)]",9
df_solver_results_new_san.jmp,SAN,34,True,0.1,0.625,2.75,0.55,4,True,True,"(8, 8, 8, 8, 8, 8, 8, 8, 8, 8, 8, 8, 8)",8,0.0648261477,0.3548650647,.,0,0.7056,1,0.5409,1,0.2676,1,10000,,,,,,,,,"(1, 1, 1, 1, 1, 1, 1, 1, 1, 1, 1, 1, 1)","[(1, 2), (1, 3), (2, 3), (2, 4), (2, 6), (3, 6), (4, 5), (4, 7), (5, 6), (5, 8), (6, 9), (7, 8), (8, 9)]",9
df_solver_results_new_san.jmp,SAN,34,True,0.1,0.625,2.75,0.55,4,True,True,"(8, 8, 8, 8, 8, 8, 8, 8, 8, 8, 8, 8, 8)",9,0.0040527598,0.2436987759,0.8133,1,0.5763,1,0.0792,1,0.0792,1,10000,,,,,,,,,"(1, 1, 1, 1, 1, 1, 1, 1, 1, 1, 1, 1, 1)","[(1, 2), (1, 3), (2, 3), (2, 4), (2, 6), (3, 6), (4, 5), (4, 7), (5, 6), (5, 8), (6, 9), (7, 8), (8, 9)]",9
df_solver_results_new_san.jmp,SAN,35,True,0.35,0.825,1.125,0.3,4,True,True,"(8, 8, 8, 8, 8, 8, 8, 8, 8, 8, 8, 8, 8)",0,0.0678082859,0.1801890322,.,0,0.3762,1,0.2514,1,0.0948,1,10000,,,,,,,,,"(1, 1, 1, 1, 1, 1, 1, 1, 1, 1, 1, 1, 1)","[(1, 2), (1, 3), (2, 3), (2, 4), (2, 6), (3, 6), (4, 5), (4, 7), (5, 6), (5, 8), (6, 9), (7, 8), (8, 9)]",9
df_solver_results_new_san.jmp,SAN,35,True,0.35,0.825,1.125,0.3,4,True,True,"(8, 8, 8, 8, 8, 8, 8, 8, 8, 8, 8, 8, 8)",1,0.0249331679,0.1786094065,0.5408,1,0.4548,1,0.2664,1,0.0948,1,10000,,,,,,,,,"(1, 1, 1, 1, 1, 1, 1, 1, 1, 1, 1, 1, 1)","[(1, 2), (1, 3), (2, 3), (2, 4), (2, 6), (3, 6), (4, 5), (4, 7), (5, 6), (5, 8), (6, 9), (7, 8), (8, 9)]",9
df_solver_results_new_san.jmp,SAN,35,True,0.35,0.825,1.125,0.3,4,True,True,"(8, 8, 8, 8, 8, 8, 8, 8, 8, 8, 8, 8, 8)",2,0.0419868302,0.1587192607,0.408,1,0.2982,1,0.2514,1,0.0948,1,10000,,,,,,,,,"(1, 1, 1, 1, 1, 1, 1, 1, 1, 1, 1, 1, 1)","[(1, 2), (1, 3), (2, 3), (2, 4), (2, 6), (3, 6), (4, 5), (4, 7), (5, 6), (5, 8), (6, 9), (7, 8), (8, 9)]",9
df_solver_results_new_san.jmp,SAN,35,True,0.35,0.825,1.125,0.3,4,True,True,"(8, 8, 8, 8, 8, 8, 8, 8, 8, 8, 8, 8, 8)",3,0.1388151688,0.2233038404,.,0,.,0,0.1884,1,0.0948,1,10000,,,,,,,,,"(1, 1, 1, 1, 1, 1, 1, 1, 1, 1, 1, 1, 1)","[(1, 2), (1, 3), (2, 3), (2, 4), (2, 6), (3, 6), (4, 5), (4, 7), (5, 6), (5, 8), (6, 9), (7, 8), (8, 9)]",9
df_solver_results_new_san.jmp,SAN,35,True,0.35,0.825,1.125,0.3,4,True,True,"(8, 8, 8, 8, 8, 8, 8, 8, 8, 8, 8, 8, 8)",4,0.0426658417,0.1584524934,0.408,1,0.3138,1,0.2514,1,0.0948,1,10000,,,,,,,,,"(1, 1, 1, 1, 1, 1, 1, 1, 1, 1, 1, 1, 1)","[(1, 2), (1, 3), (2, 3), (2, 4), (2, 6), (3, 6), (4, 5), (4, 7), (5, 6), (5, 8), (6, 9), (7, 8), (8, 9)]",9
df_solver_results_new_san.jmp,SAN,35,True,0.35,0.825,1.125,0.3,4,True,True,"(8, 8, 8, 8, 8, 8, 8, 8, 8, 8, 8, 8, 8)",5,0.0092441136,0.1289185745,0.4119,1,0.3027,1,0.1935,1,0.0948,1,10000,,,,,,,,,"(1, 1, 1, 1, 1, 1, 1, 1, 1, 1, 1, 1, 1)","[(1, 2), (1, 3), (2, 3), (2, 4), (2, 6), (3, 6), (4, 5), (4, 7), (5, 6), (5, 8), (6, 9), (7, 8), (8, 9)]",9
df_solver_results_new_san.jmp,SAN,35,True,0.35,0.825,1.125,0.3,4,True,True,"(8, 8, 8, 8, 8, 8, 8, 8, 8, 8, 8, 8, 8)",6,0.0557251455,0.1752765421,.,0,0.3456,1,0.267,1,0.0948,1,10000,,,,,,,,,"(1, 1, 1, 1, 1, 1, 1, 1, 1, 1, 1, 1, 1)","[(1, 2), (1, 3), (2, 3), (2, 4), (2, 6), (3, 6), (4, 5), (4, 7), (5, 6), (5, 8), (6, 9), (7, 8), (8, 9)]",9
df_solver_results_new_san.jmp,SAN,35,True,0.35,0.825,1.125,0.3,4,True,True,"(8, 8, 8, 8, 8, 8, 8, 8, 8, 8, 8, 8, 8)",7,0.0550465772,0.2183328069,.,0,0.522,1,0.3912,1,0.0948,1,10000,,,,,,,,,"(1, 1, 1, 1, 1, 1, 1, 1, 1, 1, 1, 1, 1)","[(1, 2), (1, 3), (2, 3), (2, 4), (2, 6), (3, 6), (4, 5), (4, 7), (5, 6), (5, 8), (6, 9), (7, 8), (8, 9)]",9
df_solver_results_new_san.jmp,SAN,35,True,0.35,0.825,1.125,0.3,4,True,True,"(8, 8, 8, 8, 8, 8, 8, 8, 8, 8, 8, 8, 8)",8,0.4926357825,0.535202018,.,0,.,0,.,0,0.4001,1,10000,,,,,,,,,"(1, 1, 1, 1, 1, 1, 1, 1, 1, 1, 1, 1, 1)","[(1, 2), (1, 3), (2, 3), (2, 4), (2, 6), (3, 6), (4, 5), (4, 7), (5, 6), (5, 8), (6, 9), (7, 8), (8, 9)]",9
df_solver_results_new_san.jmp,SAN,35,True,0.35,0.825,1.125,0.3,4,True,True,"(8, 8, 8, 8, 8, 8, 8, 8, 8, 8, 8, 8, 8)",9,0.268529611,0.33488246,.,0,.,0,.,0,0.0948,1,10000,,,,,,,,,"(1, 1, 1, 1, 1, 1, 1, 1, 1, 1, 1, 1, 1)","[(1, 2), (1, 3), (2, 3), (2, 4), (2, 6), (3, 6), (4, 5), (4, 7), (5, 6), (5, 8), (6, 9), (7, 8), (8, 9)]",9
df_solver_results_new_san.jmp,SAN,36,True,0.325,0.55,1.625,0.9,4,True,True,"(8, 8, 8, 8, 8, 8, 8, 8, 8, 8, 8, 8, 8)",0,0.2160949253,0.284640671,.,0,.,0,0.6858,1,0.0636,1,10000,,,,,,,,,"(1, 1, 1, 1, 1, 1, 1, 1, 1, 1, 1, 1, 1)","[(1, 2), (1, 3), (2, 3), (2, 4), (2, 6), (3, 6), (4, 5), (4, 7), (5, 6), (5, 8), (6, 9), (7, 8), (8, 9)]",9
df_solver_results_new_san.jmp,SAN,36,True,0.325,0.55,1.625,0.9,4,True,True,"(8, 8, 8, 8, 8, 8, 8, 8, 8, 8, 8, 8, 8)",1,0.1551584815,0.3083899467,.,0,.,0,0.7583,1,0.0636,1,10000,,,,,,,,,"(1, 1, 1, 1, 1, 1, 1, 1, 1, 1, 1, 1, 1)","[(1, 2), (1, 3), (2, 3), (2, 4), (2, 6), (3, 6), (4, 5), (4, 7), (5, 6), (5, 8), (6, 9), (7, 8), (8, 9)]",9
df_solver_results_new_san.jmp,SAN,36,True,0.325,0.55,1.625,0.9,4,True,True,"(8, 8, 8, 8, 8, 8, 8, 8, 8, 8, 8, 8, 8)",2,0.1018356437,0.2420611112,.,0,.,0,0.3756,1,0.0636,1,10000,,,,,,,,,"(1, 1, 1, 1, 1, 1, 1, 1, 1, 1, 1, 1, 1)","[(1, 2), (1, 3), (2, 3), (2, 4), (2, 6), (3, 6), (4, 5), (4, 7), (5, 6), (5, 8), (6, 9), (7, 8), (8, 9)]",9
df_solver_results_new_san.jmp,SAN,36,True,0.325,0.55,1.625,0.9,4,True,True,"(8, 8, 8, 8, 8, 8, 8, 8, 8, 8, 8, 8, 8)",3,0.1743780173,0.3455341795,.,0,.,0,0.8675,1,0.0948,1,10000,,,,,,,,,"(1, 1, 1, 1, 1, 1, 1, 1, 1, 1, 1, 1, 1)","[(1, 2), (1, 3), (2, 3), (2, 4), (2, 6), (3, 6), (4, 5), (4, 7), (5, 6), (5, 8), (6, 9), (7, 8), (8, 9)]",9
df_solver_results_new_san.jmp,SAN,36,True,0.325,0.55,1.625,0.9,4,True,True,"(8, 8, 8, 8, 8, 8, 8, 8, 8, 8, 8, 8, 8)",4,0.280127058,0.4745425901,.,0,.,0,.,0,0.0636,1,10000,,,,,,,,,"(1, 1, 1, 1, 1, 1, 1, 1, 1, 1, 1, 1, 1)","[(1, 2), (1, 3), (2, 3), (2, 4), (2, 6), (3, 6), (4, 5), (4, 7), (5, 6), (5, 8), (6, 9), (7, 8), (8, 9)]",9
df_solver_results_new_san.jmp,SAN,36,True,0.325,0.55,1.625,0.9,4,True,True,"(8, 8, 8, 8, 8, 8, 8, 8, 8, 8, 8, 8, 8)",5,0.1119221983,0.246691034,.,0,.,0,0.3444,1,0.0636,1,10000,,,,,,,,,"(1, 1, 1, 1, 1, 1, 1, 1, 1, 1, 1, 1, 1)","[(1, 2), (1, 3), (2, 3), (2, 4), (2, 6), (3, 6), (4, 5), (4, 7), (5, 6), (5, 8), (6, 9), (7, 8), (8, 9)]",9
df_solver_results_new_san.jmp,SAN,36,True,0.325,0.55,1.625,0.9,4,True,True,"(8, 8, 8, 8, 8, 8, 8, 8, 8, 8, 8, 8, 8)",6,0.2379436232,0.2997088737,.,0,.,0,0.6677,1,0.0636,1,10000,,,,,,,,,"(1, 1, 1, 1, 1, 1, 1, 1, 1, 1, 1, 1, 1)","[(1, 2), (1, 3), (2, 3), (2, 4), (2, 6), (3, 6), (4, 5), (4, 7), (5, 6), (5, 8), (6, 9), (7, 8), (8, 9)]",9
df_solver_results_new_san.jmp,SAN,36,True,0.325,0.55,1.625,0.9,4,True,True,"(8, 8, 8, 8, 8, 8, 8, 8, 8, 8, 8, 8, 8)",7,0.4493712381,0.4433670001,.,0,.,0,.,0,0.0636,1,10000,,,,,,,,,"(1, 1, 1, 1, 1, 1, 1, 1, 1, 1, 1, 1, 1)","[(1, 2), (1, 3), (2, 3), (2, 4), (2, 6), (3, 6), (4, 5), (4, 7), (5, 6), (5, 8), (6, 9), (7, 8), (8, 9)]",9
df_solver_results_new_san.jmp,SAN,36,True,0.325,0.55,1.625,0.9,4,True,True,"(8, 8, 8, 8, 8, 8, 8, 8, 8, 8, 8, 8, 8)",8,0.0958429285,0.3128521815,.,0,0.8135,1,0.5946,1,0.1572,1,10000,,,,,,,,,"(1, 1, 1, 1, 1, 1, 1, 1, 1, 1, 1, 1, 1)","[(1, 2), (1, 3), (2, 3), (2, 4), (2, 6), (3, 6), (4, 5), (4, 7), (5, 6), (5, 8), (6, 9), (7, 8), (8, 9)]",9
df_solver_results_new_san.jmp,SAN,36,True,0.325,0.55,1.625,0.9,4,True,True,"(8, 8, 8, 8, 8, 8, 8, 8, 8, 8, 8, 8, 8)",9,0.111219832,0.3104327987,.,0,.,0,0.438,1,0.1884,1,10000,,,,,,,,,"(1, 1, 1, 1, 1, 1, 1, 1, 1, 1, 1, 1, 1)","[(1, 2), (1, 3), (2, 3), (2, 4), (2, 6), (3, 6), (4, 5), (4, 7), (5, 6), (5, 8), (6, 9), (7, 8), (8, 9)]",9
df_solver_results_new_san.jmp,SAN,37,True,0.225,0.5,1.875,0.2,4,True,True,"(8, 8, 8, 8, 8, 8, 8, 8, 8, 8, 8, 8, 8)",0,0.1561923937,0.2381240291,.,0,.,0,0.341,1,0.0792,1,10000,,,,,,,,,"(1, 1, 1, 1, 1, 1, 1, 1, 1, 1, 1, 1, 1)","[(1, 2), (1, 3), (2, 3), (2, 4), (2, 6), (3, 6), (4, 5), (4, 7), (5, 6), (5, 8), (6, 9), (7, 8), (8, 9)]",9
df_solver_results_new_san.jmp,SAN,37,True,0.225,0.5,1.875,0.2,4,True,True,"(8, 8, 8, 8, 8, 8, 8, 8, 8, 8, 8, 8, 8)",1,0.0582743576,0.1727269027,.,0,0.3774,1,0.252,1,0.0798,1,10000,,,,,,,,,"(1, 1, 1, 1, 1, 1, 1, 1, 1, 1, 1, 1, 1)","[(1, 2), (1, 3), (2, 3), (2, 4), (2, 6), (3, 6), (4, 5), (4, 7), (5, 6), (5, 8), (6, 9), (7, 8), (8, 9)]",9
df_solver_results_new_san.jmp,SAN,37,True,0.225,0.5,1.875,0.2,4,True,True,"(8, 8, 8, 8, 8, 8, 8, 8, 8, 8, 8, 8, 8)",2,0.0167815203,0.138471819,0.4242,1,0.3462,1,0.2526,1,0.0792,1,10000,,,,,,,,,"(1, 1, 1, 1, 1, 1, 1, 1, 1, 1, 1, 1, 1)","[(1, 2), (1, 3), (2, 3), (2, 4), (2, 6), (3, 6), (4, 5), (4, 7), (5, 6), (5, 8), (6, 9), (7, 8), (8, 9)]",9
df_solver_results_new_san.jmp,SAN,37,True,0.225,0.5,1.875,0.2,4,True,True,"(8, 8, 8, 8, 8, 8, 8, 8, 8, 8, 8, 8, 8)",3,0.083856102,0.2472394056,.,0,0.9907,1,0.2844,1,0.1428,1,10000,,,,,,,,,"(1, 1, 1, 1, 1, 1, 1, 1, 1, 1, 1, 1, 1)","[(1, 2), (1, 3), (2, 3), (2, 4), (2, 6), (3, 6), (4, 5), (4, 7), (5, 6), (5, 8), (6, 9), (7, 8), (8, 9)]",9
df_solver_results_new_san.jmp,SAN,37,True,0.225,0.5,1.875,0.2,4,True,True,"(8, 8, 8, 8, 8, 8, 8, 8, 8, 8, 8, 8, 8)",4,0.0386650544,0.1608836327,0.637,1,0.393,1,0.252,1,0.0792,1,10000,,,,,,,,,"(1, 1, 1, 1, 1, 1, 1, 1, 1, 1, 1, 1, 1)","[(1, 2), (1, 3), (2, 3), (2, 4), (2, 6), (3, 6), (4, 5), (4, 7), (5, 6), (5, 8), (6, 9), (7, 8), (8, 9)]",9
df_solver_results_new_san.jmp,SAN,37,True,0.225,0.5,1.875,0.2,4,True,True,"(8, 8, 8, 8, 8, 8, 8, 8, 8, 8, 8, 8, 8)",5,0.0402996497,0.2046538389,0.7628,1,0.6212,1,0.4958,1,0.0636,1,10000,,,,,,,,,"(1, 1, 1, 1, 1, 1, 1, 1, 1, 1, 1, 1, 1)","[(1, 2), (1, 3), (2, 3), (2, 4), (2, 6), (3, 6), (4, 5), (4, 7), (5, 6), (5, 8), (6, 9), (7, 8), (8, 9)]",9
df_solver_results_new_san.jmp,SAN,37,True,0.225,0.5,1.875,0.2,4,True,True,"(8, 8, 8, 8, 8, 8, 8, 8, 8, 8, 8, 8, 8)",6,0.1005799013,0.173297671,.,0,.,0,0.1584,1,0.0636,1,10000,,,,,,,,,"(1, 1, 1, 1, 1, 1, 1, 1, 1, 1, 1, 1, 1)","[(1, 2), (1, 3), (2, 3), (2, 4), (2, 6), (3, 6), (4, 5), (4, 7), (5, 6), (5, 8), (6, 9), (7, 8), (8, 9)]",9
df_solver_results_new_san.jmp,SAN,37,True,0.225,0.5,1.875,0.2,4,True,True,"(8, 8, 8, 8, 8, 8, 8, 8, 8, 8, 8, 8, 8)",7,0.0877275261,0.2695092057,.,0,0.8828,1,0.4361,1,0.2165,1,10000,,,,,,,,,"(1, 1, 1, 1, 1, 1, 1, 1, 1, 1, 1, 1, 1)","[(1, 2), (1, 3), (2, 3), (2, 4), (2, 6), (3, 6), (4, 5), (4, 7), (5, 6), (5, 8), (6, 9), (7, 8), (8, 9)]",9
df_solver_results_new_san.jmp,SAN,37,True,0.225,0.5,1.875,0.2,4,True,True,"(8, 8, 8, 8, 8, 8, 8, 8, 8, 8, 8, 8, 8)",8,0.1161073814,0.229857484,.,0,.,0,0.315,1,0.0948,1,10000,,,,,,,,,"(1, 1, 1, 1, 1, 1, 1, 1, 1, 1, 1, 1, 1)","[(1, 2), (1, 3), (2, 3), (2, 4), (2, 6), (3, 6), (4, 5), (4, 7), (5, 6), (5, 8), (6, 9), (7, 8), (8, 9)]",9
df_solver_results_new_san.jmp,SAN,37,True,0.225,0.5,1.875,0.2,4,True,True,"(8, 8, 8, 8, 8, 8, 8, 8, 8, 8, 8, 8, 8)",9,0.0416590594,0.2213312284,0.6391,1,0.4728,1,0.4104,1,0.1272,1,10000,,,,,,,,,"(1, 1, 1, 1, 1, 1, 1, 1, 1, 1, 1, 1, 1)","[(1, 2), (1, 3), (2, 3), (2, 4), (2, 6), (3, 6), (4, 5), (4, 7), (5, 6), (5, 8), (6, 9), (7, 8), (8, 9)]",9
df_solver_results_new_san.jmp,SAN,38,True,0.125,0.8,1.75,0.75,4,True,True,"(8, 8, 8, 8, 8, 8, 8, 8, 8, 8, 8, 8, 8)",0,0.1337476884,0.2739468748,.,0,.,0,0.6858,1,0.0636,1,10000,,,,,,,,,"(1, 1, 1, 1, 1, 1, 1, 1, 1, 1, 1, 1, 1)","[(1, 2), (1, 3), (2, 3), (2, 4), (2, 6), (3, 6), (4, 5), (4, 7), (5, 6), (5, 8), (6, 9), (7, 8), (8, 9)]",9
df_solver_results_new_san.jmp,SAN,38,True,0.125,0.8,1.75,0.75,4,True,True,"(8, 8, 8, 8, 8, 8, 8, 8, 8, 8, 8, 8, 8)",1,0.0495762768,0.2493117522,0.9038,1,0.5942,1,0.4536,1,0.0636,1,10000,,,,,,,,,"(1, 1, 1, 1, 1, 1, 1, 1, 1, 1, 1, 1, 1)","[(1, 2), (1, 3), (2, 3), (2, 4), (2, 6), (3, 6), (4, 5), (4, 7), (5, 6), (5, 8), (6, 9), (7, 8), (8, 9)]",9
df_solver_results_new_san.jmp,SAN,38,True,0.125,0.8,1.75,0.75,4,True,True,"(8, 8, 8, 8, 8, 8, 8, 8, 8, 8, 8, 8, 8)",2,0.0662730985,0.2227614663,.,0,0.5761,1,0.36,1,0.0636,1,10000,,,,,,,,,"(1, 1, 1, 1, 1, 1, 1, 1, 1, 1, 1, 1, 1)","[(1, 2), (1, 3), (2, 3), (2, 4), (2, 6), (3, 6), (4, 5), (4, 7), (5, 6), (5, 8), (6, 9), (7, 8), (8, 9)]",9
df_solver_results_new_san.jmp,SAN,38,True,0.125,0.8,1.75,0.75,4,True,True,"(8, 8, 8, 8, 8, 8, 8, 8, 8, 8, 8, 8, 8)",3,0.038962214,0.2447005017,0.9464,1,0.7589,1,0.4074,1,0.1572,1,10000,,,,,,,,,"(1, 1, 1, 1, 1, 1, 1, 1, 1, 1, 1, 1, 1)","[(1, 2), (1, 3), (2, 3), (2, 4), (2, 6), (3, 6), (4, 5), (4, 7), (5, 6), (5, 8), (6, 9), (7, 8), (8, 9)]",9
df_solver_results_new_san.jmp,SAN,38,True,0.125,0.8,1.75,0.75,4,True,True,"(8, 8, 8, 8, 8, 8, 8, 8, 8, 8, 8, 8, 8)",4,-0.001513782,0.1666738781,0.631,1,0.4692,1,0.3288,1,0.0636,1,10000,,,,,,,,,"(1, 1, 1, 1, 1, 1, 1, 1, 1, 1, 1, 1, 1)","[(1, 2), (1, 3), (2, 3), (2, 4), (2, 6), (3, 6), (4, 5), (4, 7), (5, 6), (5, 8), (6, 9), (7, 8), (8, 9)]",9
df_solver_results_new_san.jmp,SAN,38,True,0.125,0.8,1.75,0.75,4,True,True,"(8, 8, 8, 8, 8, 8, 8, 8, 8, 8, 8, 8, 8)",5,0.0255501349,0.1675781909,0.5762,1,0.4224,1,0.282,1,0.0636,1,10000,,,,,,,,,"(1, 1, 1, 1, 1, 1, 1, 1, 1, 1, 1, 1, 1)","[(1, 2), (1, 3), (2, 3), (2, 4), (2, 6), (3, 6), (4, 5), (4, 7), (5, 6), (5, 8), (6, 9), (7, 8), (8, 9)]",9
df_solver_results_new_san.jmp,SAN,38,True,0.125,0.8,1.75,0.75,4,True,True,"(8, 8, 8, 8, 8, 8, 8, 8, 8, 8, 8, 8, 8)",6,0.0020326761,0.1641815911,0.5945,1,0.4692,1,0.282,1,0.0636,1,10000,,,,,,,,,"(1, 1, 1, 1, 1, 1, 1, 1, 1, 1, 1, 1, 1)","[(1, 2), (1, 3), (2, 3), (2, 4), (2, 6), (3, 6), (4, 5), (4, 7), (5, 6), (5, 8), (6, 9), (7, 8), (8, 9)]",9
df_solver_results_new_san.jmp,SAN,38,True,0.125,0.8,1.75,0.75,4,True,True,"(8, 8, 8, 8, 8, 8, 8, 8, 8, 8, 8, 8, 8)",7,0.1474935548,0.3121919814,.,0,.,0,0.6867,1,0.0636,1,10000,,,,,,,,,"(1, 1, 1, 1, 1, 1, 1, 1, 1, 1, 1, 1, 1)","[(1, 2), (1, 3), (2, 3), (2, 4), (2, 6), (3, 6), (4, 5), (4, 7), (5, 6), (5, 8), (6, 9), (7, 8), (8, 9)]",9
df_solver_results_new_san.jmp,SAN,38,True,0.125,0.8,1.75,0.75,4,True,True,"(8, 8, 8, 8, 8, 8, 8, 8, 8, 8, 8, 8, 8)",8,0.052747215,0.2834254784,.,0,0.8132,1,0.3288,1,0.1728,1,10000,,,,,,,,,"(1, 1, 1, 1, 1, 1, 1, 1, 1, 1, 1, 1, 1)","[(1, 2), (1, 3), (2, 3), (2, 4), (2, 6), (3, 6), (4, 5), (4, 7), (5, 6), (5, 8), (6, 9), (7, 8), (8, 9)]",9
df_solver_results_new_san.jmp,SAN,38,True,0.125,0.8,1.75,0.75,4,True,True,"(8, 8, 8, 8, 8, 8, 8, 8, 8, 8, 8, 8, 8)",9,0.010108611,0.3374575158,0.9057,1,0.8511,1,0.76,1,0.1572,1,10000,,,,,,,,,"(1, 1, 1, 1, 1, 1, 1, 1, 1, 1, 1, 1, 1)","[(1, 2), (1, 3), (2, 3), (2, 4), (2, 6), (3, 6), (4, 5), (4, 7), (5, 6), (5, 8), (6, 9), (7, 8), (8, 9)]",9
df_solver_results_new_san.jmp,SAN,39,True,0.45,0.675,3,0.35,4,True,True,"(8, 8, 8, 8, 8, 8, 8, 8, 8, 8, 8, 8, 8)",0,0.0488987958,0.2341532844,0.8877,1,0.4542,1,0.3606,1,0.0636,1,10000,,,,,,,,,"(1, 1, 1, 1, 1, 1, 1, 1, 1, 1, 1, 1, 1)","[(1, 2), (1, 3), (2, 3), (2, 4), (2, 6), (3, 6), (4, 5), (4, 7), (5, 6), (5, 8), (6, 9), (7, 8), (8, 9)]",9
df_solver_results_new_san.jmp,SAN,39,True,0.45,0.675,3,0.35,4,True,True,"(8, 8, 8, 8, 8, 8, 8, 8, 8, 8, 8, 8, 8)",1,0.0468145884,0.1842694118,0.6684,1,0.423,1,0.3294,1,0.0948,1,10000,,,,,,,,,"(1, 1, 1, 1, 1, 1, 1, 1, 1, 1, 1, 1, 1)","[(1, 2), (1, 3), (2, 3), (2, 4), (2, 6), (3, 6), (4, 5), (4, 7), (5, 6), (5, 8), (6, 9), (7, 8), (8, 9)]",9
df_solver_results_new_san.jmp,SAN,39,True,0.45,0.675,3,0.35,4,True,True,"(8, 8, 8, 8, 8, 8, 8, 8, 8, 8, 8, 8, 8)",2,0.0108974237,0.1606719765,0.686,1,0.4542,1,0.267,1,0.0636,1,10000,,,,,,,,,"(1, 1, 1, 1, 1, 1, 1, 1, 1, 1, 1, 1, 1)","[(1, 2), (1, 3), (2, 3), (2, 4), (2, 6), (3, 6), (4, 5), (4, 7), (5, 6), (5, 8), (6, 9), (7, 8), (8, 9)]",9
df_solver_results_new_san.jmp,SAN,39,True,0.45,0.675,3,0.35,4,True,True,"(8, 8, 8, 8, 8, 8, 8, 8, 8, 8, 8, 8, 8)",3,0.0545422426,0.217304546,.,0,0.3912,1,0.3132,1,0.0948,1,10000,,,,,,,,,"(1, 1, 1, 1, 1, 1, 1, 1, 1, 1, 1, 1, 1)","[(1, 2), (1, 3), (2, 3), (2, 4), (2, 6), (3, 6), (4, 5), (4, 7), (5, 6), (5, 8), (6, 9), (7, 8), (8, 9)]",9
df_solver_results_new_san.jmp,SAN,39,True,0.45,0.675,3,0.35,4,True,True,"(8, 8, 8, 8, 8, 8, 8, 8, 8, 8, 8, 8, 8)",4,0.0035573566,0.2474577043,0.6691,1,0.5962,1,0.4866,1,0.1584,1,10000,,,,,,,,,"(1, 1, 1, 1, 1, 1, 1, 1, 1, 1, 1, 1, 1)","[(1, 2), (1, 3), (2, 3), (2, 4), (2, 6), (3, 6), (4, 5), (4, 7), (5, 6), (5, 8), (6, 9), (7, 8), (8, 9)]",9
df_solver_results_new_san.jmp,SAN,39,True,0.45,0.675,3,0.35,4,True,True,"(8, 8, 8, 8, 8, 8, 8, 8, 8, 8, 8, 8, 8)",5,0.0275800458,0.2071934987,0.7225,1,0.6133,1,0.3606,1,0.1266,1,10000,,,,,,,,,"(1, 1, 1, 1, 1, 1, 1, 1, 1, 1, 1, 1, 1)","[(1, 2), (1, 3), (2, 3), (2, 4), (2, 6), (3, 6), (4, 5), (4, 7), (5, 6), (5, 8), (6, 9), (7, 8), (8, 9)]",9
df_solver_results_new_san.jmp,SAN,39,True,0.45,0.675,3,0.35,4,True,True,"(8, 8, 8, 8, 8, 8, 8, 8, 8, 8, 8, 8, 8)",6,0.0349211033,0.2762200285,0.7953,1,0.6678,1,0.5221,1,0.1578,1,10000,,,,,,,,,"(1, 1, 1, 1, 1, 1, 1, 1, 1, 1, 1, 1, 1)","[(1, 2), (1, 3), (2, 3), (2, 4), (2, 6), (3, 6), (4, 5), (4, 7), (5, 6), (5, 8), (6, 9), (7, 8), (8, 9)]",9
df_solver_results_new_san.jmp,SAN,39,True,0.45,0.675,3,0.35,4,True,True,"(8, 8, 8, 8, 8, 8, 8, 8, 8, 8, 8, 8, 8)",7,0.1157370515,0.355365016,.,0,.,0,0.7045,1,0.1422,1,10000,,,,,,,,,"(1, 1, 1, 1, 1, 1, 1, 1, 1, 1, 1, 1, 1)","[(1, 2), (1, 3), (2, 3), (2, 4), (2, 6), (3, 6), (4, 5), (4, 7), (5, 6), (5, 8), (6, 9), (7, 8), (8, 9)]",9
df_solver_results_new_san.jmp,SAN,39,True,0.45,0.675,3,0.35,4,True,True,"(8, 8, 8, 8, 8, 8, 8, 8, 8, 8, 8, 8, 8)",8,0.0136739438,0.2071739783,0.7974,1,0.6504,1,0.267,1,0.0948,1,10000,,,,,,,,,"(1, 1, 1, 1, 1, 1, 1, 1, 1, 1, 1, 1, 1)","[(1, 2), (1, 3), (2, 3), (2, 4), (2, 6), (3, 6), (4, 5), (4, 7), (5, 6), (5, 8), (6, 9), (7, 8), (8, 9)]",9
df_solver_results_new_san.jmp,SAN,39,True,0.45,0.675,3,0.35,4,True,True,"(8, 8, 8, 8, 8, 8, 8, 8, 8, 8, 8, 8, 8)",9,0.1820201014,0.3171749895,.,0,.,0,0.4548,1,0.174,1,10000,,,,,,,,,"(1, 1, 1, 1, 1, 1, 1, 1, 1, 1, 1, 1, 1)","[(1, 2), (1, 3), (2, 3), (2, 4), (2, 6), (3, 6), (4, 5), (4, 7), (5, 6), (5, 8), (6, 9), (7, 8), (8, 9)]",9
df_solver_results_new_san.jmp,SAN,40,True,0.425,0.75,2.5,0.85,4,True,True,"(8, 8, 8, 8, 8, 8, 8, 8, 8, 8, 8, 8, 8)",0,0.2056637759,0.3842081331,.,0,.,0,.,0,0.1884,1,10000,,,,,,,,,"(1, 1, 1, 1, 1, 1, 1, 1, 1, 1, 1, 1, 1)","[(1, 2), (1, 3), (2, 3), (2, 4), (2, 6), (3, 6), (4, 5), (4, 7), (5, 6), (5, 8), (6, 9), (7, 8), (8, 9)]",9
df_solver_results_new_san.jmp,SAN,40,True,0.425,0.75,2.5,0.85,4,True,True,"(8, 8, 8, 8, 8, 8, 8, 8, 8, 8, 8, 8, 8)",1,0.3029854684,0.4191334095,.,0,.,0,.,0,0.3288,1,10000,,,,,,,,,"(1, 1, 1, 1, 1, 1, 1, 1, 1, 1, 1, 1, 1)","[(1, 2), (1, 3), (2, 3), (2, 4), (2, 6), (3, 6), (4, 5), (4, 7), (5, 6), (5, 8), (6, 9), (7, 8), (8, 9)]",9
df_solver_results_new_san.jmp,SAN,40,True,0.425,0.75,2.5,0.85,4,True,True,"(8, 8, 8, 8, 8, 8, 8, 8, 8, 8, 8, 8, 8)",2,0.333413609,0.4606540061,.,0,.,0,.,0,0.2664,1,10000,,,,,,,,,"(1, 1, 1, 1, 1, 1, 1, 1, 1, 1, 1, 1, 1)","[(1, 2), (1, 3), (2, 3), (2, 4), (2, 6), (3, 6), (4, 5), (4, 7), (5, 6), (5, 8), (6, 9), (7, 8), (8, 9)]",9
df_solver_results_new_san.jmp,SAN,40,True,0.425,0.75,2.5,0.85,4,True,True,"(8, 8, 8, 8, 8, 8, 8, 8, 8, 8, 8, 8, 8)",3,0.2763390983,0.4342872328,.,0,.,0,.,0,0.2976,1,10000,,,,,,,,,"(1, 1, 1, 1, 1, 1, 1, 1, 1, 1, 1, 1, 1)","[(1, 2), (1, 3), (2, 3), (2, 4), (2, 6), (3, 6), (4, 5), (4, 7), (5, 6), (5, 8), (6, 9), (7, 8), (8, 9)]",9
df_solver_results_new_san.jmp,SAN,40,True,0.425,0.75,2.5,0.85,4,True,True,"(8, 8, 8, 8, 8, 8, 8, 8, 8, 8, 8, 8, 8)",4,0.0988004075,0.2147443069,.,0,0.5764,1,0.36,1,0.1104,1,10000,,,,,,,,,"(1, 1, 1, 1, 1, 1, 1, 1, 1, 1, 1, 1, 1)","[(1, 2), (1, 3), (2, 3), (2, 4), (2, 6), (3, 6), (4, 5), (4, 7), (5, 6), (5, 8), (6, 9), (7, 8), (8, 9)]",9
df_solver_results_new_san.jmp,SAN,40,True,0.425,0.75,2.5,0.85,4,True,True,"(8, 8, 8, 8, 8, 8, 8, 8, 8, 8, 8, 8, 8)",5,0.4423649296,0.5166732178,.,0,.,0,.,0,0.1884,1,10000,,,,,,,,,"(1, 1, 1, 1, 1, 1, 1, 1, 1, 1, 1, 1, 1)","[(1, 2), (1, 3), (2, 3), (2, 4), (2, 6), (3, 6), (4, 5), (4, 7), (5, 6), (5, 8), (6, 9), (7, 8), (8, 9)]",9
df_solver_results_new_san.jmp,SAN,40,True,0.425,0.75,2.5,0.85,4,True,True,"(8, 8, 8, 8, 8, 8, 8, 8, 8, 8, 8, 8, 8)",6,0.2041784399,0.4017492339,.,0,.,0,.,0,0.0636,1,10000,,,,,,,,,"(1, 1, 1, 1, 1, 1, 1, 1, 1, 1, 1, 1, 1)","[(1, 2), (1, 3), (2, 3), (2, 4), (2, 6), (3, 6), (4, 5), (4, 7), (5, 6), (5, 8), (6, 9), (7, 8), (8, 9)]",9
df_solver_results_new_san.jmp,SAN,40,True,0.425,0.75,2.5,0.85,4,True,True,"(8, 8, 8, 8, 8, 8, 8, 8, 8, 8, 8, 8, 8)",7,0.48052373,0.5566497534,.,0,.,0,.,0,0.7041,1,10000,,,,,,,,,"(1, 1, 1, 1, 1, 1, 1, 1, 1, 1, 1, 1, 1)","[(1, 2), (1, 3), (2, 3), (2, 4), (2, 6), (3, 6), (4, 5), (4, 7), (5, 6), (5, 8), (6, 9), (7, 8), (8, 9)]",9
df_solver_results_new_san.jmp,SAN,40,True,0.425,0.75,2.5,0.85,4,True,True,"(8, 8, 8, 8, 8, 8, 8, 8, 8, 8, 8, 8, 8)",8,0.4343766931,0.5526008587,.,0,.,0,.,0,0.5398,1,10000,,,,,,,,,"(1, 1, 1, 1, 1, 1, 1, 1, 1, 1, 1, 1, 1)","[(1, 2), (1, 3), (2, 3), (2, 4), (2, 6), (3, 6), (4, 5), (4, 7), (5, 6), (5, 8), (6, 9), (7, 8), (8, 9)]",9
df_solver_results_new_san.jmp,SAN,40,True,0.425,0.75,2.5,0.85,4,True,True,"(8, 8, 8, 8, 8, 8, 8, 8, 8, 8, 8, 8, 8)",9,0.3315527162,0.5241567279,.,0,.,0,.,0,0.5032,1,10000,,,,,,,,,"(1, 1, 1, 1, 1, 1, 1, 1, 1, 1, 1, 1, 1)","[(1, 2), (1, 3), (2, 3), (2, 4), (2, 6), (3, 6), (4, 5), (4, 7), (5, 6), (5, 8), (6, 9), (7, 8), (8, 9)]",9
df_solver_results_new_san.jmp,SAN,41,True,0.4,0.525,1.375,0.6,4,True,True,"(8, 8, 8, 8, 8, 8, 8, 8, 8, 8, 8, 8, 8)",0,0.018662854,0.1944854783,0.4398,1,0.3618,1,0.3306,1,0.0792,1,10000,,,,,,,,,"(1, 1, 1, 1, 1, 1, 1, 1, 1, 1, 1, 1, 1)","[(1, 2), (1, 3), (2, 3), (2, 4), (2, 6), (3, 6), (4, 5), (4, 7), (5, 6), (5, 8), (6, 9), (7, 8), (8, 9)]",9
df_solver_results_new_san.jmp,SAN,41,True,0.4,0.525,1.375,0.6,4,True,True,"(8, 8, 8, 8, 8, 8, 8, 8, 8, 8, 8, 8, 8)",1,0.0286007279,0.1562396552,0.7234,1,0.3138,1,0.189,1,0.0792,1,10000,,,,,,,,,"(1, 1, 1, 1, 1, 1, 1, 1, 1, 1, 1, 1, 1)","[(1, 2), (1, 3), (2, 3), (2, 4), (2, 6), (3, 6), (4, 5), (4, 7), (5, 6), (5, 8), (6, 9), (7, 8), (8, 9)]",9
df_solver_results_new_san.jmp,SAN,41,True,0.4,0.525,1.375,0.6,4,True,True,"(8, 8, 8, 8, 8, 8, 8, 8, 8, 8, 8, 8, 8)",2,0.0003714071,0.1639423516,0.4542,1,0.3606,1,0.2982,1,0.0636,1,10000,,,,,,,,,"(1, 1, 1, 1, 1, 1, 1, 1, 1, 1, 1, 1, 1)","[(1, 2), (1, 3), (2, 3), (2, 4), (2, 6), (3, 6), (4, 5), (4, 7), (5, 6), (5, 8), (6, 9), (7, 8), (8, 9)]",9
df_solver_results_new_san.jmp,SAN,41,True,0.4,0.525,1.375,0.6,4,True,True,"(8, 8, 8, 8, 8, 8, 8, 8, 8, 8, 8, 8, 8)",3,0.0322762986,0.2109657038,0.8493,1,0.5032,1,0.4068,1,0.0792,1,10000,,,,,,,,,"(1, 1, 1, 1, 1, 1, 1, 1, 1, 1, 1, 1, 1)","[(1, 2), (1, 3), (2, 3), (2, 4), (2, 6), (3, 6), (4, 5), (4, 7), (5, 6), (5, 8), (6, 9), (7, 8), (8, 9)]",9
df_solver_results_new_san.jmp,SAN,41,True,0.4,0.525,1.375,0.6,4,True,True,"(8, 8, 8, 8, 8, 8, 8, 8, 8, 8, 8, 8, 8)",4,-0.011266118,0.1292111353,0.36,1,0.3132,1,0.2508,1,0.0792,1,10000,,,,,,,,,"(1, 1, 1, 1, 1, 1, 1, 1, 1, 1, 1, 1, 1)","[(1, 2), (1, 3), (2, 3), (2, 4), (2, 6), (3, 6), (4, 5), (4, 7), (5, 6), (5, 8), (6, 9), (7, 8), (8, 9)]",9
df_solver_results_new_san.jmp,SAN,41,True,0.4,0.525,1.375,0.6,4,True,True,"(8, 8, 8, 8, 8, 8, 8, 8, 8, 8, 8, 8, 8)",5,-0.001047188,0.1342813558,0.4224,1,0.3288,1,0.2196,1,0.0636,1,10000,,,,,,,,,"(1, 1, 1, 1, 1, 1, 1, 1, 1, 1, 1, 1, 1)","[(1, 2), (1, 3), (2, 3), (2, 4), (2, 6), (3, 6), (4, 5), (4, 7), (5, 6), (5, 8), (6, 9), (7, 8), (8, 9)]",9
df_solver_results_new_san.jmp,SAN,41,True,0.4,0.525,1.375,0.6,4,True,True,"(8, 8, 8, 8, 8, 8, 8, 8, 8, 8, 8, 8, 8)",6,0.0221906098,0.1345463033,0.3768,1,0.2832,1,0.174,1,0.0792,1,10000,,,,,,,,,"(1, 1, 1, 1, 1, 1, 1, 1, 1, 1, 1, 1, 1)","[(1, 2), (1, 3), (2, 3), (2, 4), (2, 6), (3, 6), (4, 5), (4, 7), (5, 6), (5, 8), (6, 9), (7, 8), (8, 9)]",9
df_solver_results_new_san.jmp,SAN,41,True,0.4,0.525,1.375,0.6,4,True,True,"(8, 8, 8, 8, 8, 8, 8, 8, 8, 8, 8, 8, 8)",7,0.0680402886,0.2491380234,.,0,0.5597,1,0.4554,1,0.0792,1,10000,,,,,,,,,"(1, 1, 1, 1, 1, 1, 1, 1, 1, 1, 1, 1, 1)","[(1, 2), (1, 3), (2, 3), (2, 4), (2, 6), (3, 6), (4, 5), (4, 7), (5, 6), (5, 8), (6, 9), (7, 8), (8, 9)]",9
df_solver_results_new_san.jmp,SAN,41,True,0.4,0.525,1.375,0.6,4,True,True,"(8, 8, 8, 8, 8, 8, 8, 8, 8, 8, 8, 8, 8)",8,0.021171306,0.1627816137,0.5032,1,0.3288,1,0.2508,1,0.0792,1,10000,,,,,,,,,"(1, 1, 1, 1, 1, 1, 1, 1, 1, 1, 1, 1, 1)","[(1, 2), (1, 3), (2, 3), (2, 4), (2, 6), (3, 6), (4, 5), (4, 7), (5, 6), (5, 8), (6, 9), (7, 8), (8, 9)]",9
df_solver_results_new_san.jmp,SAN,41,True,0.4,0.525,1.375,0.6,4,True,True,"(8, 8, 8, 8, 8, 8, 8, 8, 8, 8, 8, 8, 8)",9,0.0309991387,0.1809157453,0.5227,1,0.486,1,0.3138,1,0.0792,1,10000,,,,,,,,,"(1, 1, 1, 1, 1, 1, 1, 1, 1, 1, 1, 1, 1)","[(1, 2), (1, 3), (2, 3), (2, 4), (2, 6), (3, 6), (4, 5), (4, 7), (5, 6), (5, 8), (6, 9), (7, 8), (8, 9)]",9
df_solver_results_new_san.jmp,SAN,42,True,0.5,0.775,1.25,0.45,4,True,True,"(8, 8, 8, 8, 8, 8, 8, 8, 8, 8, 8, 8, 8)",0,0.0148080241,0.1430299658,0.4554,1,0.33,1,0.2046,1,0.0792,1,10000,,,,,,,,,"(1, 1, 1, 1, 1, 1, 1, 1, 1, 1, 1, 1, 1)","[(1, 2), (1, 3), (2, 3), (2, 4), (2, 6), (3, 6), (4, 5), (4, 7), (5, 6), (5, 8), (6, 9), (7, 8), (8, 9)]",9
df_solver_results_new_san.jmp,SAN,42,True,0.5,0.775,1.25,0.45,4,True,True,"(8, 8, 8, 8, 8, 8, 8, 8, 8, 8, 8, 8, 8)",1,0.0179759235,0.1654969034,0.5221,1,0.3294,1,0.267,1,0.0792,1,10000,,,,,,,,,"(1, 1, 1, 1, 1, 1, 1, 1, 1, 1, 1, 1, 1)","[(1, 2), (1, 3), (2, 3), (2, 4), (2, 6), (3, 6), (4, 5), (4, 7), (5, 6), (5, 8), (6, 9), (7, 8), (8, 9)]",9
df_solver_results_new_san.jmp,SAN,42,True,0.5,0.775,1.25,0.45,4,True,True,"(8, 8, 8, 8, 8, 8, 8, 8, 8, 8, 8, 8, 8)",2,0.0119329569,0.1273185123,0.3762,1,0.2358,1,0.189,1,0.0792,1,10000,,,,,,,,,"(1, 1, 1, 1, 1, 1, 1, 1, 1, 1, 1, 1, 1)","[(1, 2), (1, 3), (2, 3), (2, 4), (2, 6), (3, 6), (4, 5), (4, 7), (5, 6), (5, 8), (6, 9), (7, 8), (8, 9)]",9
df_solver_results_new_san.jmp,SAN,42,True,0.5,0.775,1.25,0.45,4,True,True,"(8, 8, 8, 8, 8, 8, 8, 8, 8, 8, 8, 8, 8)",3,0.0100768193,0.132132798,0.3444,1,0.282,1,0.2196,1,0.0792,1,10000,,,,,,,,,"(1, 1, 1, 1, 1, 1, 1, 1, 1, 1, 1, 1, 1)","[(1, 2), (1, 3), (2, 3), (2, 4), (2, 6), (3, 6), (4, 5), (4, 7), (5, 6), (5, 8), (6, 9), (7, 8), (8, 9)]",9
df_solver_results_new_san.jmp,SAN,42,True,0.5,0.775,1.25,0.45,4,True,True,"(8, 8, 8, 8, 8, 8, 8, 8, 8, 8, 8, 8, 8)",4,-0.013998389,0.1306702381,0.4704,1,0.33,1,0.2202,1,0.0792,1,10000,,,,,,,,,"(1, 1, 1, 1, 1, 1, 1, 1, 1, 1, 1, 1, 1)","[(1, 2), (1, 3), (2, 3), (2, 4), (2, 6), (3, 6), (4, 5), (4, 7), (5, 6), (5, 8), (6, 9), (7, 8), (8, 9)]",9
df_solver_results_new_san.jmp,SAN,42,True,0.5,0.775,1.25,0.45,4,True,True,"(8, 8, 8, 8, 8, 8, 8, 8, 8, 8, 8, 8, 8)",5,-0.010725273,0.0985767153,0.2826,1,0.2358,1,0.1734,1,0.0792,1,10000,,,,,,,,,"(1, 1, 1, 1, 1, 1, 1, 1, 1, 1, 1, 1, 1)","[(1, 2), (1, 3), (2, 3), (2, 4), (2, 6), (3, 6), (4, 5), (4, 7), (5, 6), (5, 8), (6, 9), (7, 8), (8, 9)]",9
df_solver_results_new_san.jmp,SAN,42,True,0.5,0.775,1.25,0.45,4,True,True,"(8, 8, 8, 8, 8, 8, 8, 8, 8, 8, 8, 8, 8)",6,0.0161535825,0.1269869105,0.3132,1,0.2508,1,0.1728,1,0.0792,1,10000,,,,,,,,,"(1, 1, 1, 1, 1, 1, 1, 1, 1, 1, 1, 1, 1)","[(1, 2), (1, 3), (2, 3), (2, 4), (2, 6), (3, 6), (4, 5), (4, 7), (5, 6), (5, 8), (6, 9), (7, 8), (8, 9)]",9
df_solver_results_new_san.jmp,SAN,42,True,0.5,0.775,1.25,0.45,4,True,True,"(8, 8, 8, 8, 8, 8, 8, 8, 8, 8, 8, 8, 8)",7,0.0468814501,0.1621271966,0.4536,1,0.3132,1,0.2352,1,0.0948,1,10000,,,,,,,,,"(1, 1, 1, 1, 1, 1, 1, 1, 1, 1, 1, 1, 1)","[(1, 2), (1, 3), (2, 3), (2, 4), (2, 6), (3, 6), (4, 5), (4, 7), (5, 6), (5, 8), (6, 9), (7, 8), (8, 9)]",9
df_solver_results_new_san.jmp,SAN,42,True,0.5,0.775,1.25,0.45,4,True,True,"(8, 8, 8, 8, 8, 8, 8, 8, 8, 8, 8, 8, 8)",8,0.0097738535,0.156856669,0.4074,1,0.3138,1,0.2358,1,0.0948,1,10000,,,,,,,,,"(1, 1, 1, 1, 1, 1, 1, 1, 1, 1, 1, 1, 1)","[(1, 2), (1, 3), (2, 3), (2, 4), (2, 6), (3, 6), (4, 5), (4, 7), (5, 6), (5, 8), (6, 9), (7, 8), (8, 9)]",9
df_solver_results_new_san.jmp,SAN,42,True,0.5,0.775,1.25,0.45,4,True,True,"(8, 8, 8, 8, 8, 8, 8, 8, 8, 8, 8, 8, 8)",9,0.2621223272,0.3278361368,.,0,.,0,.,0,0.126,1,10000,,,,,,,,,"(1, 1, 1, 1, 1, 1, 1, 1, 1, 1, 1, 1, 1)","[(1, 2), (1, 3), (2, 3), (2, 4), (2, 6), (3, 6), (4, 5), (4, 7), (5, 6), (5, 8), (6, 9), (7, 8), (8, 9)]",9
df_solver_results_new_san.jmp,SAN,43,True,0.25,0.575,2.875,0.7,4,True,True,"(8, 8, 8, 8, 8, 8, 8, 8, 8, 8, 8, 8, 8)",0,0.1170668868,0.3580312741,.,0,.,0,0.6864,1,0.2664,1,10000,,,,,,,,,"(1, 1, 1, 1, 1, 1, 1, 1, 1, 1, 1, 1, 1)","[(1, 2), (1, 3), (2, 3), (2, 4), (2, 6), (3, 6), (4, 5), (4, 7), (5, 6), (5, 8), (6, 9), (7, 8), (8, 9)]",9
df_solver_results_new_san.jmp,SAN,43,True,0.25,0.575,2.875,0.7,4,True,True,"(8, 8, 8, 8, 8, 8, 8, 8, 8, 8, 8, 8, 8)",1,0.1377237579,0.3009883145,.,0,.,0,0.668,1,0.0792,1,10000,,,,,,,,,"(1, 1, 1, 1, 1, 1, 1, 1, 1, 1, 1, 1, 1)","[(1, 2), (1, 3), (2, 3), (2, 4), (2, 6), (3, 6), (4, 5), (4, 7), (5, 6), (5, 8), (6, 9), (7, 8), (8, 9)]",9
df_solver_results_new_san.jmp,SAN,43,True,0.25,0.575,2.875,0.7,4,True,True,"(8, 8, 8, 8, 8, 8, 8, 8, 8, 8, 8, 8, 8)",2,0.0821489598,0.3269890393,.,0,0.8313,1,0.5945,1,0.2508,1,10000,,,,,,,,,"(1, 1, 1, 1, 1, 1, 1, 1, 1, 1, 1, 1, 1)","[(1, 2), (1, 3), (2, 3), (2, 4), (2, 6), (3, 6), (4, 5), (4, 7), (5, 6), (5, 8), (6, 9), (7, 8), (8, 9)]",9
df_solver_results_new_san.jmp,SAN,43,True,0.25,0.575,2.875,0.7,4,True,True,"(8, 8, 8, 8, 8, 8, 8, 8, 8, 8, 8, 8, 8)",3,0.0701572865,0.2871356238,.,0,0.9047,1,0.3288,1,0.2196,1,10000,,,,,,,,,"(1, 1, 1, 1, 1, 1, 1, 1, 1, 1, 1, 1, 1)","[(1, 2), (1, 3), (2, 3), (2, 4), (2, 6), (3, 6), (4, 5), (4, 7), (5, 6), (5, 8), (6, 9), (7, 8), (8, 9)]",9
df_solver_results_new_san.jmp,SAN,43,True,0.25,0.575,2.875,0.7,4,True,True,"(8, 8, 8, 8, 8, 8, 8, 8, 8, 8, 8, 8, 8)",4,0.242757614,0.4668888558,.,0,.,0,.,0,0.2664,1,10000,,,,,,,,,"(1, 1, 1, 1, 1, 1, 1, 1, 1, 1, 1, 1, 1)","[(1, 2), (1, 3), (2, 3), (2, 4), (2, 6), (3, 6), (4, 5), (4, 7), (5, 6), (5, 8), (6, 9), (7, 8), (8, 9)]",9
df_solver_results_new_san.jmp,SAN,43,True,0.25,0.575,2.875,0.7,4,True,True,"(8, 8, 8, 8, 8, 8, 8, 8, 8, 8, 8, 8, 8)",5,0.1468867286,0.3258664392,.,0,.,0,0.7416,1,0.1416,1,10000,,,,,,,,,"(1, 1, 1, 1, 1, 1, 1, 1, 1, 1, 1, 1, 1)","[(1, 2), (1, 3), (2, 3), (2, 4), (2, 6), (3, 6), (4, 5), (4, 7), (5, 6), (5, 8), (6, 9), (7, 8), (8, 9)]",9
df_solver_results_new_san.jmp,SAN,43,True,0.25,0.575,2.875,0.7,4,True,True,"(8, 8, 8, 8, 8, 8, 8, 8, 8, 8, 8, 8, 8)",6,0.1831347795,0.4565502561,.,0,.,0,0.9668,1,0.3756,1,10000,,,,,,,,,"(1, 1, 1, 1, 1, 1, 1, 1, 1, 1, 1, 1, 1)","[(1, 2), (1, 3), (2, 3), (2, 4), (2, 6), (3, 6), (4, 5), (4, 7), (5, 6), (5, 8), (6, 9), (7, 8), (8, 9)]",9
df_solver_results_new_san.jmp,SAN,43,True,0.25,0.575,2.875,0.7,4,True,True,"(8, 8, 8, 8, 8, 8, 8, 8, 8, 8, 8, 8, 8)",7,0.248919558,0.4537201407,.,0,.,0,.,0,0.3138,1,10000,,,,,,,,,"(1, 1, 1, 1, 1, 1, 1, 1, 1, 1, 1, 1, 1)","[(1, 2), (1, 3), (2, 3), (2, 4), (2, 6), (3, 6), (4, 5), (4, 7), (5, 6), (5, 8), (6, 9), (7, 8), (8, 9)]",9
df_solver_results_new_san.jmp,SAN,43,True,0.25,0.575,2.875,0.7,4,True,True,"(8, 8, 8, 8, 8, 8, 8, 8, 8, 8, 8, 8, 8)",8,0.0865685425,0.3688577238,.,0,0.9265,1,0.4392,1,0.2196,1,10000,,,,,,,,,"(1, 1, 1, 1, 1, 1, 1, 1, 1, 1, 1, 1, 1)","[(1, 2), (1, 3), (2, 3), (2, 4), (2, 6), (3, 6), (4, 5), (4, 7), (5, 6), (5, 8), (6, 9), (7, 8), (8, 9)]",9
df_solver_results_new_san.jmp,SAN,43,True,0.25,0.575,2.875,0.7,4,True,True,"(8, 8, 8, 8, 8, 8, 8, 8, 8, 8, 8, 8, 8)",9,0.2435615169,0.4975723936,.,0,.,0,.,0,0.4698,1,10000,,,,,,,,,"(1, 1, 1, 1, 1, 1, 1, 1, 1, 1, 1, 1, 1)","[(1, 2), (1, 3), (2, 3), (2, 4), (2, 6), (3, 6), (4, 5), (4, 7), (5, 6), (5, 8), (6, 9), (7, 8), (8, 9)]",9
df_solver_results_new_san.jmp,SAN,44,True,0.275,0.85,2.375,0.1,4,True,True,"(8, 8, 8, 8, 8, 8, 8, 8, 8, 8, 8, 8, 8)",0,0.1103279463,0.2189784458,.,0,.,0,0.2688,1,0.0954,1,10000,,,,,,,,,"(1, 1, 1, 1, 1, 1, 1, 1, 1, 1, 1, 1, 1)","[(1, 2), (1, 3), (2, 3), (2, 4), (2, 6), (3, 6), (4, 5), (4, 7), (5, 6), (5, 8), (6, 9), (7, 8), (8, 9)]",9
df_solver_results_new_san.jmp,SAN,44,True,0.275,0.85,2.375,0.1,4,True,True,"(8, 8, 8, 8, 8, 8, 8, 8, 8, 8, 8, 8, 8)",1,0.1744328184,0.2583228977,.,0,.,0,0.295,1,0.0798,1,10000,,,,,,,,,"(1, 1, 1, 1, 1, 1, 1, 1, 1, 1, 1, 1, 1)","[(1, 2), (1, 3), (2, 3), (2, 4), (2, 6), (3, 6), (4, 5), (4, 7), (5, 6), (5, 8), (6, 9), (7, 8), (8, 9)]",9
df_solver_results_new_san.jmp,SAN,44,True,0.275,0.85,2.375,0.1,4,True,True,"(8, 8, 8, 8, 8, 8, 8, 8, 8, 8, 8, 8, 8)",2,0.0322169594,0.1912887029,0.943,1,0.4266,1,0.3006,1,0.0954,1,10000,,,,,,,,,"(1, 1, 1, 1, 1, 1, 1, 1, 1, 1, 1, 1, 1)","[(1, 2), (1, 3), (2, 3), (2, 4), (2, 6), (3, 6), (4, 5), (4, 7), (5, 6), (5, 8), (6, 9), (7, 8), (8, 9)]",9
df_solver_results_new_san.jmp,SAN,44,True,0.275,0.85,2.375,0.1,4,True,True,"(8, 8, 8, 8, 8, 8, 8, 8, 8, 8, 8, 8, 8)",3,0.3399779838,0.3936053062,.,0,.,0,.,0,0.0636,1,10000,,,,,,,,,"(1, 1, 1, 1, 1, 1, 1, 1, 1, 1, 1, 1, 1)","[(1, 2), (1, 3), (2, 3), (2, 4), (2, 6), (3, 6), (4, 5), (4, 7), (5, 6), (5, 8), (6, 9), (7, 8), (8, 9)]",9
df_solver_results_new_san.jmp,SAN,44,True,0.275,0.85,2.375,0.1,4,True,True,"(8, 8, 8, 8, 8, 8, 8, 8, 8, 8, 8, 8, 8)",4,0.0545797423,0.1524792652,.,0,0.2844,1,0.2214,1,0.0636,1,10000,,,,,,,,,"(1, 1, 1, 1, 1, 1, 1, 1, 1, 1, 1, 1, 1)","[(1, 2), (1, 3), (2, 3), (2, 4), (2, 6), (3, 6), (4, 5), (4, 7), (5, 6), (5, 8), (6, 9), (7, 8), (8, 9)]",9
df_solver_results_new_san.jmp,SAN,44,True,0.275,0.85,2.375,0.1,4,True,True,"(8, 8, 8, 8, 8, 8, 8, 8, 8, 8, 8, 8, 8)",5,0.0081434409,0.1586805289,0.9122,1,0.3162,1,0.2058,1,0.0954,1,10000,,,,,,,,,"(1, 1, 1, 1, 1, 1, 1, 1, 1, 1, 1, 1, 1)","[(1, 2), (1, 3), (2, 3), (2, 4), (2, 6), (3, 6), (4, 5), (4, 7), (5, 6), (5, 8), (6, 9), (7, 8), (8, 9)]",9
df_solver_results_new_san.jmp,SAN,44,True,0.275,0.85,2.375,0.1,4,True,True,"(8, 8, 8, 8, 8, 8, 8, 8, 8, 8, 8, 8, 8)",6,0.8837887754,0.8935069613,.,0,.,0,.,0,.,0,10000,,,,,,,,,"(1, 1, 1, 1, 1, 1, 1, 1, 1, 1, 1, 1, 1)","[(1, 2), (1, 3), (2, 3), (2, 4), (2, 6), (3, 6), (4, 5), (4, 7), (5, 6), (5, 8), (6, 9), (7, 8), (8, 9)]",9
df_solver_results_new_san.jmp,SAN,44,True,0.275,0.85,2.375,0.1,4,True,True,"(8, 8, 8, 8, 8, 8, 8, 8, 8, 8, 8, 8, 8)",7,0.4259553069,0.4561967346,.,0,.,0,.,0,0.0798,1,10000,,,,,,,,,"(1, 1, 1, 1, 1, 1, 1, 1, 1, 1, 1, 1, 1)","[(1, 2), (1, 3), (2, 3), (2, 4), (2, 6), (3, 6), (4, 5), (4, 7), (5, 6), (5, 8), (6, 9), (7, 8), (8, 9)]",9
df_solver_results_new_san.jmp,SAN,44,True,0.275,0.85,2.375,0.1,4,True,True,"(8, 8, 8, 8, 8, 8, 8, 8, 8, 8, 8, 8, 8)",8,0.1596783976,0.2850573012,.,0,.,0,0.2694,1,0.1434,1,10000,,,,,,,,,"(1, 1, 1, 1, 1, 1, 1, 1, 1, 1, 1, 1, 1)","[(1, 2), (1, 3), (2, 3), (2, 4), (2, 6), (3, 6), (4, 5), (4, 7), (5, 6), (5, 8), (6, 9), (7, 8), (8, 9)]",9
df_solver_results_new_san.jmp,SAN,44,True,0.275,0.85,2.375,0.1,4,True,True,"(8, 8, 8, 8, 8, 8, 8, 8, 8, 8, 8, 8, 8)",9,0.2156697476,0.3266253085,.,0,.,0,.,0,0.1428,1,10000,,,,,,,,,"(1, 1, 1, 1, 1, 1, 1, 1, 1, 1, 1, 1, 1)","[(1, 2), (1, 3), (2, 3), (2, 4), (2, 6), (3, 6), (4, 5), (4, 7), (5, 6), (5, 8), (6, 9), (7, 8), (8, 9)]",9
df_solver_results_new_san.jmp,SAN,45,True,0.375,0.9,2.125,0.8,4,True,True,"(8, 8, 8, 8, 8, 8, 8, 8, 8, 8, 8, 8, 8)",0,0.0892004561,0.2300634883,.,0,0.7768,1,0.3288,1,0.0948,1,10000,,,,,,,,,"(1, 1, 1, 1, 1, 1, 1, 1, 1, 1, 1, 1, 1)","[(1, 2), (1, 3), (2, 3), (2, 4), (2, 6), (3, 6), (4, 5), (4, 7), (5, 6), (5, 8), (6, 9), (7, 8), (8, 9)]",9
df_solver_results_new_san.jmp,SAN,45,True,0.375,0.9,2.125,0.8,4,True,True,"(8, 8, 8, 8, 8, 8, 8, 8, 8, 8, 8, 8, 8)",1,0.1459915385,0.3169259974,.,0,.,0,0.8494,1,0.048,1,10000,,,,,,,,,"(1, 1, 1, 1, 1, 1, 1, 1, 1, 1, 1, 1, 1)","[(1, 2), (1, 3), (2, 3), (2, 4), (2, 6), (3, 6), (4, 5), (4, 7), (5, 6), (5, 8), (6, 9), (7, 8), (8, 9)]",9
df_solver_results_new_san.jmp,SAN,45,True,0.375,0.9,2.125,0.8,4,True,True,"(8, 8, 8, 8, 8, 8, 8, 8, 8, 8, 8, 8, 8)",2,0.1622316456,0.3179802281,.,0,.,0,0.925,1,0.048,1,10000,,,,,,,,,"(1, 1, 1, 1, 1, 1, 1, 1, 1, 1, 1, 1, 1)","[(1, 2), (1, 3), (2, 3), (2, 4), (2, 6), (3, 6), (4, 5), (4, 7), (5, 6), (5, 8), (6, 9), (7, 8), (8, 9)]",9
df_solver_results_new_san.jmp,SAN,45,True,0.375,0.9,2.125,0.8,4,True,True,"(8, 8, 8, 8, 8, 8, 8, 8, 8, 8, 8, 8, 8)",3,0.058246411,0.273372724,.,0,0.7586,1,0.6675,1,0.0636,1,10000,,,,,,,,,"(1, 1, 1, 1, 1, 1, 1, 1, 1, 1, 1, 1, 1)","[(1, 2), (1, 3), (2, 3), (2, 4), (2, 6), (3, 6), (4, 5), (4, 7), (5, 6), (5, 8), (6, 9), (7, 8), (8, 9)]",9
df_solver_results_new_san.jmp,SAN,45,True,0.375,0.9,2.125,0.8,4,True,True,"(8, 8, 8, 8, 8, 8, 8, 8, 8, 8, 8, 8, 8)",4,0.1180814467,0.2944613543,.,0,.,0,0.8319,1,0.0636,1,10000,,,,,,,,,"(1, 1, 1, 1, 1, 1, 1, 1, 1, 1, 1, 1, 1)","[(1, 2), (1, 3), (2, 3), (2, 4), (2, 6), (3, 6), (4, 5), (4, 7), (5, 6), (5, 8), (6, 9), (7, 8), (8, 9)]",9
df_solver_results_new_san.jmp,SAN,45,True,0.375,0.9,2.125,0.8,4,True,True,"(8, 8, 8, 8, 8, 8, 8, 8, 8, 8, 8, 8, 8)",5,0.1097147766,0.2816833591,.,0,0.8315,1,0.6493,1,0.048,1,10000,,,,,,,,,"(1, 1, 1, 1, 1, 1, 1, 1, 1, 1, 1, 1, 1)","[(1, 2), (1, 3), (2, 3), (2, 4), (2, 6), (3, 6), (4, 5), (4, 7), (5, 6), (5, 8), (6, 9), (7, 8), (8, 9)]",9
df_solver_results_new_san.jmp,SAN,45,True,0.375,0.9,2.125,0.8,4,True,True,"(8, 8, 8, 8, 8, 8, 8, 8, 8, 8, 8, 8, 8)",6,0.0721183791,0.2232128756,.,0,0.6865,1,0.4074,1,0.0948,1,10000,,,,,,,,,"(1, 1, 1, 1, 1, 1, 1, 1, 1, 1, 1, 1, 1)","[(1, 2), (1, 3), (2, 3), (2, 4), (2, 6), (3, 6), (4, 5), (4, 7), (5, 6), (5, 8), (6, 9), (7, 8), (8, 9)]",9
df_solver_results_new_san.jmp,SAN,45,True,0.375,0.9,2.125,0.8,4,True,True,"(8, 8, 8, 8, 8, 8, 8, 8, 8, 8, 8, 8, 8)",7,0.3260422231,0.5663044164,.,0,.,0,.,0,0.5397,1,10000,,,,,,,,,"(1, 1, 1, 1, 1, 1, 1, 1, 1, 1, 1, 1, 1)","[(1, 2), (1, 3), (2, 3), (2, 4), (2, 6), (3, 6), (4, 5), (4, 7), (5, 6), (5, 8), (6, 9), (7, 8), (8, 9)]",9
df_solver_results_new_san.jmp,SAN,45,True,0.375,0.9,2.125,0.8,4,True,True,"(8, 8, 8, 8, 8, 8, 8, 8, 8, 8, 8, 8, 8)",8,0.1078385342,0.2944350461,.,0,0.741,1,0.6316,1,0.1728,1,10000,,,,,,,,,"(1, 1, 1, 1, 1, 1, 1, 1, 1, 1, 1, 1, 1)","[(1, 2), (1, 3), (2, 3), (2, 4), (2, 6), (3, 6), (4, 5), (4, 7), (5, 6), (5, 8), (6, 9), (7, 8), (8, 9)]",9
df_solver_results_new_san.jmp,SAN,45,True,0.375,0.9,2.125,0.8,4,True,True,"(8, 8, 8, 8, 8, 8, 8, 8, 8, 8, 8, 8, 8)",9,0.2343899473,0.4963874785,.,0,.,0,.,0,0.126,1,10000,,,,,,,,,"(1, 1, 1, 1, 1, 1, 1, 1, 1, 1, 1, 1, 1)","[(1, 2), (1, 3), (2, 3), (2, 4), (2, 6), (3, 6), (4, 5), (4, 7), (5, 6), (5, 8), (6, 9), (7, 8), (8, 9)]",9
df_solver_results_new_san.jmp,SAN,46,True,0.475,0.6,2.25,0.25,4,True,True,"(8, 8, 8, 8, 8, 8, 8, 8, 8, 8, 8, 8, 8)",0,0.0365766658,0.2827860704,0.8205,1,0.747,1,0.508,1,0.1266,1,10000,,,,,,,,,"(1, 1, 1, 1, 1, 1, 1, 1, 1, 1, 1, 1, 1)","[(1, 2), (1, 3), (2, 3), (2, 4), (2, 6), (3, 6), (4, 5), (4, 7), (5, 6), (5, 8), (6, 9), (7, 8), (8, 9)]",9
df_solver_results_new_san.jmp,SAN,46,True,0.475,0.6,2.25,0.25,4,True,True,"(8, 8, 8, 8, 8, 8, 8, 8, 8, 8, 8, 8, 8)",1,0.0339459646,0.1817444349,0.5968,1,0.4872,1,0.3156,1,0.0792,1,10000,,,,,,,,,"(1, 1, 1, 1, 1, 1, 1, 1, 1, 1, 1, 1, 1)","[(1, 2), (1, 3), (2, 3), (2, 4), (2, 6), (3, 6), (4, 5), (4, 7), (5, 6), (5, 8), (6, 9), (7, 8), (8, 9)]",9
df_solver_results_new_san.jmp,SAN,46,True,0.475,0.6,2.25,0.25,4,True,True,"(8, 8, 8, 8, 8, 8, 8, 8, 8, 8, 8, 8, 8)",2,0.0015317318,0.1635636553,0.4572,1,0.3792,1,0.3012,1,0.0798,1,10000,,,,,,,,,"(1, 1, 1, 1, 1, 1, 1, 1, 1, 1, 1, 1, 1)","[(1, 2), (1, 3), (2, 3), (2, 4), (2, 6), (3, 6), (4, 5), (4, 7), (5, 6), (5, 8), (6, 9), (7, 8), (8, 9)]",9
df_solver_results_new_san.jmp,SAN,46,True,0.475,0.6,2.25,0.25,4,True,True,"(8, 8, 8, 8, 8, 8, 8, 8, 8, 8, 8, 8, 8)",3,0.4670551713,0.5528335386,.,0,.,0,.,0,0.8186,1,10000,,,,,,,,,"(1, 1, 1, 1, 1, 1, 1, 1, 1, 1, 1, 1, 1)","[(1, 2), (1, 3), (2, 3), (2, 4), (2, 6), (3, 6), (4, 5), (4, 7), (5, 6), (5, 8), (6, 9), (7, 8), (8, 9)]",9
df_solver_results_new_san.jmp,SAN,46,True,0.475,0.6,2.25,0.25,4,True,True,"(8, 8, 8, 8, 8, 8, 8, 8, 8, 8, 8, 8, 8)",4,0.0714684884,0.2471734232,.,0,0.6237,1,0.4107,1,0.1587,1,10000,,,,,,,,,"(1, 1, 1, 1, 1, 1, 1, 1, 1, 1, 1, 1, 1)","[(1, 2), (1, 3), (2, 3), (2, 4), (2, 6), (3, 6), (4, 5), (4, 7), (5, 6), (5, 8), (6, 9), (7, 8), (8, 9)]",9
df_solver_results_new_san.jmp,SAN,46,True,0.475,0.6,2.25,0.25,4,True,True,"(8, 8, 8, 8, 8, 8, 8, 8, 8, 8, 8, 8, 8)",5,0.0054594042,0.1210834174,0.3948,1,0.3162,1,0.1746,1,0.048,1,10000,,,,,,,,,"(1, 1, 1, 1, 1, 1, 1, 1, 1, 1, 1, 1, 1)","[(1, 2), (1, 3), (2, 3), (2, 4), (2, 6), (3, 6), (4, 5), (4, 7), (5, 6), (5, 8), (6, 9), (7, 8), (8, 9)]",9
df_solver_results_new_san.jmp,SAN,46,True,0.475,0.6,2.25,0.25,4,True,True,"(8, 8, 8, 8, 8, 8, 8, 8, 8, 8, 8, 8, 8)",6,0.0289147082,0.161112949,0.4884,1,0.378,1,0.2526,1,0.048,1,10000,,,,,,,,,"(1, 1, 1, 1, 1, 1, 1, 1, 1, 1, 1, 1, 1)","[(1, 2), (1, 3), (2, 3), (2, 4), (2, 6), (3, 6), (4, 5), (4, 7), (5, 6), (5, 8), (6, 9), (7, 8), (8, 9)]",9
df_solver_results_new_san.jmp,SAN,46,True,0.475,0.6,2.25,0.25,4,True,True,"(8, 8, 8, 8, 8, 8, 8, 8, 8, 8, 8, 8, 8)",7,0.0695012209,0.2765941914,.,0,0.6005,1,0.5458,1,0.0798,1,10000,,,,,,,,,"(1, 1, 1, 1, 1, 1, 1, 1, 1, 1, 1, 1, 1)","[(1, 2), (1, 3), (2, 3), (2, 4), (2, 6), (3, 6), (4, 5), (4, 7), (5, 6), (5, 8), (6, 9), (7, 8), (8, 9)]",9
df_solver_results_new_san.jmp,SAN,46,True,0.475,0.6,2.25,0.25,4,True,True,"(8, 8, 8, 8, 8, 8, 8, 8, 8, 8, 8, 8, 8)",8,0.3530864008,0.4666514212,.,0,.,0,.,0,0.3156,1,10000,,,,,,,,,"(1, 1, 1, 1, 1, 1, 1, 1, 1, 1, 1, 1, 1)","[(1, 2), (1, 3), (2, 3), (2, 4), (2, 6), (3, 6), (4, 5), (4, 7), (5, 6), (5, 8), (6, 9), (7, 8), (8, 9)]",9
df_solver_results_new_san.jmp,SAN,46,True,0.475,0.6,2.25,0.25,4,True,True,"(8, 8, 8, 8, 8, 8, 8, 8, 8, 8, 8, 8, 8)",9,0.0291439337,0.2131979783,0.6749,1,0.4878,1,0.4098,1,0.111,1,10000,,,,,,,,,"(1, 1, 1, 1, 1, 1, 1, 1, 1, 1, 1, 1, 1)","[(1, 2), (1, 3), (2, 3), (2, 4), (2, 6), (3, 6), (4, 5), (4, 7), (5, 6), (5, 8), (6, 9), (7, 8), (8, 9)]",9
df_solver_results_new_san.jmp,SAN,47,True,0.15,0.725,1,0.65,4,True,True,"(8, 8, 8, 8, 8, 8, 8, 8, 8, 8, 8, 8, 8)",0,0.0815841477,0.210626574,.,0,0.4398,1,0.2838,1,0.111,1,10000,,,,,,,,,"(1, 1, 1, 1, 1, 1, 1, 1, 1, 1, 1, 1, 1)","[(1, 2), (1, 3), (2, 3), (2, 4), (2, 6), (3, 6), (4, 5), (4, 7), (5, 6), (5, 8), (6, 9), (7, 8), (8, 9)]",9
df_solver_results_new_san.jmp,SAN,47,True,0.15,0.725,1,0.65,4,True,True,"(8, 8, 8, 8, 8, 8, 8, 8, 8, 8, 8, 8, 8)",1,0.0409392005,0.2538853774,0.9013,1,0.7123,1,0.4386,1,0.126,1,10000,,,,,,,,,"(1, 1, 1, 1, 1, 1, 1, 1, 1, 1, 1, 1, 1)","[(1, 2), (1, 3), (2, 3), (2, 4), (2, 6), (3, 6), (4, 5), (4, 7), (5, 6), (5, 8), (6, 9), (7, 8), (8, 9)]",9
df_solver_results_new_san.jmp,SAN,47,True,0.15,0.725,1,0.65,4,True,True,"(8, 8, 8, 8, 8, 8, 8, 8, 8, 8, 8, 8, 8)",2,-0.001299918,0.1872121069,0.6793,1,0.5092,1,0.2826,1,0.1104,1,10000,,,,,,,,,"(1, 1, 1, 1, 1, 1, 1, 1, 1, 1, 1, 1, 1)","[(1, 2), (1, 3), (2, 3), (2, 4), (2, 6), (3, 6), (4, 5), (4, 7), (5, 6), (5, 8), (6, 9), (7, 8), (8, 9)]",9
df_solver_results_new_san.jmp,SAN,47,True,0.15,0.725,1,0.65,4,True,True,"(8, 8, 8, 8, 8, 8, 8, 8, 8, 8, 8, 8, 8)",3,0.0160612556,0.1804066542,0.5408,1,0.423,1,0.3138,1,0.1104,1,10000,,,,,,,,,"(1, 1, 1, 1, 1, 1, 1, 1, 1, 1, 1, 1, 1)","[(1, 2), (1, 3), (2, 3), (2, 4), (2, 6), (3, 6), (4, 5), (4, 7), (5, 6), (5, 8), (6, 9), (7, 8), (8, 9)]",9
df_solver_results_new_san.jmp,SAN,47,True,0.15,0.725,1,0.65,4,True,True,"(8, 8, 8, 8, 8, 8, 8, 8, 8, 8, 8, 8, 8)",4,0.1694749393,0.2733817687,.,0,.,0,0.3756,1,0.126,1,10000,,,,,,,,,"(1, 1, 1, 1, 1, 1, 1, 1, 1, 1, 1, 1, 1)","[(1, 2), (1, 3), (2, 3), (2, 4), (2, 6), (3, 6), (4, 5), (4, 7), (5, 6), (5, 8), (6, 9), (7, 8), (8, 9)]",9
df_solver_results_new_san.jmp,SAN,47,True,0.15,0.725,1,0.65,4,True,True,"(8, 8, 8, 8, 8, 8, 8, 8, 8, 8, 8, 8, 8)",5,0.0041894642,0.1441277337,0.3768,1,0.33,1,0.2046,1,0.111,1,10000,,,,,,,,,"(1, 1, 1, 1, 1, 1, 1, 1, 1, 1, 1, 1, 1)","[(1, 2), (1, 3), (2, 3), (2, 4), (2, 6), (3, 6), (4, 5), (4, 7), (5, 6), (5, 8), (6, 9), (7, 8), (8, 9)]",9
df_solver_results_new_san.jmp,SAN,47,True,0.15,0.725,1,0.65,4,True,True,"(8, 8, 8, 8, 8, 8, 8, 8, 8, 8, 8, 8, 8)",6,0.0471903371,0.1846082222,0.6406,1,0.3798,1,0.2544,1,0.1284,1,10000,,,,,,,,,"(1, 1, 1, 1, 1, 1, 1, 1, 1, 1, 1, 1, 1)","[(1, 2), (1, 3), (2, 3), (2, 4), (2, 6), (3, 6), (4, 5), (4, 7), (5, 6), (5, 8), (6, 9), (7, 8), (8, 9)]",9
df_solver_results_new_san.jmp,SAN,47,True,0.15,0.725,1,0.65,4,True,True,"(8, 8, 8, 8, 8, 8, 8, 8, 8, 8, 8, 8, 8)",7,0.0799773304,0.3213431175,.,0,0.8679,1,0.6859,1,0.1266,1,10000,,,,,,,,,"(1, 1, 1, 1, 1, 1, 1, 1, 1, 1, 1, 1, 1)","[(1, 2), (1, 3), (2, 3), (2, 4), (2, 6), (3, 6), (4, 5), (4, 7), (5, 6), (5, 8), (6, 9), (7, 8), (8, 9)]",9
df_solver_results_new_san.jmp,SAN,47,True,0.15,0.725,1,0.65,4,True,True,"(8, 8, 8, 8, 8, 8, 8, 8, 8, 8, 8, 8, 8)",8,0.0126840473,0.2891278333,0.8126,1,0.7216,1,0.5396,1,0.1572,1,10000,,,,,,,,,"(1, 1, 1, 1, 1, 1, 1, 1, 1, 1, 1, 1, 1)","[(1, 2), (1, 3), (2, 3), (2, 4), (2, 6), (3, 6), (4, 5), (4, 7), (5, 6), (5, 8), (6, 9), (7, 8), (8, 9)]",9
df_solver_results_new_san.jmp,SAN,47,True,0.15,0.725,1,0.65,4,True,True,"(8, 8, 8, 8, 8, 8, 8, 8, 8, 8, 8, 8, 8)",9,0.032404631,0.2518472238,0.8152,1,0.6682,1,0.4704,1,0.1422,1,10000,,,,,,,,,"(1, 1, 1, 1, 1, 1, 1, 1, 1, 1, 1, 1, 1)","[(1, 2), (1, 3), (2, 3), (2, 4), (2, 6), (3, 6), (4, 5), (4, 7), (5, 6), (5, 8), (6, 9), (7, 8), (8, 9)]",9
df_solver_results_new_san.jmp,SAN,48,True,0.175,0.65,1.5,0.15,4,True,True,"(8, 8, 8, 8, 8, 8, 8, 8, 8, 8, 8, 8, 8)",0,0.2505951227,0.3014949053,.,0,.,0,.,0,0.0636,1,10000,,,,,,,,,"(1, 1, 1, 1, 1, 1, 1, 1, 1, 1, 1, 1, 1)","[(1, 2), (1, 3), (2, 3), (2, 4), (2, 6), (3, 6), (4, 5), (4, 7), (5, 6), (5, 8), (6, 9), (7, 8), (8, 9)]",9
df_solver_results_new_san.jmp,SAN,48,True,0.175,0.65,1.5,0.15,4,True,True,"(8, 8, 8, 8, 8, 8, 8, 8, 8, 8, 8, 8, 8)",1,0.0871560325,0.2091916667,.,0,0.9621,1,0.1896,1,0.0636,1,10000,,,,,,,,,"(1, 1, 1, 1, 1, 1, 1, 1, 1, 1, 1, 1, 1)","[(1, 2), (1, 3), (2, 3), (2, 4), (2, 6), (3, 6), (4, 5), (4, 7), (5, 6), (5, 8), (6, 9), (7, 8), (8, 9)]",9
df_solver_results_new_san.jmp,SAN,48,True,0.175,0.65,1.5,0.15,4,True,True,"(8, 8, 8, 8, 8, 8, 8, 8, 8, 8, 8, 8, 8)",2,0.0812772501,0.1766989563,.,0,0.3462,1,0.2526,1,0.0636,1,10000,,,,,,,,,"(1, 1, 1, 1, 1, 1, 1, 1, 1, 1, 1, 1, 1)","[(1, 2), (1, 3), (2, 3), (2, 4), (2, 6), (3, 6), (4, 5), (4, 7), (5, 6), (5, 8), (6, 9), (7, 8), (8, 9)]",9
df_solver_results_new_san.jmp,SAN,48,True,0.175,0.65,1.5,0.15,4,True,True,"(8, 8, 8, 8, 8, 8, 8, 8, 8, 8, 8, 8, 8)",3,0.0270881224,0.1518202522,0.3936,1,0.3462,1,0.2364,1,0.0636,1,10000,,,,,,,,,"(1, 1, 1, 1, 1, 1, 1, 1, 1, 1, 1, 1, 1)","[(1, 2), (1, 3), (2, 3), (2, 4), (2, 6), (3, 6), (4, 5), (4, 7), (5, 6), (5, 8), (6, 9), (7, 8), (8, 9)]",9
df_solver_results_new_san.jmp,SAN,48,True,0.175,0.65,1.5,0.15,4,True,True,"(8, 8, 8, 8, 8, 8, 8, 8, 8, 8, 8, 8, 8)",4,0.0313789117,0.1390026868,0.7291,1,0.315,1,0.2052,1,0.0636,1,10000,,,,,,,,,"(1, 1, 1, 1, 1, 1, 1, 1, 1, 1, 1, 1, 1)","[(1, 2), (1, 3), (2, 3), (2, 4), (2, 6), (3, 6), (4, 5), (4, 7), (5, 6), (5, 8), (6, 9), (7, 8), (8, 9)]",9
df_solver_results_new_san.jmp,SAN,48,True,0.175,0.65,1.5,0.15,4,True,True,"(8, 8, 8, 8, 8, 8, 8, 8, 8, 8, 8, 8, 8)",5,0.0366694627,0.1199707998,0.2358,1,0.2202,1,0.1422,1,0.0636,1,10000,,,,,,,,,"(1, 1, 1, 1, 1, 1, 1, 1, 1, 1, 1, 1, 1)","[(1, 2), (1, 3), (2, 3), (2, 4), (2, 6), (3, 6), (4, 5), (4, 7), (5, 6), (5, 8), (6, 9), (7, 8), (8, 9)]",9
df_solver_results_new_san.jmp,SAN,48,True,0.175,0.65,1.5,0.15,4,True,True,"(8, 8, 8, 8, 8, 8, 8, 8, 8, 8, 8, 8, 8)",6,0.1518616775,0.2245564179,.,0,.,0,0.1422,1,0.0636,1,10000,,,,,,,,,"(1, 1, 1, 1, 1, 1, 1, 1, 1, 1, 1, 1, 1)","[(1, 2), (1, 3), (2, 3), (2, 4), (2, 6), (3, 6), (4, 5), (4, 7), (5, 6), (5, 8), (6, 9), (7, 8), (8, 9)]",9
df_solver_results_new_san.jmp,SAN,48,True,0.175,0.65,1.5,0.15,4,True,True,"(8, 8, 8, 8, 8, 8, 8, 8, 8, 8, 8, 8, 8)",7,0.1219152952,0.2213854789,.,0,.,0,0.2982,1,0.0636,1,10000,,,,,,,,,"(1, 1, 1, 1, 1, 1, 1, 1, 1, 1, 1, 1, 1)","[(1, 2), (1, 3), (2, 3), (2, 4), (2, 6), (3, 6), (4, 5), (4, 7), (5, 6), (5, 8), (6, 9), (7, 8), (8, 9)]",9
df_solver_results_new_san.jmp,SAN,48,True,0.175,0.65,1.5,0.15,4,True,True,"(8, 8, 8, 8, 8, 8, 8, 8, 8, 8, 8, 8, 8)",8,0.2644304276,0.3365352652,.,0,.,0,.,0,0.111,1,10000,,,,,,,,,"(1, 1, 1, 1, 1, 1, 1, 1, 1, 1, 1, 1, 1)","[(1, 2), (1, 3), (2, 3), (2, 4), (2, 6), (3, 6), (4, 5), (4, 7), (5, 6), (5, 8), (6, 9), (7, 8), (8, 9)]",9
df_solver_results_new_san.jmp,SAN,48,True,0.175,0.65,1.5,0.15,4,True,True,"(8, 8, 8, 8, 8, 8, 8, 8, 8, 8, 8, 8, 8)",9,0.2523040044,0.4031504444,.,0,.,0,.,0,0.0792,1,10000,,,,,,,,,"(1, 1, 1, 1, 1, 1, 1, 1, 1, 1, 1, 1, 1)","[(1, 2), (1, 3), (2, 3), (2, 4), (2, 6), (3, 6), (4, 5), (4, 7), (5, 6), (5, 8), (6, 9), (7, 8), (8, 9)]",9
